{
"type": "FeatureCollection",
"name": "osm_transit",
"crs": { "type": "name", "properties": { "name": "urn:ogc:def:crs:OGC:1.3:CRS84" } },
"features": [
{ "type": "Feature", "properties": { "name": "Escorts Yelahanka Road", "highway": "bus_stop", "railway": null, "public_transport": "platform" }, "geometry": { "type": "Point", "coordinates": [ 77.5859726, 13.1023262 ] } },
{ "type": "Feature", "properties": { "name": "Papareddy Palya", "highway": "bus_stop", "railway": null, "public_transport": "platform" }, "geometry": { "type": "Point", "coordinates": [ 77.5079205, 12.9723136 ] } },
{ "type": "Feature", "properties": { "name": "Aladamara", "highway": "bus_stop", "railway": null, "public_transport": null }, "geometry": { "type": "Point", "coordinates": [ 77.5094207, 12.9751302 ] } },
{ "type": "Feature", "properties": { "name": "Nagarabhavi BDA Complex", "highway": "bus_stop", "railway": null, "public_transport": null }, "geometry": { "type": "Point", "coordinates": [ 77.5106479, 12.9795534 ] } },
{ "type": "Feature", "properties": { "name": "Papareddypalya", "highway": "bus_stop", "railway": null, "public_transport": "platform" }, "geometry": { "type": "Point", "coordinates": [ 77.5079442, 12.9721349 ] } },
{ "type": "Feature", "properties": { "name": "Aladamara Papareddypalya", "highway": "bus_stop", "railway": null, "public_transport": "platform" }, "geometry": { "type": "Point", "coordinates": [ 77.5096764, 12.9753322 ] } },
{ "type": "Feature", "properties": { "name": "Nagarabhavi 9th Block", "highway": "bus_stop", "railway": null, "public_transport": null }, "geometry": { "type": "Point", "coordinates": [ 77.5091394, 12.9697447 ] } },
{ "type": "Feature", "properties": { "name": "NGEF Layout", "highway": "bus_stop", "railway": null, "public_transport": "platform" }, "geometry": { "type": "Point", "coordinates": [ 77.5098771, 12.9611226 ] } },
{ "type": "Feature", "properties": { "name": "Vinayaka Layout Bus Stop", "highway": "bus_stop", "railway": null, "public_transport": null }, "geometry": { "type": "Point", "coordinates": [ 77.5074459, 12.9607472 ] } },
{ "type": "Feature", "properties": { "name": "Ambedkar College", "highway": "bus_stop", "railway": null, "public_transport": "platform" }, "geometry": { "type": "Point", "coordinates": [ 77.504936, 12.9604446 ] } },
{ "type": "Feature", "properties": { "name": "Mallathalli Cross", "highway": "bus_stop", "railway": null, "public_transport": "platform" }, "geometry": { "type": "Point", "coordinates": [ 77.5030961, 12.9571672 ] } },
{ "type": "Feature", "properties": { "name": "Mariyappanapalya", "highway": "bus_stop", "railway": null, "public_transport": "platform" }, "geometry": { "type": "Point", "coordinates": [ 77.4955665, 12.9452578 ] } },
{ "type": "Feature", "properties": { "name": "Kenchapura Cross", "highway": "bus_stop", "railway": null, "public_transport": "platform" }, "geometry": { "type": "Point", "coordinates": [ 77.4936019, 12.941617 ] } },
{ "type": "Feature", "properties": { "name": "Shirke KHB Quarters", "highway": "bus_stop", "railway": null, "public_transport": "platform" }, "geometry": { "type": "Point", "coordinates": [ 77.4878839, 12.9319209 ] } },
{ "type": "Feature", "properties": { "name": "Kengeri Ganesha Temple", "highway": "bus_stop", "railway": null, "public_transport": "platform" }, "geometry": { "type": "Point", "coordinates": [ 77.4804738, 12.9115964 ] } },
{ "type": "Feature", "properties": { "name": "BMTC Depot-12 Gate", "highway": "bus_stop", "railway": null, "public_transport": "platform" }, "geometry": { "type": "Point", "coordinates": [ 77.4740071, 12.9069409 ] } },
{ "type": "Feature", "properties": { "name": "Swaminarayana Gurukul", "highway": "bus_stop", "railway": null, "public_transport": "platform" }, "geometry": { "type": "Point", "coordinates": [ 77.4371016, 12.8669312 ] } },
{ "type": "Feature", "properties": { "name": "Veeranjaneya Temple", "highway": "bus_stop", "railway": null, "public_transport": null }, "geometry": { "type": "Point", "coordinates": [ 77.412732, 12.8298144 ] } },
{ "type": "Feature", "properties": { "name": "Lakshmisagar Gate", "highway": "bus_stop", "railway": null, "public_transport": null }, "geometry": { "type": "Point", "coordinates": [ 77.4110126, 12.822675 ] } },
{ "type": "Feature", "properties": { "name": "Railway Station", "highway": "bus_stop", "railway": null, "public_transport": "platform" }, "geometry": { "type": "Point", "coordinates": [ 77.3909676, 12.7996321 ] } },
{ "type": "Feature", "properties": { "name": "Bangalore Cantonment", "highway": null, "railway": "station", "public_transport": null }, "geometry": { "type": "Point", "coordinates": [ 77.5980003, 12.9936865 ] } },
{ "type": "Feature", "properties": { "name": "Anepalya", "highway": "bus_stop", "railway": null, "public_transport": null }, "geometry": { "type": "Point", "coordinates": [ 77.6045397, 12.9523885 ] } },
{ "type": "Feature", "properties": { "name": "Utharahalli Circle", "highway": "bus_stop", "railway": null, "public_transport": "platform" }, "geometry": { "type": "Point", "coordinates": [ 77.5418887, 12.9059216 ] } },
{ "type": "Feature", "properties": { "name": "RV College", "highway": "bus_stop", "railway": null, "public_transport": "platform" }, "geometry": { "type": "Point", "coordinates": [ 77.4991719, 12.9253246 ] } },
{ "type": "Feature", "properties": { "name": "Kengeri Police Station", "highway": "bus_stop", "railway": null, "public_transport": "platform" }, "geometry": { "type": "Point", "coordinates": [ 77.4819132, 12.9104413 ] } },
{ "type": "Feature", "properties": { "name": "Banashankari BMTC", "highway": "bus_stop", "railway": null, "public_transport": "platform" }, "geometry": { "type": "Point", "coordinates": [ 77.5735761, 12.9178645 ] } },
{ "type": "Feature", "properties": { "name": "Kohinoor Ground", "highway": "bus_stop", "railway": null, "public_transport": "platform" }, "geometry": { "type": "Point", "coordinates": [ 77.5663055, 12.947308 ] } },
{ "type": "Feature", "properties": { "name": "Naga Talkies", "highway": "bus_stop", "railway": null, "public_transport": null }, "geometry": { "type": "Point", "coordinates": [ 77.6117556, 12.9843505 ] } },
{ "type": "Feature", "properties": { "name": "Cantonment Railway Station", "highway": "bus_stop", "railway": null, "public_transport": "platform" }, "geometry": { "type": "Point", "coordinates": [ 77.5972227, 12.9934767 ] } },
{ "type": "Feature", "properties": { "name": "MCTC Bus Stand", "highway": "bus_stop", "railway": null, "public_transport": "platform" }, "geometry": { "type": "Point", "coordinates": [ 77.5436416, 12.9539007 ] } },
{ "type": "Feature", "properties": { "name": "Magadi Road 1st Cross", "highway": "bus_stop", "railway": null, "public_transport": "platform" }, "geometry": { "type": "Point", "coordinates": [ 77.5635002, 12.9758097 ] } },
{ "type": "Feature", "properties": { "name": "Mysore Bank", "highway": "bus_stop", "railway": null, "public_transport": "platform" }, "geometry": { "type": "Point", "coordinates": [ 77.5821246, 12.9723865 ] } },
{ "type": "Feature", "properties": { "name": "Sajjan Rao Circle", "highway": "bus_stop", "railway": null, "public_transport": "platform" }, "geometry": { "type": "Point", "coordinates": [ 77.5767721, 12.9531166 ] } },
{ "type": "Feature", "properties": { "name": "New Guddadahalli", "highway": "bus_stop", "railway": null, "public_transport": "platform" }, "geometry": { "type": "Point", "coordinates": [ 77.546516, 12.9560697 ] } },
{ "type": "Feature", "properties": { "name": "Thyagaraja Nagar", "highway": "bus_stop", "railway": null, "public_transport": null }, "geometry": { "type": "Point", "coordinates": [ 77.5675801, 12.9320356 ] } },
{ "type": "Feature", "properties": { "name": "Kaveri Nagara", "highway": "bus_stop", "railway": null, "public_transport": "platform" }, "geometry": { "type": "Point", "coordinates": [ 77.569261, 12.9198852 ] } },
{ "type": "Feature", "properties": { "name": "KR Puram Railway Station", "highway": "bus_stop", "railway": null, "public_transport": "platform" }, "geometry": { "type": "Point", "coordinates": [ 77.6762486, 13.0003856 ] } },
{ "type": "Feature", "properties": { "name": "Helicopter Division", "highway": "bus_stop", "railway": null, "public_transport": "platform" }, "geometry": { "type": "Point", "coordinates": [ 77.6759082, 12.9565103 ] } },
{ "type": "Feature", "properties": { "name": "Cosmos", "highway": "bus_stop", "railway": null, "public_transport": "platform" }, "geometry": { "type": "Point", "coordinates": [ 77.7182222, 12.9652276 ] } },
{ "type": "Feature", "properties": { "name": "SAP ITPL", "highway": "bus_stop", "railway": null, "public_transport": "platform" }, "geometry": { "type": "Point", "coordinates": [ 77.7150021, 12.9775585 ] } },
{ "type": "Feature", "properties": { "name": "Peenya 1st stage", "highway": "bus_stop", "railway": null, "public_transport": null }, "geometry": { "type": "Point", "coordinates": [ 77.5269388, 13.0352642 ] } },
{ "type": "Feature", "properties": { "name": "Bengaluru East", "highway": null, "railway": "station", "public_transport": "station" }, "geometry": { "type": "Point", "coordinates": [ 77.6183453, 13.0011462 ] } },
{ "type": "Feature", "properties": { "name": "Prajwal School", "highway": "bus_stop", "railway": null, "public_transport": "platform" }, "geometry": { "type": "Point", "coordinates": [ 77.7564518, 12.9920375 ] } },
{ "type": "Feature", "properties": { "name": "Belandur Road", "highway": null, "railway": "halt", "public_transport": null }, "geometry": { "type": "Point", "coordinates": [ 77.707137, 12.9385595 ] } },
{ "type": "Feature", "properties": { "name": "HAL Market", "highway": "bus_stop", "railway": null, "public_transport": "platform" }, "geometry": { "type": "Point", "coordinates": [ 77.6659653, 12.960813 ] } },
{ "type": "Feature", "properties": { "name": "Trinity Circle", "highway": "bus_stop", "railway": null, "public_transport": "platform" }, "geometry": { "type": "Point", "coordinates": [ 77.6195628, 12.9706175 ] } },
{ "type": "Feature", "properties": { "name": "Telephone Exchange AGO, Vasantha Nagara", "highway": "bus_stop", "railway": null, "public_transport": "platform" }, "geometry": { "type": "Point", "coordinates": [ 77.5871188, 12.9827325 ] } },
{ "type": "Feature", "properties": { "name": "Canara Bank Koramangala", "highway": "bus_stop", "railway": null, "public_transport": "platform" }, "geometry": { "type": "Point", "coordinates": [ 77.6239627, 12.9345847 ] } },
{ "type": "Feature", "properties": { "name": "Tippasandra Market", "highway": "bus_stop", "railway": null, "public_transport": "platform" }, "geometry": { "type": "Point", "coordinates": [ 77.6508281, 12.9725701 ] } },
{ "type": "Feature", "properties": { "name": "Wipro Gate", "highway": "bus_stop", "railway": null, "public_transport": "platform" }, "geometry": { "type": "Point", "coordinates": [ 77.6600262, 12.8410319 ] } },
{ "type": "Feature", "properties": { "name": "Wonderla", "highway": "bus_stop", "railway": null, "public_transport": "platform" }, "geometry": { "type": "Point", "coordinates": [ 77.4026801, 12.8382537 ] } },
{ "type": "Feature", "properties": { "name": "Agara", "highway": "bus_stop", "railway": null, "public_transport": "platform" }, "geometry": { "type": "Point", "coordinates": [ 77.6506375, 12.9244709 ] } },
{ "type": "Feature", "properties": { "name": null, "highway": "bus_stop", "railway": null, "public_transport": null }, "geometry": { "type": "Point", "coordinates": [ 77.6564143, 12.8347115 ] } },
{ "type": "Feature", "properties": { "name": "Bellanduru Gate", "highway": "bus_stop", "railway": null, "public_transport": "platform" }, "geometry": { "type": "Point", "coordinates": [ 77.6695326, 12.9187985 ] } },
{ "type": "Feature", "properties": { "name": "Surabhi Layout", "highway": "bus_stop", "railway": null, "public_transport": "platform" }, "geometry": { "type": "Point", "coordinates": [ 77.5819244, 12.8676135 ] } },
{ "type": "Feature", "properties": { "name": "Jambu Savari Dinne", "highway": "bus_stop", "railway": null, "public_transport": "platform" }, "geometry": { "type": "Point", "coordinates": [ 77.5810417, 12.8656785 ] } },
{ "type": "Feature", "properties": { "name": "Royal Layout", "highway": "bus_stop", "railway": null, "public_transport": "platform" }, "geometry": { "type": "Point", "coordinates": [ 77.5767089, 12.8685299 ] } },
{ "type": "Feature", "properties": { "name": "Sarathi Nagara", "highway": "bus_stop", "railway": null, "public_transport": "platform" }, "geometry": { "type": "Point", "coordinates": [ 77.5732065, 12.8740314 ] } },
{ "type": "Feature", "properties": { "name": "Glass Factory", "highway": "bus_stop", "railway": null, "public_transport": "stop_position" }, "geometry": { "type": "Point", "coordinates": [ 77.5670619, 12.876373 ] } },
{ "type": "Feature", "properties": { "name": "Konanakunte Reliance Fresh", "highway": "bus_stop", "railway": null, "public_transport": "platform" }, "geometry": { "type": "Point", "coordinates": [ 77.5661611, 12.8829627 ] } },
{ "type": "Feature", "properties": { "name": "Konanakunte", "highway": "bus_stop", "railway": null, "public_transport": "platform" }, "geometry": { "type": "Point", "coordinates": [ 77.5668298, 12.8854474 ] } },
{ "type": "Feature", "properties": { "name": "Kothnuru Dinne", "highway": "bus_stop", "railway": null, "public_transport": "platform" }, "geometry": { "type": "Point", "coordinates": [ 77.5840405, 12.8769496 ] } },
{ "type": "Feature", "properties": { "name": "Kempapura Hebbala", "highway": "bus_stop", "railway": null, "public_transport": "platform" }, "geometry": { "type": "Point", "coordinates": [ 77.5925984, 13.0496616 ] } },
{ "type": "Feature", "properties": { "name": "Palanahalli Gate", "highway": "bus_stop", "railway": null, "public_transport": "platform" }, "geometry": { "type": "Point", "coordinates": [ 77.6079633, 13.1170056 ] } },
{ "type": "Feature", "properties": { "name": "RM Guttahalli", "highway": "bus_stop", "railway": null, "public_transport": "platform" }, "geometry": { "type": "Point", "coordinates": [ 77.5839209, 12.9998922 ] } },
{ "type": "Feature", "properties": { "name": "Hasanath College", "highway": "bus_stop", "railway": null, "public_transport": "platform" }, "geometry": { "type": "Point", "coordinates": [ 77.6142554, 12.9793859 ] } },
{ "type": "Feature", "properties": { "name": "Avalahalli", "highway": "bus_stop", "railway": null, "public_transport": null }, "geometry": { "type": "Point", "coordinates": [ 77.7351029, 13.0364082 ] } },
{ "type": "Feature", "properties": { "name": "Tataguni", "highway": "bus_stop", "railway": null, "public_transport": "platform" }, "geometry": { "type": "Point", "coordinates": [ 77.5107392, 12.8432537 ] } },
{ "type": "Feature", "properties": { "name": "KEB Office Kaggalipura", "highway": "bus_stop", "railway": null, "public_transport": "platform" }, "geometry": { "type": "Point", "coordinates": [ 77.4942945, 12.8440238 ] } },
{ "type": "Feature", "properties": { "name": "Agara", "highway": "bus_stop", "railway": null, "public_transport": "platform" }, "geometry": { "type": "Point", "coordinates": [ 77.4870329, 12.8443568 ] } },
{ "type": "Feature", "properties": { "name": "Hosapallya", "highway": "bus_stop", "railway": null, "public_transport": "platform" }, "geometry": { "type": "Point", "coordinates": [ 77.4837859, 12.8422314 ] } },
{ "type": "Feature", "properties": { "name": "Devagere Colony", "highway": "bus_stop", "railway": null, "public_transport": "platform" }, "geometry": { "type": "Point", "coordinates": [ 77.4653322, 12.8568358 ] } },
{ "type": "Feature", "properties": { "name": "Tagachaguppe", "highway": "bus_stop", "railway": null, "public_transport": "platform" }, "geometry": { "type": "Point", "coordinates": [ 77.4551257, 12.8669183 ] } },
{ "type": "Feature", "properties": { "name": "Pinto bore", "highway": "bus_stop", "railway": null, "public_transport": "platform" }, "geometry": { "type": "Point", "coordinates": [ 77.4503707, 12.8709751 ] } },
{ "type": "Feature", "properties": { "name": "Seegehalli Cross", "highway": "bus_stop", "railway": null, "public_transport": "platform" }, "geometry": { "type": "Point", "coordinates": [ 77.4493647, 12.8256583 ] } },
{ "type": "Feature", "properties": { "name": "Seegehalli", "highway": "bus_stop", "railway": null, "public_transport": null }, "geometry": { "type": "Point", "coordinates": [ 77.4525324, 12.81874 ] } },
{ "type": "Feature", "properties": { "name": "Dodda Kuntanahalli", "highway": "bus_stop", "railway": null, "public_transport": null }, "geometry": { "type": "Point", "coordinates": [ 77.4497321, 12.8124032 ] } },
{ "type": "Feature", "properties": { "name": "Eradu kamba", "highway": "bus_stop", "railway": null, "public_transport": "platform" }, "geometry": { "type": "Point", "coordinates": [ 77.4513817, 12.8490257 ] } },
{ "type": "Feature", "properties": { "name": "Bgs College,B.G.S.International School", "highway": "bus_stop", "railway": null, "public_transport": null }, "geometry": { "type": "Point", "coordinates": [ 77.4610162, 12.8481674 ] } },
{ "type": "Feature", "properties": { "name": "Gunjuru Hosahalli", "highway": "bus_stop", "railway": null, "public_transport": "platform" }, "geometry": { "type": "Point", "coordinates": [ 77.7420259, 12.9201794 ] } },
{ "type": "Feature", "properties": { "name": "Kathruguppe", "highway": "bus_stop", "railway": null, "public_transport": null }, "geometry": { "type": "Point", "coordinates": [ 77.765801, 12.9152227 ] } },
{ "type": "Feature", "properties": { "name": "Gonigattapura Cross", "highway": "bus_stop", "railway": null, "public_transport": null }, "geometry": { "type": "Point", "coordinates": [ 77.7859522, 12.9096942 ] } },
{ "type": "Feature", "properties": { "name": "Gerupalya", "highway": "bus_stop", "railway": null, "public_transport": "platform" }, "geometry": { "type": "Point", "coordinates": [ 77.4438567, 12.8879964 ] } },
{ "type": "Feature", "properties": { "name": "Subbarayappana Palya Cross", "highway": "bus_stop", "railway": null, "public_transport": "platform" }, "geometry": { "type": "Point", "coordinates": [ 77.4375481, 12.8895024 ] } },
{ "type": "Feature", "properties": { "name": "Bheemanakuppe Cross", "highway": "bus_stop", "railway": null, "public_transport": "platform" }, "geometry": { "type": "Point", "coordinates": [ 77.4365954, 12.894924 ] } },
{ "type": "Feature", "properties": { "name": "MGM School", "highway": "bus_stop", "railway": null, "public_transport": "platform" }, "geometry": { "type": "Point", "coordinates": [ 77.4329218, 12.8972165 ] } },
{ "type": "Feature", "properties": { "name": "Ashrama Ramohalli", "highway": "bus_stop", "railway": null, "public_transport": "platform" }, "geometry": { "type": "Point", "coordinates": [ 77.4285585, 12.9064712 ] } },
{ "type": "Feature", "properties": { "name": "Lingarajapuram", "highway": "bus_stop", "railway": null, "public_transport": "platform" }, "geometry": { "type": "Point", "coordinates": [ 77.6256288, 13.0122527 ] } },
{ "type": "Feature", "properties": { "name": "Clarence School", "highway": "bus_stop", "railway": null, "public_transport": "platform" }, "geometry": { "type": "Point", "coordinates": [ 77.6166917, 13.0022377 ] } },
{ "type": "Feature", "properties": { "name": "Hosmat Hospital", "highway": "bus_stop", "railway": null, "public_transport": "platform" }, "geometry": { "type": "Point", "coordinates": [ 77.6118531, 12.9698902 ] } },
{ "type": "Feature", "properties": { "name": "Helicopter Division", "highway": "bus_stop", "railway": null, "public_transport": "platform" }, "geometry": { "type": "Point", "coordinates": [ 77.6747733, 12.9568779 ] } },
{ "type": "Feature", "properties": { "name": "John Fowler", "highway": "bus_stop", "railway": null, "public_transport": "platform" }, "geometry": { "type": "Point", "coordinates": [ 77.6299274, 12.9240905 ] } },
{ "type": "Feature", "properties": { "name": "1st Block Koramangala", "highway": "bus_stop", "railway": null, "public_transport": "platform" }, "geometry": { "type": "Point", "coordinates": [ 77.6342492, 12.9248167 ] } },
{ "type": "Feature", "properties": { "name": "Sompura Gate", "highway": "bus_stop", "railway": null, "public_transport": "platform" }, "geometry": { "type": "Point", "coordinates": [ 77.77196, 12.8622209 ] } },
{ "type": "Feature", "properties": { "name": "Tavarekere Aladamara", "highway": "bus_stop", "railway": null, "public_transport": "platform" }, "geometry": { "type": "Point", "coordinates": [ 77.6105348, 12.9222089 ] } },
{ "type": "Feature", "properties": { "name": "KK School, Varthur", "highway": "bus_stop", "railway": null, "public_transport": "platform" }, "geometry": { "type": "Point", "coordinates": [ 77.7428116, 12.932928 ] } },
{ "type": "Feature", "properties": { "name": "Varthuru", "highway": "bus_stop", "railway": null, "public_transport": "platform" }, "geometry": { "type": "Point", "coordinates": [ 77.7470469, 12.9421116 ] } },
{ "type": "Feature", "properties": { "name": "Belathuru", "highway": "bus_stop", "railway": null, "public_transport": "platform" }, "geometry": { "type": "Point", "coordinates": [ 77.7568868, 13.0044388 ] } },
{ "type": "Feature", "properties": { "name": "Sai Lakshmi Factory", "highway": "bus_stop", "railway": null, "public_transport": "platform" }, "geometry": { "type": "Point", "coordinates": [ 77.761543, 13.0247842 ] } },
{ "type": "Feature", "properties": { "name": "Kattumnallur Gate", "highway": "bus_stop", "railway": null, "public_transport": "platform" }, "geometry": { "type": "Point", "coordinates": [ 77.7620152, 13.0533535 ] } },
{ "type": "Feature", "properties": { "name": "Hejjala", "highway": null, "railway": "station", "public_transport": "station" }, "geometry": { "type": "Point", "coordinates": [ 77.4183276, 12.8484112 ] } },
{ "type": "Feature", "properties": { "name": "Kengeri", "highway": null, "railway": "station", "public_transport": "station" }, "geometry": { "type": "Point", "coordinates": [ 77.4837568, 12.9176571 ] } },
{ "type": "Feature", "properties": { "name": "Nayandahalli", "highway": null, "railway": "station", "public_transport": "station" }, "geometry": { "type": "Point", "coordinates": [ 77.5212118, 12.9413253 ] } },
{ "type": "Feature", "properties": { "name": "Chandra Layout", "highway": "bus_stop", "railway": null, "public_transport": "platform" }, "geometry": { "type": "Point", "coordinates": [ 77.5269422, 12.9581731 ] } },
{ "type": "Feature", "properties": { "name": "Jyothi Nagara", "highway": "bus_stop", "railway": null, "public_transport": "platform" }, "geometry": { "type": "Point", "coordinates": [ 77.5217937, 12.9593821 ] } },
{ "type": "Feature", "properties": { "name": "Gandhi Bhavan", "highway": "bus_stop", "railway": null, "public_transport": null }, "geometry": { "type": "Point", "coordinates": [ 77.5110793, 12.9488494 ] } },
{ "type": "Feature", "properties": { "name": "Press Layout Ullal Road", "highway": "bus_stop", "railway": null, "public_transport": "platform" }, "geometry": { "type": "Point", "coordinates": [ 77.4923596, 12.9514665 ] } },
{ "type": "Feature", "properties": { "name": "Vidyanikethan Public School", "highway": "bus_stop", "railway": null, "public_transport": "platform" }, "geometry": { "type": "Point", "coordinates": [ 77.4867329, 12.9507573 ] } },
{ "type": "Feature", "properties": { "name": "Manganahalli Cross", "highway": "bus_stop", "railway": null, "public_transport": "platform" }, "geometry": { "type": "Point", "coordinates": [ 77.4841408, 12.9526755 ] } },
{ "type": "Feature", "properties": { "name": "Nagarabhavi Village", "highway": "bus_stop", "railway": null, "public_transport": "platform" }, "geometry": { "type": "Point", "coordinates": [ 77.5167128, 12.9593813 ] } },
{ "type": "Feature", "properties": { "name": "Beedi Karmikara Colony Gate", "highway": "bus_stop", "railway": null, "public_transport": "platform" }, "geometry": { "type": "Point", "coordinates": [ 77.4746339, 12.9223672 ] } },
{ "type": "Feature", "properties": { "name": "Kengeri Club", "highway": "bus_stop", "railway": null, "public_transport": "platform" }, "geometry": { "type": "Point", "coordinates": [ 77.4728741, 12.9234006 ] } },
{ "type": "Feature", "properties": { "name": "Kommaghatta", "highway": "bus_stop", "railway": null, "public_transport": "platform" }, "geometry": { "type": "Point", "coordinates": [ 77.4653413, 12.9296969 ] } },
{ "type": "Feature", "properties": { "name": "Ramasandra Cross", "highway": "bus_stop", "railway": null, "public_transport": "platform" }, "geometry": { "type": "Point", "coordinates": [ 77.4615695, 12.9325343 ] } },
{ "type": "Feature", "properties": { "name": "Banglow Sulikere", "highway": "bus_stop", "railway": null, "public_transport": "platform" }, "geometry": { "type": "Point", "coordinates": [ 77.4520974, 12.9328402 ] } },
{ "type": "Feature", "properties": { "name": "Nursery Maragondanahalli", "highway": "bus_stop", "railway": null, "public_transport": "platform" }, "geometry": { "type": "Point", "coordinates": [ 77.4383344, 12.9361406 ] } },
{ "type": "Feature", "properties": { "name": "Chikkammanapalya", "highway": "bus_stop", "railway": null, "public_transport": "platform" }, "geometry": { "type": "Point", "coordinates": [ 77.4227937, 12.9506068 ] } },
{ "type": "Feature", "properties": { "name": "Yalachaguppe", "highway": "bus_stop", "railway": null, "public_transport": "platform" }, "geometry": { "type": "Point", "coordinates": [ 77.4210094, 12.9593287 ] } },
{ "type": "Feature", "properties": { "name": "Manjunath Nagara", "highway": "bus_stop", "railway": null, "public_transport": "platform" }, "geometry": { "type": "Point", "coordinates": [ 77.4040765, 12.9642757 ] } },
{ "type": "Feature", "properties": { "name": "Machohalli Cross", "highway": "bus_stop", "railway": null, "public_transport": null }, "geometry": { "type": "Point", "coordinates": [ 77.4543067, 12.9908634 ] } },
{ "type": "Feature", "properties": { "name": "Byadarahalli", "highway": "bus_stop", "railway": null, "public_transport": null }, "geometry": { "type": "Point", "coordinates": [ 77.4826274, 12.9850752 ] } },
{ "type": "Feature", "properties": { "name": "Kottigepalya", "highway": "bus_stop", "railway": null, "public_transport": "stop_position" }, "geometry": { "type": "Point", "coordinates": [ 77.5145347, 12.987854 ] } },
{ "type": "Feature", "properties": { "name": "Kamakshipalya", "highway": "bus_stop", "railway": null, "public_transport": null }, "geometry": { "type": "Point", "coordinates": [ 77.5292847, 12.9838135 ] } },
{ "type": "Feature", "properties": { "name": "Devasthana", "highway": "bus_stop", "railway": null, "public_transport": null }, "geometry": { "type": "Point", "coordinates": [ 77.5294589, 13.0208584 ] } },
{ "type": "Feature", "properties": { "name": "Rajagopalanagara Police Station", "highway": "bus_stop", "railway": null, "public_transport": "platform" }, "geometry": { "type": "Point", "coordinates": [ 77.5216866, 13.02371 ] } },
{ "type": "Feature", "properties": { "name": "Jalahalli West", "highway": "bus_stop", "railway": null, "public_transport": null }, "geometry": { "type": "Point", "coordinates": [ 77.5306036, 13.0533332 ] } },
{ "type": "Feature", "properties": { "name": "Fathima Church", "highway": "bus_stop", "railway": null, "public_transport": null }, "geometry": { "type": "Point", "coordinates": [ 77.5400092, 13.0544834 ] } },
{ "type": "Feature", "properties": { "name": "Chikka Banavara", "highway": null, "railway": "station", "public_transport": "station" }, "geometry": { "type": "Point", "coordinates": [ 77.5056373, 13.0746787 ] } },
{ "type": "Feature", "properties": { "name": "ASC Supply Point", "highway": "bus_stop", "railway": null, "public_transport": "platform" }, "geometry": { "type": "Point", "coordinates": [ 77.5457455, 13.0412807 ] } },
{ "type": "Feature", "properties": { "name": "Devi Nagara", "highway": "bus_stop", "railway": null, "public_transport": "platform" }, "geometry": { "type": "Point", "coordinates": [ 77.5690797, 13.0468096 ] } },
{ "type": "Feature", "properties": { "name": "Sarala Birla Academy", "highway": "bus_stop", "railway": null, "public_transport": "platform" }, "geometry": { "type": "Point", "coordinates": [ 77.584486, 12.8115345 ] } },
{ "type": "Feature", "properties": { "name": "Nisarga Gate", "highway": "bus_stop", "railway": null, "public_transport": "platform" }, "geometry": { "type": "Point", "coordinates": [ 77.6200681, 12.7946749 ] } },
{ "type": "Feature", "properties": { "name": "Mantapa Cross", "highway": "bus_stop", "railway": null, "public_transport": "platform" }, "geometry": { "type": "Point", "coordinates": [ 77.5964761, 12.8024845 ] } },
{ "type": "Feature", "properties": { "name": "Vokkaligara School", "highway": "bus_stop", "railway": null, "public_transport": "platform" }, "geometry": { "type": "Point", "coordinates": [ 77.5116928, 12.9859865 ] } },
{ "type": "Feature", "properties": { "name": "Vokkaligara School", "highway": "bus_stop", "railway": null, "public_transport": null }, "geometry": { "type": "Point", "coordinates": [ 77.5111646, 12.9854461 ] } },
{ "type": "Feature", "properties": { "name": "Kanshiram Nagar", "highway": "bus_stop", "railway": null, "public_transport": null }, "geometry": { "type": "Point", "coordinates": [ 77.5390081, 13.0906208 ] } },
{ "type": "Feature", "properties": { "name": "Shivakote", "highway": "bus_stop", "railway": null, "public_transport": null }, "geometry": { "type": "Point", "coordinates": [ 77.5147156, 13.133825 ] } },
{ "type": "Feature", "properties": { "name": "BWSSB Tavarekere", "highway": "bus_stop", "railway": null, "public_transport": "platform" }, "geometry": { "type": "Point", "coordinates": [ 77.3993721, 12.9701482 ] } },
{ "type": "Feature", "properties": { "name": "Yale Kodigehalli", "highway": "bus_stop", "railway": null, "public_transport": "platform" }, "geometry": { "type": "Point", "coordinates": [ 77.4652831, 12.9772628 ] } },
{ "type": "Feature", "properties": { "name": "Bharath Nagara 1st Phase", "highway": "bus_stop", "railway": null, "public_transport": null }, "geometry": { "type": "Point", "coordinates": [ 77.4801057, 12.9823464 ] } },
{ "type": "Feature", "properties": { "name": "Sampigehalli", "highway": "bus_stop", "railway": null, "public_transport": null }, "geometry": { "type": "Point", "coordinates": [ 77.6178913, 13.0818733 ] } },
{ "type": "Feature", "properties": { "name": "Kogilu", "highway": "bus_stop", "railway": null, "public_transport": null }, "geometry": { "type": "Point", "coordinates": [ 77.6170849, 13.104198 ] } },
{ "type": "Feature", "properties": { "name": "Srinivasapura Cross", "highway": "bus_stop", "railway": null, "public_transport": "platform" }, "geometry": { "type": "Point", "coordinates": [ 77.6228795, 13.1035997 ] } },
{ "type": "Feature", "properties": { "name": "Ittige Factory", "highway": "bus_stop", "railway": null, "public_transport": "platform" }, "geometry": { "type": "Point", "coordinates": [ 77.628912, 13.1025966 ] } },
{ "type": "Feature", "properties": { "name": "Bellahalli Cross", "highway": "bus_stop", "railway": null, "public_transport": null }, "geometry": { "type": "Point", "coordinates": [ 77.6364044, 13.1013059 ] } },
{ "type": "Feature", "properties": { "name": "Bella Halli", "highway": "bus_stop", "railway": null, "public_transport": null }, "geometry": { "type": "Point", "coordinates": [ 77.6417679, 13.0992922 ] } },
{ "type": "Feature", "properties": { "name": "Mylanahalli", "highway": "bus_stop", "railway": null, "public_transport": "platform" }, "geometry": { "type": "Point", "coordinates": [ 77.69578, 13.1840143 ] } },
{ "type": "Feature", "properties": { "name": "Bande Kodigehalli", "highway": "bus_stop", "railway": null, "public_transport": "platform" }, "geometry": { "type": "Point", "coordinates": [ 77.6907484, 13.1721752 ] } },
{ "type": "Feature", "properties": { "name": "Navodaya School Bagalur", "highway": "bus_stop", "railway": null, "public_transport": "platform" }, "geometry": { "type": "Point", "coordinates": [ 77.6747949, 13.1490326 ] } },
{ "type": "Feature", "properties": { "name": "Bagalur Colony", "highway": "bus_stop", "railway": null, "public_transport": "platform" }, "geometry": { "type": "Point", "coordinates": [ 77.6714353, 13.1420265 ] } },
{ "type": "Feature", "properties": { "name": "Singahalli", "highway": "bus_stop", "railway": null, "public_transport": "platform" }, "geometry": { "type": "Point", "coordinates": [ 77.7240322, 13.1617744 ] } },
{ "type": "Feature", "properties": { "name": "Mandooru", "highway": "bus_stop", "railway": null, "public_transport": null }, "geometry": { "type": "Point", "coordinates": [ 77.7384202, 13.0822133 ] } },
{ "type": "Feature", "properties": { "name": "Sheshadripuram College", "highway": "bus_stop", "railway": null, "public_transport": "platform" }, "geometry": { "type": "Point", "coordinates": [ 77.5882426, 13.0994756 ] } },
{ "type": "Feature", "properties": { "name": "Yelahanka", "highway": "bus_stop", "railway": null, "public_transport": "platform" }, "geometry": { "type": "Point", "coordinates": [ 77.5979706, 13.1000357 ] } },
{ "type": "Feature", "properties": { "name": "GKVK Library", "highway": "bus_stop", "railway": null, "public_transport": "platform" }, "geometry": { "type": "Point", "coordinates": [ 77.5794716, 13.0782136 ] } },
{ "type": "Feature", "properties": { "name": "Nanjappa Circle", "highway": "bus_stop", "railway": null, "public_transport": "platform" }, "geometry": { "type": "Point", "coordinates": [ 77.5600191, 13.0685251 ] } },
{ "type": "Feature", "properties": { "name": "Chamundeshwari Layout", "highway": "bus_stop", "railway": null, "public_transport": "platform" }, "geometry": { "type": "Point", "coordinates": [ 77.5596849, 13.0647746 ] } },
{ "type": "Feature", "properties": { "name": "Diwanarapalya", "highway": "bus_stop", "railway": null, "public_transport": "platform" }, "geometry": { "type": "Point", "coordinates": [ 77.5619055, 13.0262678 ] } },
{ "type": "Feature", "properties": { "name": "ISKCON Temple", "highway": "bus_stop", "railway": null, "public_transport": "platform" }, "geometry": { "type": "Point", "coordinates": [ 77.5516458, 13.0116837 ] } },
{ "type": "Feature", "properties": { "name": "Mahalakshmi Layout Entarence", "highway": "bus_stop", "railway": null, "public_transport": "platform" }, "geometry": { "type": "Point", "coordinates": [ 77.5486115, 13.0074112 ] } },
{ "type": "Feature", "properties": { "name": "Periyar Nagara Circle", "highway": "bus_stop", "railway": null, "public_transport": "platform" }, "geometry": { "type": "Point", "coordinates": [ 77.6134348, 13.0087731 ] } },
{ "type": "Feature", "properties": { "name": "Muslim Colony", "highway": "bus_stop", "railway": null, "public_transport": "platform" }, "geometry": { "type": "Point", "coordinates": [ 77.6151919, 13.0106546 ] } },
{ "type": "Feature", "properties": { "name": "Venkateshapura", "highway": "bus_stop", "railway": null, "public_transport": "platform" }, "geometry": { "type": "Point", "coordinates": [ 77.6175909, 13.0157181 ] } },
{ "type": "Feature", "properties": { "name": "Arabic College", "highway": "bus_stop", "railway": null, "public_transport": "platform" }, "geometry": { "type": "Point", "coordinates": [ 77.6208765, 13.0300103 ] } },
{ "type": "Feature", "properties": { "name": "Glass Factory", "highway": "bus_stop", "railway": null, "public_transport": "platform" }, "geometry": { "type": "Point", "coordinates": [ 77.622515, 13.0339172 ] } },
{ "type": "Feature", "properties": { "name": "Nagavara", "highway": "bus_stop", "railway": null, "public_transport": "platform" }, "geometry": { "type": "Point", "coordinates": [ 77.6233891, 13.0379362 ] } },
{ "type": "Feature", "properties": { "name": "Attibele", "highway": "bus_stop", "railway": null, "public_transport": null }, "geometry": { "type": "Point", "coordinates": [ 77.7939056, 13.1693422 ] } },
{ "type": "Feature", "properties": { "name": "Hasigala", "highway": "bus_stop", "railway": null, "public_transport": "platform" }, "geometry": { "type": "Point", "coordinates": [ 77.7749366, 13.1352945 ] } },
{ "type": "Feature", "properties": { "name": "Gollarapalya", "highway": "bus_stop", "railway": null, "public_transport": "platform" }, "geometry": { "type": "Point", "coordinates": [ 77.425314, 12.8015038 ] } },
{ "type": "Feature", "properties": { "name": "Varthuru", "highway": "bus_stop", "railway": null, "public_transport": "platform" }, "geometry": { "type": "Point", "coordinates": [ 77.4022048, 12.9854464 ] } },
{ "type": "Feature", "properties": { "name": "Karikalpalya Cross", "highway": "bus_stop", "railway": null, "public_transport": "platform" }, "geometry": { "type": "Point", "coordinates": [ 77.4021128, 13.070082 ] } },
{ "type": "Feature", "properties": { "name": "Hullegowdanahalli", "highway": "bus_stop", "railway": null, "public_transport": "platform" }, "geometry": { "type": "Point", "coordinates": [ 77.4065323, 13.0604602 ] } },
{ "type": "Feature", "properties": { "name": "Kenganahalli", "highway": "bus_stop", "railway": null, "public_transport": "platform" }, "geometry": { "type": "Point", "coordinates": [ 77.4115028, 13.0518156 ] } },
{ "type": "Feature", "properties": { "name": "Harti palya", "highway": "bus_stop", "railway": null, "public_transport": "platform" }, "geometry": { "type": "Point", "coordinates": [ 77.426236, 13.0374566 ] } },
{ "type": "Feature", "properties": { "name": "Ravuthanahalli", "highway": "bus_stop", "railway": null, "public_transport": "platform" }, "geometry": { "type": "Point", "coordinates": [ 77.424014, 13.0264584 ] } },
{ "type": "Feature", "properties": { "name": "Chamundi Nagara", "highway": "bus_stop", "railway": null, "public_transport": "platform" }, "geometry": { "type": "Point", "coordinates": [ 77.421894, 13.0199191 ] } },
{ "type": "Feature", "properties": { "name": "Devananjayyana Palya", "highway": "bus_stop", "railway": null, "public_transport": "platform" }, "geometry": { "type": "Point", "coordinates": [ 77.4203834, 13.0146758 ] } },
{ "type": "Feature", "properties": { "name": "Kittanahalli", "highway": "bus_stop", "railway": null, "public_transport": null }, "geometry": { "type": "Point", "coordinates": [ 77.4194221, 13.0089055 ] } },
{ "type": "Feature", "properties": { "name": "Machohalli", "highway": "bus_stop", "railway": null, "public_transport": null }, "geometry": { "type": "Point", "coordinates": [ 77.4530554, 13.006545 ] } },
{ "type": "Feature", "properties": { "name": "Dwaraka Nagara", "highway": "bus_stop", "railway": null, "public_transport": "platform" }, "geometry": { "type": "Point", "coordinates": [ 77.6181063, 13.1212335 ] } },
{ "type": "Feature", "properties": { "name": "Bagalur (Towards Hoovinayakanahalli)", "highway": "bus_stop", "railway": null, "public_transport": "platform" }, "geometry": { "type": "Point", "coordinates": [ 77.6680648, 13.1348178 ] } },
{ "type": "Feature", "properties": { "name": "Gopalapura", "highway": "bus_stop", "railway": null, "public_transport": null }, "geometry": { "type": "Point", "coordinates": [ 77.6876742, 13.1327607 ] } },
{ "type": "Feature", "properties": { "name": "Maralakunte", "highway": "bus_stop", "railway": null, "public_transport": null }, "geometry": { "type": "Point", "coordinates": [ 77.7047089, 13.1324454 ] } },
{ "type": "Feature", "properties": { "name": "Chowdappanahalli", "highway": "bus_stop", "railway": null, "public_transport": "platform" }, "geometry": { "type": "Point", "coordinates": [ 77.7537525, 13.1483818 ] } },
{ "type": "Feature", "properties": { "name": "Bhattaramarenahalli", "highway": "bus_stop", "railway": null, "public_transport": "platform" }, "geometry": { "type": "Point", "coordinates": [ 77.7364577, 13.1670614 ] } },
{ "type": "Feature", "properties": { "name": "Koraluru", "highway": "bus_stop", "railway": null, "public_transport": null }, "geometry": { "type": "Point", "coordinates": [ 77.7838298, 12.9968756 ] } },
{ "type": "Feature", "properties": { "name": "Bhaktharahalli Gate", "highway": "bus_stop", "railway": null, "public_transport": null }, "geometry": { "type": "Point", "coordinates": [ 77.7844739, 13.0184895 ] } },
{ "type": "Feature", "properties": { "name": "Sarkara Guttahalli", "highway": "bus_stop", "railway": null, "public_transport": null }, "geometry": { "type": "Point", "coordinates": [ 77.784927, 13.0460987 ] } },
{ "type": "Feature", "properties": { "name": "Makanahalli", "highway": "bus_stop", "railway": null, "public_transport": null }, "geometry": { "type": "Point", "coordinates": [ 77.8287028, 13.0097519 ] } },
{ "type": "Feature", "properties": { "name": "Devalapura", "highway": "bus_stop", "railway": null, "public_transport": null }, "geometry": { "type": "Point", "coordinates": [ 77.8296221, 12.9850113 ] } },
{ "type": "Feature", "properties": { "name": "Obalapura", "highway": "bus_stop", "railway": null, "public_transport": null }, "geometry": { "type": "Point", "coordinates": [ 77.824704, 12.9602705 ] } },
{ "type": "Feature", "properties": { "name": "Matta Mallasandra", "highway": "bus_stop", "railway": null, "public_transport": "platform" }, "geometry": { "type": "Point", "coordinates": [ 77.8338356, 12.9476294 ] } },
{ "type": "Feature", "properties": { "name": "Medi Mallasandra", "highway": "bus_stop", "railway": null, "public_transport": "platform" }, "geometry": { "type": "Point", "coordinates": [ 77.8303726, 12.9528024 ] } },
{ "type": "Feature", "properties": { "name": "Biscuits Factory", "highway": "bus_stop", "railway": null, "public_transport": null }, "geometry": { "type": "Point", "coordinates": [ 77.8123101, 12.9896363 ] } },
{ "type": "Feature", "properties": { "name": "Karnataka State Ware Housing Godown", "highway": "bus_stop", "railway": null, "public_transport": null }, "geometry": { "type": "Point", "coordinates": [ 77.7894362, 12.990573 ] } },
{ "type": "Feature", "properties": { "name": "Samethanahalli", "highway": "bus_stop", "railway": null, "public_transport": null }, "geometry": { "type": "Point", "coordinates": [ 77.7902352, 12.9802702 ] } },
{ "type": "Feature", "properties": { "name": "Huskur", "highway": "bus_stop", "railway": null, "public_transport": null }, "geometry": { "type": "Point", "coordinates": [ 77.7620717, 13.0608885 ] } },
{ "type": "Feature", "properties": { "name": "Hancharahalli", "highway": "bus_stop", "railway": null, "public_transport": null }, "geometry": { "type": "Point", "coordinates": [ 77.7510339, 13.0936867 ] } },
{ "type": "Feature", "properties": { "name": "Gangawara", "highway": "bus_stop", "railway": null, "public_transport": null }, "geometry": { "type": "Point", "coordinates": [ 77.7652017, 13.1536402 ] } },
{ "type": "Feature", "properties": { "name": "Somathanahalli", "highway": "bus_stop", "railway": null, "public_transport": null }, "geometry": { "type": "Point", "coordinates": [ 77.768921, 13.1692571 ] } },
{ "type": "Feature", "properties": { "name": "Ayurvedic Hospital", "highway": "bus_stop", "railway": null, "public_transport": null }, "geometry": { "type": "Point", "coordinates": [ 77.7999412, 12.9688306 ] } },
{ "type": "Feature", "properties": { "name": "Muthkuru", "highway": "bus_stop", "railway": null, "public_transport": null }, "geometry": { "type": "Point", "coordinates": [ 77.8070707, 12.9553807 ] } },
{ "type": "Feature", "properties": { "name": "Muthugadahalli", "highway": "bus_stop", "railway": null, "public_transport": null }, "geometry": { "type": "Point", "coordinates": [ 77.8199796, 12.9293571 ] } },
{ "type": "Feature", "properties": { "name": "Tattanur", "highway": "bus_stop", "railway": null, "public_transport": null }, "geometry": { "type": "Point", "coordinates": [ 77.8241338, 12.9151772 ] } },
{ "type": "Feature", "properties": { "name": "Thiruvaranga", "highway": "bus_stop", "railway": null, "public_transport": null }, "geometry": { "type": "Point", "coordinates": [ 77.8265714, 12.9016324 ] } },
{ "type": "Feature", "properties": { "name": "Shiva Ittige Factory", "highway": "bus_stop", "railway": null, "public_transport": "platform" }, "geometry": { "type": "Point", "coordinates": [ 77.8496726, 12.9276803 ] } },
{ "type": "Feature", "properties": { "name": "Arehalli Cross", "highway": "bus_stop", "railway": null, "public_transport": "platform" }, "geometry": { "type": "Point", "coordinates": [ 77.8365495, 12.9423689 ] } },
{ "type": "Feature", "properties": { "name": "Naganayakana Kote", "highway": "bus_stop", "railway": null, "public_transport": null }, "geometry": { "type": "Point", "coordinates": [ 77.7950544, 12.9660202 ] } },
{ "type": "Feature", "properties": { "name": "Gonighattapura", "highway": "bus_stop", "railway": null, "public_transport": null }, "geometry": { "type": "Point", "coordinates": [ 77.7943186, 12.9123438 ] } },
{ "type": "Feature", "properties": { "name": "Koothaganahalli", "highway": "bus_stop", "railway": null, "public_transport": null }, "geometry": { "type": "Point", "coordinates": [ 77.8016943, 12.8884772 ] } },
{ "type": "Feature", "properties": { "name": "Vidyaranyapura", "highway": "bus_stop", "railway": null, "public_transport": "platform" }, "geometry": { "type": "Point", "coordinates": [ 77.5603008, 13.0838676 ] } },
{ "type": "Feature", "properties": { "name": "Vasudevapura", "highway": "bus_stop", "railway": null, "public_transport": "platform" }, "geometry": { "type": "Point", "coordinates": [ 77.5208615, 12.7979499 ] } },
{ "type": "Feature", "properties": { "name": "3rd Block Jayanagara", "highway": "bus_stop", "railway": null, "public_transport": "platform" }, "geometry": { "type": "Point", "coordinates": [ 77.583999, 12.9336915 ] } },
{ "type": "Feature", "properties": { "name": "Nayanappa Shettipalya", "highway": "bus_stop", "railway": null, "public_transport": null }, "geometry": { "type": "Point", "coordinates": [ 77.6037357, 12.9086939 ] } },
{ "type": "Feature", "properties": { "name": "Jai Bheema Nagara", "highway": "bus_stop", "railway": null, "public_transport": "platform" }, "geometry": { "type": "Point", "coordinates": [ 77.6168963, 12.9194378 ] } },
{ "type": "Feature", "properties": { "name": "NIMHANS Hospital", "highway": "bus_stop", "railway": null, "public_transport": "platform" }, "geometry": { "type": "Point", "coordinates": [ 77.5981785, 12.9388385 ] } },
{ "type": "Feature", "properties": { "name": "MICO Gate", "highway": "bus_stop", "railway": null, "public_transport": "platform" }, "geometry": { "type": "Point", "coordinates": [ 77.6029747, 12.9443605 ] } },
{ "type": "Feature", "properties": { "name": "Hosa Doddi Gate", "highway": "bus_stop", "railway": null, "public_transport": "platform" }, "geometry": { "type": "Point", "coordinates": [ 77.4874168, 12.7645682 ] } },
{ "type": "Feature", "properties": { "name": "Link Road", "highway": "bus_stop", "railway": null, "public_transport": "platform" }, "geometry": { "type": "Point", "coordinates": [ 77.5739265, 12.9941182 ] } },
{ "type": "Feature", "properties": { "name": "Kodihalli", "highway": "bus_stop", "railway": null, "public_transport": "platform" }, "geometry": { "type": "Point", "coordinates": [ 77.6468477, 12.959948 ] } },
{ "type": "Feature", "properties": { "name": "Jakkur 18th Cross", "highway": "bus_stop", "railway": null, "public_transport": "platform" }, "geometry": { "type": "Point", "coordinates": [ 77.6034132, 13.0688336 ] } },
{ "type": "Feature", "properties": { "name": "Jakkur Layout", "highway": "bus_stop", "railway": null, "public_transport": "platform" }, "geometry": { "type": "Point", "coordinates": [ 77.6016847, 13.0695751 ] } },
{ "type": "Feature", "properties": { "name": "Amrutahalli", "highway": "bus_stop", "railway": null, "public_transport": null }, "geometry": { "type": "Point", "coordinates": [ 77.6007336, 13.0656864 ] } },
{ "type": "Feature", "properties": { "name": "SBM ATM", "highway": "bus_stop", "railway": null, "public_transport": null }, "geometry": { "type": "Point", "coordinates": [ 77.5959473, 13.0665976 ] } },
{ "type": "Feature", "properties": { "name": "Mariyappana Palya", "highway": "bus_stop", "railway": null, "public_transport": null }, "geometry": { "type": "Point", "coordinates": [ 77.6118696, 13.0500885 ] } },
{ "type": "Feature", "properties": { "name": "KTPO", "highway": "bus_stop", "railway": null, "public_transport": "platform" }, "geometry": { "type": "Point", "coordinates": [ 77.7212545, 12.9768663 ] } },
{ "type": "Feature", "properties": { "name": "Domlur Herohonda Stop", "highway": "bus_stop", "railway": null, "public_transport": "platform" }, "geometry": { "type": "Point", "coordinates": [ 77.6412492, 12.9550697 ] } },
{ "type": "Feature", "properties": { "name": "Bhoruka Steel", "highway": "bus_stop", "railway": null, "public_transport": "platform" }, "geometry": { "type": "Point", "coordinates": [ 77.7055427, 12.9928984 ] } },
{ "type": "Feature", "properties": { "name": "I. A. F. GATE", "highway": "bus_stop", "railway": null, "public_transport": "platform" }, "geometry": { "type": "Point", "coordinates": [ 77.6155987, 13.1313367 ] } },
{ "type": "Feature", "properties": { "name": "Sathyanagara", "highway": "bus_stop", "railway": null, "public_transport": "platform" }, "geometry": { "type": "Point", "coordinates": [ 77.6400341, 13.0001817 ] } },
{ "type": "Feature", "properties": { "name": "Old Bayappanahalli", "highway": "bus_stop", "railway": null, "public_transport": "platform" }, "geometry": { "type": "Point", "coordinates": [ 77.6440476, 12.9946486 ] } },
{ "type": "Feature", "properties": { "name": "Horamavu Petrol Bunk", "highway": "bus_stop", "railway": null, "public_transport": "platform" }, "geometry": { "type": "Point", "coordinates": [ 77.6536054, 13.0196848 ] } },
{ "type": "Feature", "properties": { "name": "Vaddarapalya", "highway": "bus_stop", "railway": null, "public_transport": "platform" }, "geometry": { "type": "Point", "coordinates": [ 77.646528, 13.0386319 ] } },
{ "type": "Feature", "properties": { "name": "Yelahanka Junction", "highway": null, "railway": "station", "public_transport": "station" }, "geometry": { "type": "Point", "coordinates": [ 77.5918938, 13.1050067 ] } },
{ "type": "Feature", "properties": { "name": "Baiyappanahalli Metro Station Back Gate", "highway": "bus_stop", "railway": null, "public_transport": "platform" }, "geometry": { "type": "Point", "coordinates": [ 77.6515996, 12.9919374 ] } },
{ "type": "Feature", "properties": { "name": "Indian Oil", "highway": "bus_stop", "railway": null, "public_transport": "platform" }, "geometry": { "type": "Point", "coordinates": [ 77.6387258, 13.0059596 ] } },
{ "type": "Feature", "properties": { "name": "Maruthi School", "highway": "bus_stop", "railway": null, "public_transport": "platform" }, "geometry": { "type": "Point", "coordinates": [ 77.6442101, 13.0099173 ] } },
{ "type": "Feature", "properties": { "name": "Bagmane Tech Park", "highway": "bus_stop", "railway": null, "public_transport": "platform" }, "geometry": { "type": "Point", "coordinates": [ 77.6563527, 12.9807706 ] } },
{ "type": "Feature", "properties": { "name": "Horamavu Petrol Bunk", "highway": "bus_stop", "railway": null, "public_transport": "platform" }, "geometry": { "type": "Point", "coordinates": [ 77.6537003, 13.0199271 ] } },
{ "type": "Feature", "properties": { "name": "Sun Shine School", "highway": "bus_stop", "railway": null, "public_transport": "platform" }, "geometry": { "type": "Point", "coordinates": [ 77.6683898, 13.0308231 ] } },
{ "type": "Feature", "properties": { "name": "Kalkere", "highway": "bus_stop", "railway": null, "public_transport": "platform" }, "geometry": { "type": "Point", "coordinates": [ 77.6747398, 13.0337338 ] } },
{ "type": "Feature", "properties": { "name": "Panathuru Dinne", "highway": "bus_stop", "railway": null, "public_transport": "platform" }, "geometry": { "type": "Point", "coordinates": [ 77.7124354, 12.9296475 ] } },
{ "type": "Feature", "properties": { "name": "Chandrika Soap Factory", "highway": "bus_stop", "railway": null, "public_transport": "platform" }, "geometry": { "type": "Point", "coordinates": [ 77.6270198, 13.0144946 ] } },
{ "type": "Feature", "properties": { "name": "Byrathi", "highway": "bus_stop", "railway": null, "public_transport": null }, "geometry": { "type": "Point", "coordinates": [ 77.6517137, 13.0564988 ] } },
{ "type": "Feature", "properties": { "name": "Dodda Gubbi", "highway": "bus_stop", "railway": null, "public_transport": null }, "geometry": { "type": "Point", "coordinates": [ 77.6739661, 13.0709002 ] } },
{ "type": "Feature", "properties": { "name": "CPRI Quarters", "highway": "bus_stop", "railway": null, "public_transport": "platform" }, "geometry": { "type": "Point", "coordinates": [ 77.5722288, 13.0219498 ] } },
{ "type": "Feature", "properties": { "name": "Patalappa Layout", "highway": "bus_stop", "railway": null, "public_transport": null }, "geometry": { "type": "Point", "coordinates": [ 77.5726083, 13.0464805 ] } },
{ "type": "Feature", "properties": { "name": "Ramanahalli", "highway": "bus_stop", "railway": null, "public_transport": "platform" }, "geometry": { "type": "Point", "coordinates": [ 77.7442189, 13.1801517 ] } },
{ "type": "Feature", "properties": { "name": "Jaraganahalli Cross", "highway": "bus_stop", "railway": null, "public_transport": null }, "geometry": { "type": "Point", "coordinates": [ 77.5734716, 12.9014849 ] } },
{ "type": "Feature", "properties": { "name": "Ganapathipura", "highway": "bus_stop", "railway": null, "public_transport": null }, "geometry": { "type": "Point", "coordinates": [ 77.5720595, 12.8921358 ] } },
{ "type": "Feature", "properties": { "name": "Rachenahalli", "highway": "bus_stop", "railway": null, "public_transport": "platform" }, "geometry": { "type": "Point", "coordinates": [ 77.6233589, 13.0579435 ] } },
{ "type": "Feature", "properties": { "name": "Vajramuneshwara Gate", "highway": "bus_stop", "railway": null, "public_transport": null }, "geometry": { "type": "Point", "coordinates": [ 77.5327174, 12.8642963 ] } },
{ "type": "Feature", "properties": { "name": "Bayyanapalya", "highway": "bus_stop", "railway": null, "public_transport": "platform" }, "geometry": { "type": "Point", "coordinates": [ 77.5423699, 12.874969 ] } },
{ "type": "Feature", "properties": { "name": "Kuppa Reddy Kere", "highway": "bus_stop", "railway": null, "public_transport": "platform" }, "geometry": { "type": "Point", "coordinates": [ 77.5178602, 12.8426053 ] } },
{ "type": "Feature", "properties": { "name": "Chinnayyanapalya Silk Farm", "highway": "bus_stop", "railway": null, "public_transport": "platform" }, "geometry": { "type": "Point", "coordinates": [ 77.5220679, 12.8491937 ] } },
{ "type": "Feature", "properties": { "name": "Silk Farm", "highway": "bus_stop", "railway": null, "public_transport": null }, "geometry": { "type": "Point", "coordinates": [ 77.5234663, 12.8538203 ] } },
{ "type": "Feature", "properties": { "name": "Dayananda Sagar College", "highway": "bus_stop", "railway": null, "public_transport": "platform" }, "geometry": { "type": "Point", "coordinates": [ 77.5137672, 12.8251632 ] } },
{ "type": "Feature", "properties": { "name": "Shanimahathma Temple", "highway": "bus_stop", "railway": null, "public_transport": null }, "geometry": { "type": "Point", "coordinates": [ 77.5160345, 12.8367727 ] } },
{ "type": "Feature", "properties": { "name": "Saalu Hunase", "highway": "bus_stop", "railway": null, "public_transport": "platform" }, "geometry": { "type": "Point", "coordinates": [ 77.5117083, 12.8112779 ] } },
{ "type": "Feature", "properties": { "name": "Udi Palya Udayapalya", "highway": "bus_stop", "railway": null, "public_transport": "platform" }, "geometry": { "type": "Point", "coordinates": [ 77.5139901, 12.8203216 ] } },
{ "type": "Feature", "properties": { "name": "APS College Somanahalli", "highway": "bus_stop", "railway": null, "public_transport": "platform" }, "geometry": { "type": "Point", "coordinates": [ 77.502223, 12.7857013 ] } },
{ "type": "Feature", "properties": { "name": "Jawaharlal Nehru Research Centre", "highway": "bus_stop", "railway": null, "public_transport": null }, "geometry": { "type": "Point", "coordinates": [ 77.6113853, 13.0679383 ] } },
{ "type": "Feature", "properties": { "name": "Srirampura", "highway": "bus_stop", "railway": null, "public_transport": "platform" }, "geometry": { "type": "Point", "coordinates": [ 77.6199862, 13.0659006 ] } },
{ "type": "Feature", "properties": { "name": "Noor Nagara", "highway": "bus_stop", "railway": null, "public_transport": "platform" }, "geometry": { "type": "Point", "coordinates": [ 77.6340291, 13.0803244 ] } },
{ "type": "Feature", "properties": { "name": "Noor Nagara", "highway": "bus_stop", "railway": null, "public_transport": null }, "geometry": { "type": "Point", "coordinates": [ 77.6341451, 13.0802242 ] } },
{ "type": "Feature", "properties": { "name": "Canara Bank", "highway": "bus_stop", "railway": null, "public_transport": null }, "geometry": { "type": "Point", "coordinates": [ 77.6004641, 12.995675 ] } },
{ "type": "Feature", "properties": { "name": "DRDO Quarters", "highway": "bus_stop", "railway": null, "public_transport": "platform" }, "geometry": { "type": "Point", "coordinates": [ 77.6608916, 12.9839372 ] } },
{ "type": "Feature", "properties": { "name": "Kaggadasapura", "highway": "bus_stop", "railway": null, "public_transport": "platform" }, "geometry": { "type": "Point", "coordinates": [ 77.6793971, 12.9838304 ] } },
{ "type": "Feature", "properties": { "name": "Konena Agrahara", "highway": "bus_stop", "railway": null, "public_transport": "platform" }, "geometry": { "type": "Point", "coordinates": [ 77.6596713, 12.9589468 ] } },
{ "type": "Feature", "properties": { "name": "Peenya 1st stage", "highway": "bus_stop", "railway": null, "public_transport": null }, "geometry": { "type": "Point", "coordinates": [ 77.5269947, 13.0354596 ] } },
{ "type": "Feature", "properties": { "name": "Anagalipura", "highway": "bus_stop", "railway": null, "public_transport": null }, "geometry": { "type": "Point", "coordinates": [ 77.6824191, 13.0684965 ] } },
{ "type": "Feature", "properties": { "name": "Goraguntepalya", "highway": "bus_stop", "railway": null, "public_transport": "platform" }, "geometry": { "type": "Point", "coordinates": [ 77.5395021, 13.0289398 ] } },
{ "type": "Feature", "properties": { "name": "RMC Yard", "highway": "bus_stop", "railway": null, "public_transport": "platform" }, "geometry": { "type": "Point", "coordinates": [ 77.5488081, 13.0235782 ] } },
{ "type": "Feature", "properties": { "name": "Richmond Circle", "highway": "bus_stop", "railway": null, "public_transport": "platform" }, "geometry": { "type": "Point", "coordinates": [ 77.6043001, 12.9657481 ] } },
{ "type": "Feature", "properties": { "name": "State Bank India Garage", "highway": "bus_stop", "railway": null, "public_transport": "platform" }, "geometry": { "type": "Point", "coordinates": [ 77.6014262, 12.9746797 ] } },
{ "type": "Feature", "properties": { "name": "Gopalapura", "highway": "bus_stop", "railway": null, "public_transport": "platform" }, "geometry": { "type": "Point", "coordinates": [ 77.5581149, 12.9806131 ] } },
{ "type": "Feature", "properties": { "name": "Ajantha Talkies", "highway": "bus_stop", "railway": null, "public_transport": "platform" }, "geometry": { "type": "Point", "coordinates": [ 77.6143059, 12.9825889 ] } },
{ "type": "Feature", "properties": { "name": "Matadahalli", "highway": "bus_stop", "railway": null, "public_transport": "platform" }, "geometry": { "type": "Point", "coordinates": [ 77.5935361, 13.01346 ] } },
{ "type": "Feature", "properties": { "name": "Dinnuru Main Road", "highway": "bus_stop", "railway": null, "public_transport": "platform" }, "geometry": { "type": "Point", "coordinates": [ 77.5989205, 13.0240248 ] } },
{ "type": "Feature", "properties": { "name": "P&T Quarters", "highway": "bus_stop", "railway": null, "public_transport": "platform" }, "geometry": { "type": "Point", "coordinates": [ 77.6045404, 13.0216098 ] } },
{ "type": "Feature", "properties": { "name": "HMT Watch Factory", "highway": "bus_stop", "railway": null, "public_transport": null }, "geometry": { "type": "Point", "coordinates": [ 77.5356954, 13.0490504 ] } },
{ "type": "Feature", "properties": { "name": "Kathalipalya", "highway": "bus_stop", "railway": null, "public_transport": null }, "geometry": { "type": "Point", "coordinates": [ 77.6379819, 12.9926072 ] } },
{ "type": "Feature", "properties": { "name": "Kumaraswamy Layout Police Station", "highway": "bus_stop", "railway": null, "public_transport": "platform" }, "geometry": { "type": "Point", "coordinates": [ 77.5627988, 12.9054878 ] } },
{ "type": "Feature", "properties": { "name": "ISRO Layout", "highway": "bus_stop", "railway": null, "public_transport": null }, "geometry": { "type": "Point", "coordinates": [ 77.5578197, 12.8990521 ] } },
{ "type": "Feature", "properties": { "name": "Ravindra Nagara", "highway": "bus_stop", "railway": null, "public_transport": "platform" }, "geometry": { "type": "Point", "coordinates": [ 77.5164759, 13.0498855 ] } },
{ "type": "Feature", "properties": { "name": "Vinayaka Nagara", "highway": "bus_stop", "railway": null, "public_transport": "platform" }, "geometry": { "type": "Point", "coordinates": [ 77.4746221, 13.1386597 ] } },
{ "type": "Feature", "properties": { "name": "Hesaraghatta Village", "highway": "bus_stop", "railway": null, "public_transport": "platform" }, "geometry": { "type": "Point", "coordinates": [ 77.4784342, 13.137901 ] } },
{ "type": "Feature", "properties": { "name": "Tharabana Halli Choultry", "highway": "bus_stop", "railway": null, "public_transport": null }, "geometry": { "type": "Point", "coordinates": [ 77.4794248, 13.1055331 ] } },
{ "type": "Feature", "properties": { "name": "Dwarka Nagar", "highway": "bus_stop", "railway": null, "public_transport": null }, "geometry": { "type": "Point", "coordinates": [ 77.4949031, 13.0880852 ] } },
{ "type": "Feature", "properties": { "name": "Medarahalli Railway Gate", "highway": "bus_stop", "railway": null, "public_transport": null }, "geometry": { "type": "Point", "coordinates": [ 77.5050696, 13.0762424 ] } },
{ "type": "Feature", "properties": { "name": "Ragi Machine", "highway": "bus_stop", "railway": null, "public_transport": "platform" }, "geometry": { "type": "Point", "coordinates": [ 77.5603924, 12.8916486 ] } },
{ "type": "Feature", "properties": { "name": "DAV Public School", "highway": "bus_stop", "railway": null, "public_transport": "platform" }, "geometry": { "type": "Point", "coordinates": [ 77.5563911, 12.8939792 ] } },
{ "type": "Feature", "properties": { "name": "Pipeline Vasanthapura", "highway": "bus_stop", "railway": null, "public_transport": "platform" }, "geometry": { "type": "Point", "coordinates": [ 77.5550909, 12.8950921 ] } },
{ "type": "Feature", "properties": { "name": "Vasanthapura", "highway": "bus_stop", "railway": null, "public_transport": "platform" }, "geometry": { "type": "Point", "coordinates": [ 77.5524195, 12.8963443 ] } },
{ "type": "Feature", "properties": { "name": "Yadalam Nagara", "highway": "bus_stop", "railway": null, "public_transport": "platform" }, "geometry": { "type": "Point", "coordinates": [ 77.5483851, 12.8964116 ] } },
{ "type": "Feature", "properties": { "name": "Subramanyapura KEB", "highway": "bus_stop", "railway": null, "public_transport": "platform" }, "geometry": { "type": "Point", "coordinates": [ 77.5464565, 12.8975842 ] } },
{ "type": "Feature", "properties": { "name": "Utharahalli", "highway": "bus_stop", "railway": null, "public_transport": null }, "geometry": { "type": "Point", "coordinates": [ 77.5434901, 12.9049372 ] } },
{ "type": "Feature", "properties": { "name": "Hejjala", "highway": "bus_stop", "railway": null, "public_transport": null }, "geometry": { "type": "Point", "coordinates": [ 77.41726, 12.85596 ] } },
{ "type": "Feature", "properties": { "name": "Basammanahalli", "highway": "bus_stop", "railway": null, "public_transport": null }, "geometry": { "type": "Point", "coordinates": [ 77.3543949, 12.8752039 ] } },
{ "type": "Feature", "properties": { "name": "Dodderi Grama", "highway": "bus_stop", "railway": null, "public_transport": null }, "geometry": { "type": "Point", "coordinates": [ 77.37652, 12.8664183 ] } },
{ "type": "Feature", "properties": { "name": "Aduru", "highway": "bus_stop", "railway": null, "public_transport": "platform" }, "geometry": { "type": "Point", "coordinates": [ 77.7058727, 13.0554156 ] } },
{ "type": "Feature", "properties": { "name": "East Point College", "highway": "bus_stop", "railway": null, "public_transport": null }, "geometry": { "type": "Point", "coordinates": [ 77.72014, 13.0497448 ] } },
{ "type": "Feature", "properties": { "name": "Bidrahalli", "highway": "bus_stop", "railway": null, "public_transport": null }, "geometry": { "type": "Point", "coordinates": [ 77.7163583, 13.0603575 ] } },
{ "type": "Feature", "properties": { "name": "Byappana Halli", "highway": "bus_stop", "railway": null, "public_transport": "platform" }, "geometry": { "type": "Point", "coordinates": [ 77.7210069, 13.0720108 ] } },
{ "type": "Feature", "properties": { "name": "Gunduru", "highway": "bus_stop", "railway": null, "public_transport": null }, "geometry": { "type": "Point", "coordinates": [ 77.7146571, 13.0873705 ] } },
{ "type": "Feature", "properties": { "name": "Chimasandra", "highway": "bus_stop", "railway": null, "public_transport": null }, "geometry": { "type": "Point", "coordinates": [ 77.73803, 13.0476354 ] } },
{ "type": "Feature", "properties": { "name": "K Channsandra", "highway": "bus_stop", "railway": null, "public_transport": "platform" }, "geometry": { "type": "Point", "coordinates": [ 77.6794539, 13.0402048 ] } },
{ "type": "Feature", "properties": { "name": "Pooja Garden", "highway": "bus_stop", "railway": null, "public_transport": "platform" }, "geometry": { "type": "Point", "coordinates": [ 77.6775047, 13.0391741 ] } },
{ "type": "Feature", "properties": { "name": "Horamavu Agara", "highway": "bus_stop", "railway": null, "public_transport": "platform" }, "geometry": { "type": "Point", "coordinates": [ 77.6548087, 13.0366459 ] } },
{ "type": "Feature", "properties": { "name": "Maragondanahalli", "highway": "bus_stop", "railway": null, "public_transport": null }, "geometry": { "type": "Point", "coordinates": [ 77.6922232, 13.0376489 ] } },
{ "type": "Feature", "properties": { "name": "Banjara Layout", "highway": "bus_stop", "railway": null, "public_transport": "platform" }, "geometry": { "type": "Point", "coordinates": [ 77.6652515, 13.0383011 ] } },
{ "type": "Feature", "properties": { "name": "Mini Tajmahal", "highway": "bus_stop", "railway": null, "public_transport": null }, "geometry": { "type": "Point", "coordinates": [ 77.6675075, 13.0014282 ] } },
{ "type": "Feature", "properties": { "name": "Sri RajaRajeshwari colony", "highway": "bus_stop", "railway": null, "public_transport": null }, "geometry": { "type": "Point", "coordinates": [ 77.6786308, 12.9882627 ] } },
{ "type": "Feature", "properties": { "name": "Ramamurthy Nagara Church", "highway": "bus_stop", "railway": null, "public_transport": "platform" }, "geometry": { "type": "Point", "coordinates": [ 77.6790581, 13.011703 ] } },
{ "type": "Feature", "properties": { "name": "Thambuchetty Palya", "highway": "bus_stop", "railway": null, "public_transport": null }, "geometry": { "type": "Point", "coordinates": [ 77.7000989, 13.0215083 ] } },
{ "type": "Feature", "properties": { "name": "Bhakthi Yoga Ashrama", "highway": "bus_stop", "railway": null, "public_transport": "platform" }, "geometry": { "type": "Point", "coordinates": [ 77.6878004, 13.021978 ] } },
{ "type": "Feature", "properties": { "name": "Koshys Hospitals", "highway": "bus_stop", "railway": null, "public_transport": null }, "geometry": { "type": "Point", "coordinates": [ 77.6759774, 13.020547 ] } },
{ "type": "Feature", "properties": { "name": "Muneshwara Layout", "highway": "bus_stop", "railway": null, "public_transport": null }, "geometry": { "type": "Point", "coordinates": [ 77.6718331, 13.0182036 ] } },
{ "type": "Feature", "properties": { "name": "HBR Layout Ist Stage", "highway": "bus_stop", "railway": null, "public_transport": null }, "geometry": { "type": "Point", "coordinates": [ 77.6249677, 13.0211755 ] } },
{ "type": "Feature", "properties": { "name": "Chikka Banasawadi", "highway": "bus_stop", "railway": null, "public_transport": "platform" }, "geometry": { "type": "Point", "coordinates": [ 77.6455841, 13.0064054 ] } },
{ "type": "Feature", "properties": { "name": "Fairland Shop", "highway": "bus_stop", "railway": null, "public_transport": "platform" }, "geometry": { "type": "Point", "coordinates": [ 77.6265836, 12.9496465 ] } },
{ "type": "Feature", "properties": { "name": "Regulated Market", "highway": "bus_stop", "railway": null, "public_transport": "platform" }, "geometry": { "type": "Point", "coordinates": [ 77.5500534, 13.022983 ] } },
{ "type": "Feature", "properties": { "name": "Krishnaiahnapalya", "highway": "bus_stop", "railway": null, "public_transport": null }, "geometry": { "type": "Point", "coordinates": [ 77.652157, 12.9953663 ] } },
{ "type": "Feature", "properties": { "name": "Banaswadi", "highway": null, "railway": "station", "public_transport": "station" }, "geometry": { "type": "Point", "coordinates": [ 77.6281321, 13.0058357 ] } },
{ "type": "Feature", "properties": { "name": "Channasandra", "highway": null, "railway": "station", "public_transport": "station" }, "geometry": { "type": "Point", "coordinates": [ 77.6628136, 13.0118566 ] } },
{ "type": "Feature", "properties": { "name": "MEI Factory", "highway": "bus_stop", "railway": null, "public_transport": "platform" }, "geometry": { "type": "Point", "coordinates": [ 77.5433714, 13.026732 ] } },
{ "type": "Feature", "properties": { "name": "ISKCON Temple", "highway": "bus_stop", "railway": null, "public_transport": "platform" }, "geometry": { "type": "Point", "coordinates": [ 77.5514407, 13.011855 ] } },
{ "type": "Feature", "properties": { "name": "Krishnananda Nagar (Police quarters)", "highway": "bus_stop", "railway": null, "public_transport": "platform" }, "geometry": { "type": "Point", "coordinates": [ 77.5400501, 13.0189181 ] } },
{ "type": "Feature", "properties": { "name": "Ramakrishna Nagara", "highway": "bus_stop", "railway": null, "public_transport": null }, "geometry": { "type": "Point", "coordinates": [ 77.5350138, 13.020202 ] } },
{ "type": "Feature", "properties": { "name": "Jaibhuvaneshwari Nagar", "highway": "bus_stop", "railway": null, "public_transport": "platform" }, "geometry": { "type": "Point", "coordinates": [ 77.5308407, 13.0145156 ] } },
{ "type": "Feature", "properties": { "name": "Nandhini Layout Quaters", "highway": "bus_stop", "railway": null, "public_transport": "platform" }, "geometry": { "type": "Point", "coordinates": [ 77.533807, 13.0107628 ] } },
{ "type": "Feature", "properties": { "name": "Lakshmidevi Nagar Cross", "highway": "bus_stop", "railway": null, "public_transport": null }, "geometry": { "type": "Point", "coordinates": [ 77.5226018, 13.0189809 ] } },
{ "type": "Feature", "properties": { "name": "Swathantra Yodhara Nagar", "highway": "bus_stop", "railway": null, "public_transport": null }, "geometry": { "type": "Point", "coordinates": [ 77.5290268, 13.0103801 ] } },
{ "type": "Feature", "properties": { "name": "Laggere", "highway": "bus_stop", "railway": null, "public_transport": null }, "geometry": { "type": "Point", "coordinates": [ 77.5293199, 13.015213 ] } },
{ "type": "Feature", "properties": { "name": "Kamalanagara", "highway": "bus_stop", "railway": null, "public_transport": "platform" }, "geometry": { "type": "Point", "coordinates": [ 77.5273984, 12.9969558 ] } },
{ "type": "Feature", "properties": { "name": "Havanuru Circle", "highway": "bus_stop", "railway": null, "public_transport": "platform" }, "geometry": { "type": "Point", "coordinates": [ 77.5374346, 12.9883126 ] } },
{ "type": "Feature", "properties": { "name": "Saneguruvana Halli", "highway": "bus_stop", "railway": null, "public_transport": null }, "geometry": { "type": "Point", "coordinates": [ 77.5425333, 12.9890498 ] } },
{ "type": "Feature", "properties": { "name": "Dasarahalli", "highway": "bus_stop", "railway": null, "public_transport": null }, "geometry": { "type": "Point", "coordinates": [ 77.5427433, 12.9851404 ] } },
{ "type": "Feature", "properties": { "name": "Manjunatha Nagar", "highway": "bus_stop", "railway": null, "public_transport": null }, "geometry": { "type": "Point", "coordinates": [ 77.5432725, 12.9919438 ] } },
{ "type": "Feature", "properties": { "name": "ESI Hospital Rajajinagara (Towards Yashawanthapura)", "highway": "bus_stop", "railway": null, "public_transport": "platform" }, "geometry": { "type": "Point", "coordinates": [ 77.5508207, 12.9916485 ] } },
{ "type": "Feature", "properties": { "name": "Manjunatha Nagara", "highway": "bus_stop", "railway": null, "public_transport": "platform" }, "geometry": { "type": "Point", "coordinates": [ 77.5506629, 12.9956021 ] } },
{ "type": "Feature", "properties": { "name": "Navarang Theatre", "highway": "bus_stop", "railway": null, "public_transport": "platform" }, "geometry": { "type": "Point", "coordinates": [ 77.5497993, 12.9994184 ] } },
{ "type": "Feature", "properties": { "name": "JC Nagar", "highway": "bus_stop", "railway": null, "public_transport": "platform" }, "geometry": { "type": "Point", "coordinates": [ 77.5372655, 13.0034339 ] } },
{ "type": "Feature", "properties": { "name": "Shankara Matha", "highway": "bus_stop", "railway": null, "public_transport": null }, "geometry": { "type": "Point", "coordinates": [ 77.5407249, 13.002108 ] } },
{ "type": "Feature", "properties": { "name": "Galayara Balaga", "highway": "bus_stop", "railway": null, "public_transport": null }, "geometry": { "type": "Point", "coordinates": [ 77.5406215, 13.0063048 ] } },
{ "type": "Feature", "properties": { "name": "Saraswathipuram", "highway": "bus_stop", "railway": null, "public_transport": "platform" }, "geometry": { "type": "Point", "coordinates": [ 77.5382069, 13.0092079 ] } },
{ "type": "Feature", "properties": { "name": "Mahalakshmi Layout", "highway": "bus_stop", "railway": null, "public_transport": "platform" }, "geometry": { "type": "Point", "coordinates": [ 77.5440645, 13.0119077 ] } },
{ "type": "Feature", "properties": { "name": "Shankar Nagar", "highway": "bus_stop", "railway": null, "public_transport": "platform" }, "geometry": { "type": "Point", "coordinates": [ 77.5438924, 13.0158357 ] } },
{ "type": "Feature", "properties": { "name": "Sonal Garments", "highway": "bus_stop", "railway": null, "public_transport": null }, "geometry": { "type": "Point", "coordinates": [ 77.5258111, 13.0217404 ] } },
{ "type": "Feature", "properties": { "name": "Tata Tea", "highway": "bus_stop", "railway": null, "public_transport": null }, "geometry": { "type": "Point", "coordinates": [ 77.5409104, 13.0326885 ] } },
{ "type": "Feature", "properties": { "name": "Mohan Kumar Nagar", "highway": "bus_stop", "railway": null, "public_transport": "platform" }, "geometry": { "type": "Point", "coordinates": [ 77.5495369, 13.0307503 ] } },
{ "type": "Feature", "properties": { "name": "Alidsa", "highway": "bus_stop", "railway": null, "public_transport": "platform" }, "geometry": { "type": "Point", "coordinates": [ 77.5417542, 13.0376067 ] } },
{ "type": "Feature", "properties": { "name": "Jalahalli Village Gate", "highway": "bus_stop", "railway": null, "public_transport": "platform" }, "geometry": { "type": "Point", "coordinates": [ 77.5457631, 13.0411408 ] } },
{ "type": "Feature", "properties": { "name": "Jalahalli Bakery", "highway": "bus_stop", "railway": null, "public_transport": "platform" }, "geometry": { "type": "Point", "coordinates": [ 77.5504594, 13.0426967 ] } },
{ "type": "Feature", "properties": { "name": "Mysore Lamps", "highway": "bus_stop", "railway": null, "public_transport": "platform" }, "geometry": { "type": "Point", "coordinates": [ 77.5605155, 13.0134465 ] } },
{ "type": "Feature", "properties": { "name": "Chowdeshwari Nagar", "highway": "bus_stop", "railway": null, "public_transport": null }, "geometry": { "type": "Point", "coordinates": [ 77.5671136, 13.0467217 ] } },
{ "type": "Feature", "properties": { "name": "Nagashettihalli", "highway": "bus_stop", "railway": null, "public_transport": null }, "geometry": { "type": "Point", "coordinates": [ 77.579325, 13.0472069 ] } },
{ "type": "Feature", "properties": { "name": "Devasandra", "highway": "bus_stop", "railway": null, "public_transport": null }, "geometry": { "type": "Point", "coordinates": [ 77.5663707, 13.0365564 ] } },
{ "type": "Feature", "properties": { "name": "ITI Colony", "highway": "bus_stop", "railway": null, "public_transport": "platform" }, "geometry": { "type": "Point", "coordinates": [ 77.568773, 13.0339065 ] } },
{ "type": "Feature", "properties": { "name": "UAS Campus", "highway": "bus_stop", "railway": null, "public_transport": "platform" }, "geometry": { "type": "Point", "coordinates": [ 77.5870619, 13.0300745 ] } },
{ "type": "Feature", "properties": { "name": "Ananda Nagar", "highway": "bus_stop", "railway": null, "public_transport": null }, "geometry": { "type": "Point", "coordinates": [ 77.5925517, 13.0295976 ] } },
{ "type": "Feature", "properties": { "name": "CBI", "highway": "bus_stop", "railway": null, "public_transport": "platform" }, "geometry": { "type": "Point", "coordinates": [ 77.5864354, 13.0268657 ] } },
{ "type": "Feature", "properties": { "name": "Vasanthappa Block", "highway": "bus_stop", "railway": null, "public_transport": "platform" }, "geometry": { "type": "Point", "coordinates": [ 77.5889682, 13.026324 ] } },
{ "type": "Feature", "properties": { "name": "Ganga Nagar", "highway": "bus_stop", "railway": null, "public_transport": null }, "geometry": { "type": "Point", "coordinates": [ 77.5886129, 13.0206843 ] } },
{ "type": "Feature", "properties": { "name": "Jyothi Nagara 6th Cross", "highway": "bus_stop", "railway": null, "public_transport": null }, "geometry": { "type": "Point", "coordinates": [ 77.5234322, 12.9576043 ] } },
{ "type": "Feature", "properties": { "name": "Mekhri Circle", "highway": "bus_stop", "railway": null, "public_transport": "platform" }, "geometry": { "type": "Point", "coordinates": [ 77.5836905, 13.0135799 ] } },
{ "type": "Feature", "properties": { "name": "Sadhashivanagara", "highway": "bus_stop", "railway": null, "public_transport": "platform" }, "geometry": { "type": "Point", "coordinates": [ 77.5800648, 13.0084825 ] } },
{ "type": "Feature", "properties": { "name": "TV Tower", "highway": "bus_stop", "railway": null, "public_transport": "platform" }, "geometry": { "type": "Point", "coordinates": [ 77.5912345, 13.0091619 ] } },
{ "type": "Feature", "properties": { "name": "Malleshwaram 15th Cross", "highway": "bus_stop", "railway": null, "public_transport": "platform" }, "geometry": { "type": "Point", "coordinates": [ 77.5711671, 13.0049476 ] } },
{ "type": "Feature", "properties": { "name": "Vyalikaval Police Station", "highway": "bus_stop", "railway": null, "public_transport": "platform" }, "geometry": { "type": "Point", "coordinates": [ 77.5782091, 13.0005071 ] } },
{ "type": "Feature", "properties": { "name": "Palace Guttahalli", "highway": "bus_stop", "railway": null, "public_transport": "platform" }, "geometry": { "type": "Point", "coordinates": [ 77.5843469, 12.999489 ] } },
{ "type": "Feature", "properties": { "name": "RMS Sheshadripuram", "highway": "bus_stop", "railway": null, "public_transport": "platform" }, "geometry": { "type": "Point", "coordinates": [ 77.5780701, 12.9943817 ] } },
{ "type": "Feature", "properties": { "name": "Dattatreya Temple", "highway": "bus_stop", "railway": null, "public_transport": "platform" }, "geometry": { "type": "Point", "coordinates": [ 77.5743026, 12.9989456 ] } },
{ "type": "Feature", "properties": { "name": "8th Cross Malleshwaram", "highway": "bus_stop", "railway": null, "public_transport": "platform" }, "geometry": { "type": "Point", "coordinates": [ 77.5653984, 13.0003553 ] } },
{ "type": "Feature", "properties": { "name": "Devaiah Park", "highway": "bus_stop", "railway": null, "public_transport": "stop_position" }, "geometry": { "type": "Point", "coordinates": [ 77.5630859, 12.9964968 ] } },
{ "type": "Feature", "properties": { "name": "Basaveshwara College", "highway": "bus_stop", "railway": null, "public_transport": "platform" }, "geometry": { "type": "Point", "coordinates": [ 77.5527944, 12.9943751 ] } },
{ "type": "Feature", "properties": { "name": "Old Police Station Rajajinagara", "highway": "bus_stop", "railway": null, "public_transport": "platform" }, "geometry": { "type": "Point", "coordinates": [ 77.5543331, 12.989337 ] } },
{ "type": "Feature", "properties": { "name": "Aruna Talkies, Gandhi School", "highway": "bus_stop", "railway": null, "public_transport": "platform" }, "geometry": { "type": "Point", "coordinates": [ 77.5665837, 12.9884321 ] } },
{ "type": "Feature", "properties": { "name": "Bashyam Nagar", "highway": "bus_stop", "railway": null, "public_transport": "platform" }, "geometry": { "type": "Point", "coordinates": [ 77.5679782, 12.9907699 ] } },
{ "type": "Feature", "properties": { "name": "Bashyam Nagara Okalipuram", "highway": "bus_stop", "railway": null, "public_transport": "platform" }, "geometry": { "type": "Point", "coordinates": [ 77.5676609, 12.9872719 ] } },
{ "type": "Feature", "properties": { "name": "Ramachandra Pura Market", "highway": "bus_stop", "railway": null, "public_transport": null }, "geometry": { "type": "Point", "coordinates": [ 77.563, 12.9856891 ] } },
{ "type": "Feature", "properties": { "name": "Malleshwaram Circle", "highway": "bus_stop", "railway": null, "public_transport": "platform" }, "geometry": { "type": "Point", "coordinates": [ 77.5687532, 12.9969268 ] } },
{ "type": "Feature", "properties": { "name": "Ramamandira", "highway": "bus_stop", "railway": null, "public_transport": "platform" }, "geometry": { "type": "Point", "coordinates": [ 77.568174, 12.9934619 ] } },
{ "type": "Feature", "properties": { "name": "Chowdeshwari Temple", "highway": "bus_stop", "railway": null, "public_transport": "platform" }, "geometry": { "type": "Point", "coordinates": [ 77.5663946, 12.9949147 ] } },
{ "type": "Feature", "properties": { "name": "Malleshwaram Circle", "highway": "bus_stop", "railway": null, "public_transport": "platform" }, "geometry": { "type": "Point", "coordinates": [ 77.5695102, 12.9974389 ] } },
{ "type": "Feature", "properties": { "name": "MEI Polytechnic College", "highway": "bus_stop", "railway": null, "public_transport": "platform" }, "geometry": { "type": "Point", "coordinates": [ 77.5569509, 12.984718 ] } },
{ "type": "Feature", "properties": { "name": "Jayanagar HBCS Layout", "highway": "bus_stop", "railway": null, "public_transport": "platform" }, "geometry": { "type": "Point", "coordinates": [ 77.5429315, 12.8926306 ] } },
{ "type": "Feature", "properties": { "name": "Old Gudahalli Cross", "highway": "bus_stop", "railway": null, "public_transport": "platform" }, "geometry": { "type": "Point", "coordinates": [ 77.5549629, 12.9601434 ] } },
{ "type": "Feature", "properties": { "name": "Balajinagara", "highway": "bus_stop", "railway": null, "public_transport": null }, "geometry": { "type": "Point", "coordinates": [ 77.6032967, 12.9279748 ] } },
{ "type": "Feature", "properties": { "name": "Corporation Circle (Cubbon Park)", "highway": "bus_stop", "railway": null, "public_transport": "platform" }, "geometry": { "type": "Point", "coordinates": [ 77.5896602, 12.9685475 ] } },
{ "type": "Feature", "properties": { "name": "Hennur Depot", "highway": "bus_stop", "railway": null, "public_transport": null }, "geometry": { "type": "Point", "coordinates": [ 77.6318246, 13.0258248 ] } },
{ "type": "Feature", "properties": { "name": "Nandi Garden Kothanur", "highway": "bus_stop", "railway": null, "public_transport": "platform" }, "geometry": { "type": "Point", "coordinates": [ 77.5657088, 12.8675836 ] } },
{ "type": "Feature", "properties": { "name": "Kidwai Layout", "highway": "bus_stop", "railway": null, "public_transport": "platform" }, "geometry": { "type": "Point", "coordinates": [ 77.5632589, 12.8589342 ] } },
{ "type": "Feature", "properties": { "name": "Sports Authority of India", "highway": "bus_stop", "railway": null, "public_transport": null }, "geometry": { "type": "Point", "coordinates": [ 77.5157036, 12.9415222 ] } },
{ "type": "Feature", "properties": { "name": "Maruthi Nagara", "highway": "bus_stop", "railway": null, "public_transport": "platform" }, "geometry": { "type": "Point", "coordinates": [ 77.5216743, 12.9618378 ] } },
{ "type": "Feature", "properties": { "name": "Saraswathi Nagara", "highway": "bus_stop", "railway": null, "public_transport": "platform" }, "geometry": { "type": "Point", "coordinates": [ 77.5302829, 12.9736313 ] } },
{ "type": "Feature", "properties": { "name": "Cunningham Road", "highway": "bus_stop", "railway": null, "public_transport": "platform" }, "geometry": { "type": "Point", "coordinates": [ 77.5945006, 12.9875909 ] } },
{ "type": "Feature", "properties": { "name": "Ivara Kondapura", "highway": "bus_stop", "railway": null, "public_transport": "platform" }, "geometry": { "type": "Point", "coordinates": [ 77.4944743, 13.1374628 ] } },
{ "type": "Feature", "properties": { "name": "Shanubhoganahalli Gate (Dibbur Cross)", "highway": "bus_stop", "railway": null, "public_transport": "platform" }, "geometry": { "type": "Point", "coordinates": [ 77.5303795, 13.1725954 ] } },
{ "type": "Feature", "properties": { "name": "Itagalapura Gate", "highway": "bus_stop", "railway": null, "public_transport": "platform" }, "geometry": { "type": "Point", "coordinates": [ 77.549895, 13.1701332 ] } },
{ "type": "Feature", "properties": { "name": "Sangam Circle", "highway": "bus_stop", "railway": null, "public_transport": "platform" }, "geometry": { "type": "Point", "coordinates": [ 77.5774638, 12.91767 ] } },
{ "type": "Feature", "properties": { "name": "Ashraya Badavane", "highway": "bus_stop", "railway": null, "public_transport": null }, "geometry": { "type": "Point", "coordinates": [ 77.4726248, 12.9886748 ] } },
{ "type": "Feature", "properties": { "name": "Kudhurgere colony", "highway": "bus_stop", "railway": null, "public_transport": "platform" }, "geometry": { "type": "Point", "coordinates": [ 77.4765245, 13.0686238 ] } },
{ "type": "Feature", "properties": { "name": "Siddana Hosahalli", "highway": "bus_stop", "railway": null, "public_transport": "platform" }, "geometry": { "type": "Point", "coordinates": [ 77.4603031, 13.0571489 ] } },
{ "type": "Feature", "properties": { "name": "Dombarahalli", "highway": "bus_stop", "railway": null, "public_transport": "platform" }, "geometry": { "type": "Point", "coordinates": [ 77.459986, 13.0494582 ] } },
{ "type": "Feature", "properties": { "name": "Hoodi Circle Bus Stop", "highway": "bus_stop", "railway": null, "public_transport": "platform" }, "geometry": { "type": "Point", "coordinates": [ 77.7162959, 12.9923439 ] } },
{ "type": "Feature", "properties": { "name": "Thiruranga Cross", "highway": "bus_stop", "railway": null, "public_transport": "platform" }, "geometry": { "type": "Point", "coordinates": [ 77.8286161, 12.8959525 ] } },
{ "type": "Feature", "properties": { "name": "Ondimane", "highway": "bus_stop", "railway": null, "public_transport": "platform" }, "geometry": { "type": "Point", "coordinates": [ 77.8024328, 12.9022348 ] } },
{ "type": "Feature", "properties": { "name": "Sadaramangala Cross", "highway": "bus_stop", "railway": null, "public_transport": null }, "geometry": { "type": "Point", "coordinates": [ 77.7368222, 12.9977825 ] } },
{ "type": "Feature", "properties": { "name": "Chinmaya Mission Hospital", "highway": "bus_stop", "railway": null, "public_transport": "platform" }, "geometry": { "type": "Point", "coordinates": [ 77.6462222, 12.9784826 ] } },
{ "type": "Feature", "properties": { "name": "Bhodana Hosahalli", "highway": "bus_stop", "railway": null, "public_transport": null }, "geometry": { "type": "Point", "coordinates": [ 77.8024228, 12.9790167 ] } },
{ "type": "Feature", "properties": { "name": "Mahila Samaja", "highway": "bus_stop", "railway": null, "public_transport": null }, "geometry": { "type": "Point", "coordinates": [ 77.5737413, 12.9530434 ] } },
{ "type": "Feature", "properties": { "name": "Marenahalli Bus Stop", "highway": "bus_stop", "railway": null, "public_transport": "platform" }, "geometry": { "type": "Point", "coordinates": [ 77.588786, 12.9171092 ] } },
{ "type": "Feature", "properties": { "name": "Ragigudda", "highway": "bus_stop", "railway": null, "public_transport": "platform" }, "geometry": { "type": "Point", "coordinates": [ 77.5933628, 12.9169845 ] } },
{ "type": "Feature", "properties": { "name": "East End Bus Stop", "highway": "bus_stop", "railway": null, "public_transport": "platform" }, "geometry": { "type": "Point", "coordinates": [ 77.5969184, 12.9171428 ] } },
{ "type": "Feature", "properties": { "name": "Devi Nagara Cross", "highway": "bus_stop", "railway": null, "public_transport": null }, "geometry": { "type": "Point", "coordinates": [ 77.5638436, 13.0446421 ] } },
{ "type": "Feature", "properties": { "name": "Devi Nagara", "highway": "bus_stop", "railway": null, "public_transport": "platform" }, "geometry": { "type": "Point", "coordinates": [ 77.5687712, 13.0470509 ] } },
{ "type": "Feature", "properties": { "name": "JC Nagara", "highway": "bus_stop", "railway": null, "public_transport": "platform" }, "geometry": { "type": "Point", "coordinates": [ 77.5929165, 13.0067177 ] } },
{ "type": "Feature", "properties": { "name": "Mekhri Circle", "highway": "bus_stop", "railway": null, "public_transport": "platform" }, "geometry": { "type": "Point", "coordinates": [ 77.5852695, 13.0146244 ] } },
{ "type": "Feature", "properties": { "name": "Yarappanahalli", "highway": "bus_stop", "railway": null, "public_transport": null }, "geometry": { "type": "Point", "coordinates": [ 77.6871407, 13.0853455 ] } },
{ "type": "Feature", "properties": { "name": "Gollarahalli", "highway": "bus_stop", "railway": null, "public_transport": null }, "geometry": { "type": "Point", "coordinates": [ 77.6756214, 13.0836729 ] } },
{ "type": "Feature", "properties": { "name": "Dasanayakanahalli", "highway": "bus_stop", "railway": null, "public_transport": null }, "geometry": { "type": "Point", "coordinates": [ 77.688751, 13.1180544 ] } },
{ "type": "Feature", "properties": { "name": "Are Binnamangala", "highway": "bus_stop", "railway": null, "public_transport": null }, "geometry": { "type": "Point", "coordinates": [ 77.7164729, 13.15372 ] } },
{ "type": "Feature", "properties": { "name": "Gollahalli", "highway": "bus_stop", "railway": null, "public_transport": "platform" }, "geometry": { "type": "Point", "coordinates": [ 77.7250399, 13.1515787 ] } },
{ "type": "Feature", "properties": { "name": "Parvathi Nagara", "highway": "bus_stop", "railway": null, "public_transport": "platform" }, "geometry": { "type": "Point", "coordinates": [ 77.7159596, 13.0318204 ] } },
{ "type": "Feature", "properties": { "name": "Chikka Gubbi", "highway": "bus_stop", "railway": null, "public_transport": null }, "geometry": { "type": "Point", "coordinates": [ 77.6663499, 13.0805504 ] } },
{ "type": "Feature", "properties": { "name": "Kada Sonappana Halli", "highway": "bus_stop", "railway": null, "public_transport": null }, "geometry": { "type": "Point", "coordinates": [ 77.6640397, 13.0988737 ] } },
{ "type": "Feature", "properties": { "name": "Chokkanahalli", "highway": "bus_stop", "railway": null, "public_transport": null }, "geometry": { "type": "Point", "coordinates": [ 77.627086, 13.0847781 ] } },
{ "type": "Feature", "properties": { "name": "H Tippunagar", "highway": "bus_stop", "railway": null, "public_transport": null }, "geometry": { "type": "Point", "coordinates": [ 77.6437751, 13.1008901 ] } },
{ "type": "Feature", "properties": { "name": "Kodagalahatti", "highway": "bus_stop", "railway": null, "public_transport": null }, "geometry": { "type": "Point", "coordinates": [ 77.6281935, 13.1433219 ] } },
{ "type": "Feature", "properties": { "name": "Billamaranahalli", "highway": "bus_stop", "railway": null, "public_transport": "platform" }, "geometry": { "type": "Point", "coordinates": [ 77.6376987, 13.150146 ] } },
{ "type": "Feature", "properties": { "name": "Vidyanagara Devanahalli Road", "highway": "bus_stop", "railway": null, "public_transport": null }, "geometry": { "type": "Point", "coordinates": [ 77.6407715, 13.1597459 ] } },
{ "type": "Feature", "properties": { "name": "Akkayyamma Betta", "highway": "bus_stop", "railway": null, "public_transport": null }, "geometry": { "type": "Point", "coordinates": [ 77.6423847, 13.1619312 ] } },
{ "type": "Feature", "properties": { "name": "Uttarahalli", "highway": "bus_stop", "railway": null, "public_transport": null }, "geometry": { "type": "Point", "coordinates": [ 77.6513803, 13.1655475 ] } },
{ "type": "Feature", "properties": { "name": "Kolipura Uttanahalli", "highway": "bus_stop", "railway": null, "public_transport": null }, "geometry": { "type": "Point", "coordinates": [ 77.6573841, 13.1684398 ] } },
{ "type": "Feature", "properties": { "name": "Byala Halli", "highway": "bus_stop", "railway": null, "public_transport": null }, "geometry": { "type": "Point", "coordinates": [ 77.6807898, 13.1689391 ] } },
{ "type": "Feature", "properties": { "name": "AMC College", "highway": "bus_stop", "railway": null, "public_transport": "platform" }, "geometry": { "type": "Point", "coordinates": [ 77.5877321, 12.8294155 ] } },
{ "type": "Feature", "properties": { "name": "Sampangiram Nagara", "highway": "bus_stop", "railway": null, "public_transport": "platform" }, "geometry": { "type": "Point", "coordinates": [ 77.5863275, 12.8254027 ] } },
{ "type": "Feature", "properties": { "name": "Beguru (Towards Yalahanka)", "highway": "bus_stop", "railway": null, "public_transport": "platform" }, "geometry": { "type": "Point", "coordinates": [ 77.6811667, 13.1835304 ] } },
{ "type": "Feature", "properties": { "name": "Chikkanahalli (Towards Mylanahalli)", "highway": "bus_stop", "railway": null, "public_transport": "platform" }, "geometry": { "type": "Point", "coordinates": [ 77.6889669, 13.1840087 ] } },
{ "type": "Feature", "properties": { "name": "Kadayarppanhalli", "highway": "bus_stop", "railway": null, "public_transport": null }, "geometry": { "type": "Point", "coordinates": [ 77.7052877, 13.1840785 ] } },
{ "type": "Feature", "properties": { "name": "Kurubarahalli", "highway": "bus_stop", "railway": null, "public_transport": null }, "geometry": { "type": "Point", "coordinates": [ 77.7989494, 13.1012756 ] } },
{ "type": "Feature", "properties": { "name": "Bidalapura", "highway": "bus_stop", "railway": null, "public_transport": null }, "geometry": { "type": "Point", "coordinates": [ 77.7744182, 13.1871362 ] } },
{ "type": "Feature", "properties": { "name": "Hunasuru", "highway": "bus_stop", "railway": null, "public_transport": "platform" }, "geometry": { "type": "Point", "coordinates": [ 77.7150043, 13.180658 ] } },
{ "type": "Feature", "properties": { "name": "Cipla", "highway": "bus_stop", "railway": null, "public_transport": null }, "geometry": { "type": "Point", "coordinates": [ 77.7314567, 13.032047 ] } },
{ "type": "Feature", "properties": { "name": "Veeranahalli", "highway": "bus_stop", "railway": null, "public_transport": null }, "geometry": { "type": "Point", "coordinates": [ 77.7368893, 13.0240151 ] } },
{ "type": "Feature", "properties": { "name": "Belathuru", "highway": "bus_stop", "railway": null, "public_transport": "platform" }, "geometry": { "type": "Point", "coordinates": [ 77.7565374, 13.0043868 ] } },
{ "type": "Feature", "properties": { "name": "K Dommasandra", "highway": "bus_stop", "railway": null, "public_transport": null }, "geometry": { "type": "Point", "coordinates": [ 77.7405519, 13.0108196 ] } },
{ "type": "Feature", "properties": { "name": "Kurudu Sonnenahalli", "highway": "bus_stop", "railway": null, "public_transport": null }, "geometry": { "type": "Point", "coordinates": [ 77.7324727, 13.0140547 ] } },
{ "type": "Feature", "properties": { "name": "Chennanahalli", "highway": "bus_stop", "railway": null, "public_transport": null }, "geometry": { "type": "Point", "coordinates": [ 77.7434931, 13.0308017 ] } },
{ "type": "Feature", "properties": { "name": "Gayatri Layout", "highway": "bus_stop", "railway": null, "public_transport": null }, "geometry": { "type": "Point", "coordinates": [ 77.7095983, 13.0140546 ] } },
{ "type": "Feature", "properties": { "name": "Kodigehalli", "highway": "bus_stop", "railway": null, "public_transport": null }, "geometry": { "type": "Point", "coordinates": [ 77.7273522, 13.0038426 ] } },
{ "type": "Feature", "properties": { "name": "Sadaramangala", "highway": "bus_stop", "railway": null, "public_transport": null }, "geometry": { "type": "Point", "coordinates": [ 77.7367453, 12.9995723 ] } },
{ "type": "Feature", "properties": { "name": "Kannamangala", "highway": "bus_stop", "railway": null, "public_transport": null }, "geometry": { "type": "Point", "coordinates": [ 77.77023, 13.0266333 ] } },
{ "type": "Feature", "properties": { "name": "Mylanahalli Gate", "highway": "bus_stop", "railway": null, "public_transport": "platform" }, "geometry": { "type": "Point", "coordinates": [ 77.4036825, 13.1328361 ] } },
{ "type": "Feature", "properties": { "name": "Nisarga Layout", "highway": "bus_stop", "railway": null, "public_transport": "platform" }, "geometry": { "type": "Point", "coordinates": [ 77.4521283, 13.0737412 ] } },
{ "type": "Feature", "properties": { "name": "Biscuit Factory", "highway": "bus_stop", "railway": null, "public_transport": "platform" }, "geometry": { "type": "Point", "coordinates": [ 77.4504331, 13.0812447 ] } },
{ "type": "Feature", "properties": { "name": "Manthri Layout", "highway": "bus_stop", "railway": null, "public_transport": "platform" }, "geometry": { "type": "Point", "coordinates": [ 77.4476436, 13.0847038 ] } },
{ "type": "Feature", "properties": { "name": "Kodipalya", "highway": "bus_stop", "railway": null, "public_transport": "platform" }, "geometry": { "type": "Point", "coordinates": [ 77.4452117, 13.0964119 ] } },
{ "type": "Feature", "properties": { "name": "Kanva Gate", "highway": "bus_stop", "railway": null, "public_transport": "platform" }, "geometry": { "type": "Point", "coordinates": [ 77.4439151, 13.1042378 ] } },
{ "type": "Feature", "properties": { "name": "Mathahalli Cross", "highway": "bus_stop", "railway": null, "public_transport": "platform" }, "geometry": { "type": "Point", "coordinates": [ 77.443513, 13.1104415 ] } },
{ "type": "Feature", "properties": { "name": "Chikka Veerana Palya", "highway": "bus_stop", "railway": null, "public_transport": "platform" }, "geometry": { "type": "Point", "coordinates": [ 77.4315289, 13.114245 ] } },
{ "type": "Feature", "properties": { "name": "Gollahalli", "highway": "bus_stop", "railway": null, "public_transport": "platform" }, "geometry": { "type": "Point", "coordinates": [ 77.4121623, 13.1438547 ] } },
{ "type": "Feature", "properties": { "name": "Railway Gate Gollahalli", "highway": "bus_stop", "railway": null, "public_transport": "platform" }, "geometry": { "type": "Point", "coordinates": [ 77.411755, 13.1506153 ] } },
{ "type": "Feature", "properties": { "name": "Guttepalya", "highway": "bus_stop", "railway": null, "public_transport": "platform" }, "geometry": { "type": "Point", "coordinates": [ 77.4114955, 13.1673229 ] } },
{ "type": "Feature", "properties": { "name": "Uddi Chikkanahalli Gate", "highway": "bus_stop", "railway": null, "public_transport": "platform" }, "geometry": { "type": "Point", "coordinates": [ 77.4144661, 13.1725765 ] } },
{ "type": "Feature", "properties": { "name": "Jn of Gottipura Road", "highway": "bus_stop", "railway": null, "public_transport": null }, "geometry": { "type": "Point", "coordinates": [ 77.8465592, 13.0948886 ] } },
{ "type": "Feature", "properties": { "name": "Dasarahalli", "highway": "bus_stop", "railway": null, "public_transport": "platform" }, "geometry": { "type": "Point", "coordinates": [ 77.835951, 13.0999548 ] } },
{ "type": "Feature", "properties": { "name": "CSI Hospital", "highway": "bus_stop", "railway": null, "public_transport": "platform" }, "geometry": { "type": "Point", "coordinates": [ 77.5993652, 12.9897471 ] } },
{ "type": "Feature", "properties": { "name": "Nilgiri Wines", "highway": "bus_stop", "railway": null, "public_transport": null }, "geometry": { "type": "Point", "coordinates": [ 77.605016, 13.075777 ] } },
{ "type": "Feature", "properties": { "name": "Surabhi Layout", "highway": "bus_stop", "railway": null, "public_transport": "platform" }, "geometry": { "type": "Point", "coordinates": [ 77.6009735, 13.0929358 ] } },
{ "type": "Feature", "properties": { "name": "Kere Guddadahalli", "highway": "bus_stop", "railway": null, "public_transport": null }, "geometry": { "type": "Point", "coordinates": [ 77.5164773, 13.0787974 ] } },
{ "type": "Feature", "properties": { "name": "Syndicate Bank Colony", "highway": "bus_stop", "railway": null, "public_transport": "platform" }, "geometry": { "type": "Point", "coordinates": [ 77.4894408, 12.9978617 ] } },
{ "type": "Feature", "properties": { "name": "Balaji Nagar", "highway": "bus_stop", "railway": null, "public_transport": null }, "geometry": { "type": "Point", "coordinates": [ 77.4966426, 13.0139019 ] } },
{ "type": "Feature", "properties": { "name": "Laggere Bridge", "highway": "bus_stop", "railway": null, "public_transport": "platform" }, "geometry": { "type": "Point", "coordinates": [ 77.5268696, 13.0085607 ] } },
{ "type": "Feature", "properties": { "name": "Central", "highway": "bus_stop", "railway": null, "public_transport": "platform" }, "geometry": { "type": "Point", "coordinates": [ 77.5719793, 12.9896127 ] } },
{ "type": "Feature", "properties": { "name": "Malleswaram Circle", "highway": "bus_stop", "railway": null, "public_transport": "platform" }, "geometry": { "type": "Point", "coordinates": [ 77.5713107, 12.9977309 ] } },
{ "type": "Feature", "properties": { "name": "Anandanagar", "highway": "bus_stop", "railway": null, "public_transport": "platform" }, "geometry": { "type": "Point", "coordinates": [ 77.5919443, 13.0329207 ] } },
{ "type": "Feature", "properties": { "name": "LR Bande home", "highway": "bus_stop", "railway": null, "public_transport": null }, "geometry": { "type": "Point", "coordinates": [ 77.6092934, 13.029541 ] } },
{ "type": "Feature", "properties": { "name": "Thimmayya Garden", "highway": "bus_stop", "railway": null, "public_transport": null }, "geometry": { "type": "Point", "coordinates": [ 77.5988368, 13.0185344 ] } },
{ "type": "Feature", "properties": { "name": "Poojena Agrahara", "highway": "bus_stop", "railway": null, "public_transport": null }, "geometry": { "type": "Point", "coordinates": [ 77.7964433, 13.0350303 ] } },
{ "type": "Feature", "properties": { "name": "Kodihalli", "highway": "bus_stop", "railway": null, "public_transport": null }, "geometry": { "type": "Point", "coordinates": [ 77.8108985, 13.0184137 ] } },
{ "type": "Feature", "properties": { "name": "Devashettihalli", "highway": "bus_stop", "railway": null, "public_transport": null }, "geometry": { "type": "Point", "coordinates": [ 77.8211338, 13.0245391 ] } },
{ "type": "Feature", "properties": { "name": "Jinnagara", "highway": "bus_stop", "railway": null, "public_transport": null }, "geometry": { "type": "Point", "coordinates": [ 77.8209903, 13.0328111 ] } },
{ "type": "Feature", "properties": { "name": "Naduvatti", "highway": "bus_stop", "railway": null, "public_transport": null }, "geometry": { "type": "Point", "coordinates": [ 77.796702, 13.0061752 ] } },
{ "type": "Feature", "properties": { "name": "Bisanahalli", "highway": "bus_stop", "railway": null, "public_transport": null }, "geometry": { "type": "Point", "coordinates": [ 77.8129609, 13.0089386 ] } },
{ "type": "Feature", "properties": { "name": "Harohalli", "highway": "bus_stop", "railway": null, "public_transport": null }, "geometry": { "type": "Point", "coordinates": [ 77.786354, 12.957665 ] } },
{ "type": "Feature", "properties": { "name": "Shivajinagar Bus Station", "highway": "bus_stop", "railway": null, "public_transport": "platform" }, "geometry": { "type": "Point", "coordinates": [ 77.6031044, 12.9834081 ] } },
{ "type": "Feature", "properties": { "name": "Hudson Circle", "highway": "bus_stop", "railway": null, "public_transport": "platform" }, "geometry": { "type": "Point", "coordinates": [ 77.5911788, 12.9679518 ] } },
{ "type": "Feature", "properties": { "name": "Dodda Dasarahalli", "highway": "bus_stop", "railway": null, "public_transport": null }, "geometry": { "type": "Point", "coordinates": [ 77.8308283, 13.0045967 ] } },
{ "type": "Feature", "properties": { "name": "Geddalahalli", "highway": "bus_stop", "railway": null, "public_transport": null }, "geometry": { "type": "Point", "coordinates": [ 77.8405192, 12.995559 ] } },
{ "type": "Feature", "properties": { "name": "Kacharakanahalli", "highway": "bus_stop", "railway": null, "public_transport": null }, "geometry": { "type": "Point", "coordinates": [ 77.8148209, 12.99638 ] } },
{ "type": "Feature", "properties": { "name": "Naduvatti Colony", "highway": "bus_stop", "railway": null, "public_transport": null }, "geometry": { "type": "Point", "coordinates": [ 77.7995323, 13.0021296 ] } },
{ "type": "Feature", "properties": { "name": "Balaji Nagara", "highway": "bus_stop", "railway": null, "public_transport": null }, "geometry": { "type": "Point", "coordinates": [ 77.4967077, 13.0100902 ] } },
{ "type": "Feature", "properties": { "name": "Byraveshwara Nagara", "highway": "bus_stop", "railway": null, "public_transport": null }, "geometry": { "type": "Point", "coordinates": [ 77.4911456, 13.0372658 ] } },
{ "type": "Feature", "properties": { "name": "Kalyananagara Bus Stand", "highway": "bus_stop", "railway": null, "public_transport": "platform" }, "geometry": { "type": "Point", "coordinates": [ 77.6387345, 13.0264671 ] } },
{ "type": "Feature", "properties": { "name": "Govinda Pura", "highway": "bus_stop", "railway": null, "public_transport": null }, "geometry": { "type": "Point", "coordinates": [ 77.6144323, 13.0343322 ] } },
{ "type": "Feature", "properties": { "name": "Veterinary College", "highway": "bus_stop", "railway": null, "public_transport": "platform" }, "geometry": { "type": "Point", "coordinates": [ 77.5875158, 13.0324779 ] } },
{ "type": "Feature", "properties": { "name": "Kakolu", "highway": "bus_stop", "railway": null, "public_transport": "platform" }, "geometry": { "type": "Point", "coordinates": [ 77.518481, 13.1843106 ] } },
{ "type": "Feature", "properties": { "name": "Ajjagondanahalli", "highway": "bus_stop", "railway": null, "public_transport": null }, "geometry": { "type": "Point", "coordinates": [ 77.766442, 12.95638 ] } },
{ "type": "Feature", "properties": { "name": "Veerabhadra Nagara", "highway": "bus_stop", "railway": null, "public_transport": "platform" }, "geometry": { "type": "Point", "coordinates": [ 77.533544, 12.9378692 ] } },
{ "type": "Feature", "properties": { "name": "Parangipalya", "highway": "bus_stop", "railway": null, "public_transport": "platform" }, "geometry": { "type": "Point", "coordinates": [ 77.6492718, 12.9089682 ] } },
{ "type": "Feature", "properties": { "name": "Nagadasanahalli", "highway": "bus_stop", "railway": null, "public_transport": "platform" }, "geometry": { "type": "Point", "coordinates": [ 77.5780295, 13.1600155 ] } },
{ "type": "Feature", "properties": { "name": "Harohalli", "highway": "bus_stop", "railway": null, "public_transport": "platform" }, "geometry": { "type": "Point", "coordinates": [ 77.5803711, 13.130798 ] } },
{ "type": "Feature", "properties": { "name": "Nagenahalli Nagadasanahalli", "highway": "bus_stop", "railway": null, "public_transport": null }, "geometry": { "type": "Point", "coordinates": [ 77.5743456, 13.131158 ] } },
{ "type": "Feature", "properties": { "name": "Borehalli", "highway": "bus_stop", "railway": null, "public_transport": "platform" }, "geometry": { "type": "Point", "coordinates": [ 77.3580481, 12.843603 ] } },
{ "type": "Feature", "properties": { "name": "Ankana Halli", "highway": "bus_stop", "railway": null, "public_transport": "platform" }, "geometry": { "type": "Point", "coordinates": [ 77.3574118, 12.8561738 ] } },
{ "type": "Feature", "properties": { "name": "Uddandahalli", "highway": "bus_stop", "railway": null, "public_transport": null }, "geometry": { "type": "Point", "coordinates": [ 77.3837731, 12.8863531 ] } },
{ "type": "Feature", "properties": { "name": "Koluru", "highway": "bus_stop", "railway": null, "public_transport": null }, "geometry": { "type": "Point", "coordinates": [ 77.4131622, 12.8913046 ] } },
{ "type": "Feature", "properties": { "name": "Kundalpura", "highway": "bus_stop", "railway": null, "public_transport": null }, "geometry": { "type": "Point", "coordinates": [ 77.4153901, 12.8951699 ] } },
{ "type": "Feature", "properties": { "name": "Cholanayakanahalli", "highway": "bus_stop", "railway": null, "public_transport": "platform" }, "geometry": { "type": "Point", "coordinates": [ 77.3596322, 12.960633 ] } },
{ "type": "Feature", "properties": { "name": "CQAL", "highway": "bus_stop", "railway": null, "public_transport": "platform" }, "geometry": { "type": "Point", "coordinates": [ 77.5924253, 13.011327 ] } },
{ "type": "Feature", "properties": { "name": "St Marthas Hospital", "highway": "bus_stop", "railway": null, "public_transport": "platform" }, "geometry": { "type": "Point", "coordinates": [ 77.5871659, 12.9697786 ] } },
{ "type": "Feature", "properties": { "name": "Vidhana Soudha", "highway": "bus_stop", "railway": null, "public_transport": "platform" }, "geometry": { "type": "Point", "coordinates": [ 77.5929782, 12.9802701 ] } },
{ "type": "Feature", "properties": { "name": "Vidhana Soudha", "highway": "bus_stop", "railway": null, "public_transport": "platform" }, "geometry": { "type": "Point", "coordinates": [ 77.5900021, 12.9772093 ] } },
{ "type": "Feature", "properties": { "name": "Kasturba Road", "highway": "bus_stop", "railway": null, "public_transport": "platform" }, "geometry": { "type": "Point", "coordinates": [ 77.5960335, 12.9741152 ] } },
{ "type": "Feature", "properties": { "name": "Indian Express", "highway": "bus_stop", "railway": null, "public_transport": "stop_position" }, "geometry": { "type": "Point", "coordinates": [ 77.5973764, 12.9839163 ] } },
{ "type": "Feature", "properties": { "name": "BGS college", "highway": "bus_stop", "railway": null, "public_transport": "platform" }, "geometry": { "type": "Point", "coordinates": [ 77.4513806, 13.1445292 ] } },
{ "type": "Feature", "properties": { "name": "Siemens Bank", "highway": "bus_stop", "railway": null, "public_transport": null }, "geometry": { "type": "Point", "coordinates": [ 77.49677, 13.1490964 ] } },
{ "type": "Feature", "properties": { "name": "Koli Farm Hesarugatta Road", "highway": "bus_stop", "railway": null, "public_transport": null }, "geometry": { "type": "Point", "coordinates": [ 77.5031105, 13.1723014 ] } },
{ "type": "Feature", "properties": { "name": "Government Hospitals", "highway": "bus_stop", "railway": null, "public_transport": "platform" }, "geometry": { "type": "Point", "coordinates": [ 77.5018125, 13.1936336 ] } },
{ "type": "Feature", "properties": { "name": null, "highway": "bus_stop", "railway": null, "public_transport": null }, "geometry": { "type": "Point", "coordinates": [ 77.5791192, 12.9855479 ] } },
{ "type": "Feature", "properties": { "name": "Lalbagh West Gate, V V Puram", "highway": "bus_stop", "railway": null, "public_transport": "platform" }, "geometry": { "type": "Point", "coordinates": [ 77.5801087, 12.9475769 ] } },
{ "type": "Feature", "properties": { "name": "Krumbigal Road", "highway": "bus_stop", "railway": null, "public_transport": "platform" }, "geometry": { "type": "Point", "coordinates": [ 77.583614, 12.9531016 ] } },
{ "type": "Feature", "properties": { "name": "MD Block", "highway": "bus_stop", "railway": null, "public_transport": "platform" }, "geometry": { "type": "Point", "coordinates": [ 77.5697205, 12.993211 ] } },
{ "type": "Feature", "properties": { "name": "Sondekoppa Circle Nelamangala", "highway": "bus_stop", "railway": null, "public_transport": "platform" }, "geometry": { "type": "Point", "coordinates": [ 77.3947533, 13.092335 ] } },
{ "type": "Feature", "properties": { "name": "Hunasemara Nelamangala", "highway": "bus_stop", "railway": null, "public_transport": "platform" }, "geometry": { "type": "Point", "coordinates": [ 77.3908864, 13.1003782 ] } },
{ "type": "Feature", "properties": { "name": "Nelamangala BMTC Bus Stand", "highway": "bus_stop", "railway": null, "public_transport": "platform" }, "geometry": { "type": "Point", "coordinates": [ 77.3942558, 13.0982126 ] } },
{ "type": "Feature", "properties": { "name": "Vishwa Shanti Ashrama", "highway": "bus_stop", "railway": null, "public_transport": "platform" }, "geometry": { "type": "Point", "coordinates": [ 77.4166291, 13.0843456 ] } },
{ "type": "Feature", "properties": { "name": "TB Nelamangala", "highway": "bus_stop", "railway": null, "public_transport": "platform" }, "geometry": { "type": "Point", "coordinates": [ 77.4014296, 13.0970426 ] } },
{ "type": "Feature", "properties": { "name": "Heelalige", "highway": null, "railway": "station", "public_transport": "station" }, "geometry": { "type": "Point", "coordinates": [ 77.7110736, 12.8132888 ] } },
{ "type": "Feature", "properties": { "name": "BWSSB Quarters", "highway": "bus_stop", "railway": null, "public_transport": "platform" }, "geometry": { "type": "Point", "coordinates": [ 77.5234553, 12.9398137 ] } },
{ "type": "Feature", "properties": { "name": "Hosa Guddadahalli", "highway": "bus_stop", "railway": null, "public_transport": "platform" }, "geometry": { "type": "Point", "coordinates": [ 77.5461656, 12.9561513 ] } },
{ "type": "Feature", "properties": { "name": "Nayandahalli", "highway": "bus_stop", "railway": null, "public_transport": "platform" }, "geometry": { "type": "Point", "coordinates": [ 77.5262824, 12.9436734 ] } },
{ "type": "Feature", "properties": { "name": "Jayaram Das Factory", "highway": "bus_stop", "railway": null, "public_transport": "platform" }, "geometry": { "type": "Point", "coordinates": [ 77.5056548, 12.9297858 ] } },
{ "type": "Feature", "properties": { "name": "Mylasandra Cross", "highway": "bus_stop", "railway": null, "public_transport": "platform" }, "geometry": { "type": "Point", "coordinates": [ 77.4905218, 12.9171955 ] } },
{ "type": "Feature", "properties": { "name": "RV College", "highway": "bus_stop", "railway": null, "public_transport": "platform" }, "geometry": { "type": "Point", "coordinates": [ 77.4995421, 12.9253978 ] } },
{ "type": "Feature", "properties": { "name": "Kengeri TTMC", "highway": "bus_stop", "railway": null, "public_transport": "platform" }, "geometry": { "type": "Point", "coordinates": [ 77.4871216, 12.9137317 ] } },
{ "type": "Feature", "properties": { "name": "Sadahalli Gate", "highway": "bus_stop", "railway": null, "public_transport": "platform" }, "geometry": { "type": "Point", "coordinates": [ 77.6459273, 13.1910854 ] } },
{ "type": "Feature", "properties": { "name": "Hulimavu", "highway": "bus_stop", "railway": null, "public_transport": null }, "geometry": { "type": "Point", "coordinates": [ 77.6088757, 12.8766497 ] } },
{ "type": "Feature", "properties": { "name": "Anjaneya Temple", "highway": "bus_stop", "railway": null, "public_transport": null }, "geometry": { "type": "Point", "coordinates": [ 77.5288048, 12.9384714 ] } },
{ "type": "Feature", "properties": { "name": "Chandrapura Cross", "highway": "bus_stop", "railway": null, "public_transport": "platform" }, "geometry": { "type": "Point", "coordinates": [ 77.7382536, 12.8873326 ] } },
{ "type": "Feature", "properties": { "name": "Sulikere", "highway": "bus_stop", "railway": null, "public_transport": "platform" }, "geometry": { "type": "Point", "coordinates": [ 77.4481808, 12.9392858 ] } },
{ "type": "Feature", "properties": { "name": "Hosahalli", "highway": "bus_stop", "railway": null, "public_transport": "platform" }, "geometry": { "type": "Point", "coordinates": [ 77.4538575, 12.9630714 ] } },
{ "type": "Feature", "properties": { "name": "Kenchanapura", "highway": "bus_stop", "railway": null, "public_transport": "platform" }, "geometry": { "type": "Point", "coordinates": [ 77.4498784, 12.957147 ] } },
{ "type": "Feature", "properties": { "name": "Jalahalli Cross", "highway": "bus_stop", "railway": null, "public_transport": "platform" }, "geometry": { "type": "Point", "coordinates": [ 77.5187543, 13.0399581 ] } },
{ "type": "Feature", "properties": { "name": "Jalahalli Village", "highway": "bus_stop", "railway": null, "public_transport": null }, "geometry": { "type": "Point", "coordinates": [ 77.5481702, 13.0452406 ] } },
{ "type": "Feature", "properties": { "name": "Whitefield", "highway": "bus_stop", "railway": null, "public_transport": "platform" }, "geometry": { "type": "Point", "coordinates": [ 77.7499623, 12.9705356 ] } },
{ "type": "Feature", "properties": { "name": "Hope Farm (Towards Hoskote)", "highway": "bus_stop", "railway": null, "public_transport": "platform" }, "geometry": { "type": "Point", "coordinates": [ 77.7515099, 12.984305 ] } },
{ "type": "Feature", "properties": { "name": "Kundalahalli Gate", "highway": "bus_stop", "railway": null, "public_transport": "platform" }, "geometry": { "type": "Point", "coordinates": [ 77.7156081, 12.9582966 ] } },
{ "type": "Feature", "properties": { "name": "Graphite India", "highway": "bus_stop", "railway": null, "public_transport": "platform" }, "geometry": { "type": "Point", "coordinates": [ 77.7101792, 12.9768724 ] } },
{ "type": "Feature", "properties": { "name": "Sai Baba Hospital", "highway": "bus_stop", "railway": null, "public_transport": "platform" }, "geometry": { "type": "Point", "coordinates": [ 77.7278237, 12.9824967 ] } },
{ "type": "Feature", "properties": { "name": "ITPL", "highway": "bus_stop", "railway": null, "public_transport": "platform" }, "geometry": { "type": "Point", "coordinates": [ 77.7360728, 12.9874754 ] } },
{ "type": "Feature", "properties": { "name": "GR Tech Park", "highway": "bus_stop", "railway": null, "public_transport": "platform" }, "geometry": { "type": "Point", "coordinates": [ 77.7448169, 12.986516 ] } },
{ "type": "Feature", "properties": { "name": "Vagdevi School", "highway": "bus_stop", "railway": null, "public_transport": "platform" }, "geometry": { "type": "Point", "coordinates": [ 77.7602838, 12.9325003 ] } },
{ "type": "Feature", "properties": { "name": "Binnamangala", "highway": "bus_stop", "railway": null, "public_transport": "platform" }, "geometry": { "type": "Point", "coordinates": [ 77.6378465, 12.9831592 ] } },
{ "type": "Feature", "properties": { "name": "Ganga Nagar", "highway": "bus_stop", "railway": null, "public_transport": "platform" }, "geometry": { "type": "Point", "coordinates": [ 77.5916809, 13.025065 ] } },
{ "type": "Feature", "properties": { "name": "Anchepalya", "highway": "bus_stop", "railway": null, "public_transport": null }, "geometry": { "type": "Point", "coordinates": [ 77.4791781, 13.0554769 ] } },
{ "type": "Feature", "properties": { "name": "KBD Factory", "highway": "bus_stop", "railway": null, "public_transport": "platform" }, "geometry": { "type": "Point", "coordinates": [ 77.3723508, 13.1171389 ] } },
{ "type": "Feature", "properties": { "name": "KBD Factory", "highway": "bus_stop", "railway": null, "public_transport": "platform" }, "geometry": { "type": "Point", "coordinates": [ 77.3724475, 13.1168507 ] } },
{ "type": "Feature", "properties": { "name": "Bommanahalli", "highway": "bus_stop", "railway": null, "public_transport": "platform" }, "geometry": { "type": "Point", "coordinates": [ 77.3684387, 13.1212598 ] } },
{ "type": "Feature", "properties": { "name": "Muneshwara Block", "highway": "bus_stop", "railway": null, "public_transport": "platform" }, "geometry": { "type": "Point", "coordinates": [ 77.548584, 12.9423156 ] } },
{ "type": "Feature", "properties": { "name": "Hosakerehalli Cross", "highway": "bus_stop", "railway": null, "public_transport": null }, "geometry": { "type": "Point", "coordinates": [ 77.5452951, 12.9326884 ] } },
{ "type": "Feature", "properties": { "name": "SBM Colony", "highway": "bus_stop", "railway": null, "public_transport": null }, "geometry": { "type": "Point", "coordinates": [ 77.5535885, 12.9386882 ] } },
{ "type": "Feature", "properties": { "name": "Apex Bank", "highway": "bus_stop", "railway": null, "public_transport": "platform" }, "geometry": { "type": "Point", "coordinates": [ 77.5558894, 12.941781 ] } },
{ "type": "Feature", "properties": { "name": "Maruthi Circle", "highway": "bus_stop", "railway": null, "public_transport": "platform" }, "geometry": { "type": "Point", "coordinates": [ 77.5581671, 12.9433335 ] } },
{ "type": "Feature", "properties": { "name": "Subramanya Swamy Temple", "highway": "bus_stop", "railway": null, "public_transport": "platform" }, "geometry": { "type": "Point", "coordinates": [ 77.5618941, 12.9435401 ] } },
{ "type": "Feature", "properties": { "name": "Ganesha Bhavan", "highway": "bus_stop", "railway": null, "public_transport": "platform" }, "geometry": { "type": "Point", "coordinates": [ 77.5642273, 12.9437945 ] } },
{ "type": "Feature", "properties": { "name": "Avalahalli Cross, Girinagar Cross", "highway": "bus_stop", "railway": null, "public_transport": null }, "geometry": { "type": "Point", "coordinates": [ 77.5450571, 12.9432005 ] } },
{ "type": "Feature", "properties": { "name": "Nagendra Block,Banashankari 3Rd Stage", "highway": "bus_stop", "railway": null, "public_transport": "platform" }, "geometry": { "type": "Point", "coordinates": [ 77.552003, 12.9420196 ] } },
{ "type": "Feature", "properties": { "name": "Karnataka Housing Complex", "highway": "bus_stop", "railway": null, "public_transport": "platform" }, "geometry": { "type": "Point", "coordinates": [ 77.6228551, 12.9453201 ] } },
{ "type": "Feature", "properties": { "name": "Ejipura School", "highway": "bus_stop", "railway": null, "public_transport": "platform" }, "geometry": { "type": "Point", "coordinates": [ 77.6307137, 12.9427087 ] } },
{ "type": "Feature", "properties": { "name": "Puttenahalli", "highway": "bus_stop", "railway": null, "public_transport": "platform" }, "geometry": { "type": "Point", "coordinates": [ 77.5799898, 13.1105278 ] } },
{ "type": "Feature", "properties": { "name": "Puttenahalli", "highway": "bus_stop", "railway": null, "public_transport": "platform" }, "geometry": { "type": "Point", "coordinates": [ 77.580102, 13.1106047 ] } },
{ "type": "Feature", "properties": { "name": "Wheel And Axle Plant", "highway": "bus_stop", "railway": null, "public_transport": "platform" }, "geometry": { "type": "Point", "coordinates": [ 77.5820759, 13.1062538 ] } },
{ "type": "Feature", "properties": { "name": "Escorts Yelahanka Road", "highway": "bus_stop", "railway": null, "public_transport": "platform" }, "geometry": { "type": "Point", "coordinates": [ 77.5861962, 13.1024542 ] } },
{ "type": "Feature", "properties": { "name": "Bande Inorapalya", "highway": "bus_stop", "railway": null, "public_transport": null }, "geometry": { "type": "Point", "coordinates": [ 77.371844, 12.9309472 ] } },
{ "type": "Feature", "properties": { "name": "Madapatna", "highway": "bus_stop", "railway": null, "public_transport": null }, "geometry": { "type": "Point", "coordinates": [ 77.3727675, 12.9371095 ] } },
{ "type": "Feature", "properties": { "name": "Heggada gere", "highway": "bus_stop", "railway": null, "public_transport": null }, "geometry": { "type": "Point", "coordinates": [ 77.3773061, 12.7634471 ] } },
{ "type": "Feature", "properties": { "name": "Muddana Palya", "highway": "bus_stop", "railway": null, "public_transport": null }, "geometry": { "type": "Point", "coordinates": [ 77.3821833, 12.919341 ] } },
{ "type": "Feature", "properties": { "name": "Hoodi Circle", "highway": "bus_stop", "railway": null, "public_transport": "platform" }, "geometry": { "type": "Point", "coordinates": [ 77.7154286, 12.9922796 ] } },
{ "type": "Feature", "properties": { "name": "Graphite India", "highway": "bus_stop", "railway": null, "public_transport": "platform" }, "geometry": { "type": "Point", "coordinates": [ 77.7103731, 12.9782357 ] } },
{ "type": "Feature", "properties": { "name": "Navarathna Agrahara", "highway": "bus_stop", "railway": null, "public_transport": "platform" }, "geometry": { "type": "Point", "coordinates": [ 77.6141733, 13.1990567 ] } },
{ "type": "Feature", "properties": { "name": null, "highway": "bus_stop", "railway": null, "public_transport": "platform" }, "geometry": { "type": "Point", "coordinates": [ 77.6014203, 13.1626251 ] } },
{ "type": "Feature", "properties": { "name": "Widia School", "highway": "bus_stop", "railway": null, "public_transport": null }, "geometry": { "type": "Point", "coordinates": [ 77.4973612, 13.0489301 ] } },
{ "type": "Feature", "properties": { "name": "Nagarbhavi Village", "highway": "bus_stop", "railway": null, "public_transport": "platform" }, "geometry": { "type": "Point", "coordinates": [ 77.5167104, 12.9588588 ] } },
{ "type": "Feature", "properties": { "name": "Nagarabhavi Village", "highway": "bus_stop", "railway": null, "public_transport": "platform" }, "geometry": { "type": "Point", "coordinates": [ 77.5161259, 12.9569358 ] } },
{ "type": "Feature", "properties": { "name": "Nrupatunga Nagar", "highway": "bus_stop", "railway": null, "public_transport": "platform" }, "geometry": { "type": "Point", "coordinates": [ 77.5093107, 12.9583156 ] } },
{ "type": "Feature", "properties": { "name": "Nagarabhavi 1st Stage 3rd Block", "highway": "bus_stop", "railway": null, "public_transport": "platform" }, "geometry": { "type": "Point", "coordinates": [ 77.520418, 12.9521436 ] } },
{ "type": "Feature", "properties": { "name": "Nagarabhavi 1st Stage 3rd Block", "highway": "bus_stop", "railway": null, "public_transport": "platform" }, "geometry": { "type": "Point", "coordinates": [ 77.5212224, 12.9516696 ] } },
{ "type": "Feature", "properties": { "name": "Chinnappa Garden", "highway": "bus_stop", "railway": null, "public_transport": "platform" }, "geometry": { "type": "Point", "coordinates": [ 77.6035146, 13.0030365 ] } },
{ "type": "Feature", "properties": { "name": "Marappa Garden", "highway": "bus_stop", "railway": null, "public_transport": "platform" }, "geometry": { "type": "Point", "coordinates": [ 77.5998357, 13.0044872 ] } },
{ "type": "Feature", "properties": { "name": "Brigade Road", "highway": "bus_stop", "railway": null, "public_transport": "platform" }, "geometry": { "type": "Point", "coordinates": [ 77.6067611, 12.9715106 ] } },
{ "type": "Feature", "properties": { "name": "Kempegowda International Airport Bus Station", "highway": "bus_stop", "railway": null, "public_transport": "platform" }, "geometry": { "type": "Point", "coordinates": [ 77.7088361, 13.1991682 ] } },
{ "type": "Feature", "properties": { "name": "Banashankari TTMC", "highway": "bus_stop", "railway": null, "public_transport": "platform" }, "geometry": { "type": "Point", "coordinates": [ 77.5738847, 12.917235 ] } },
{ "type": "Feature", "properties": { "name": "Banashankari Bus Station (Towards Kadirenahalli)", "highway": "bus_stop", "railway": null, "public_transport": "platform" }, "geometry": { "type": "Point", "coordinates": [ 77.5730685, 12.9166305 ] } },
{ "type": "Feature", "properties": { "name": "Banashankari TTMC", "highway": "bus_stop", "railway": null, "public_transport": "platform" }, "geometry": { "type": "Point", "coordinates": [ 77.5732782, 12.9175634 ] } },
{ "type": "Feature", "properties": { "name": "St. John's Hospital", "highway": "bus_stop", "railway": null, "public_transport": "platform" }, "geometry": { "type": "Point", "coordinates": [ 77.6158906, 12.9293446 ] } },
{ "type": "Feature", "properties": { "name": "Koramangala Water Tank", "highway": "bus_stop", "railway": null, "public_transport": "platform" }, "geometry": { "type": "Point", "coordinates": [ 77.6214852, 12.9291313 ] } },
{ "type": "Feature", "properties": { "name": "Ramagondanahalli", "highway": "bus_stop", "railway": null, "public_transport": "platform" }, "geometry": { "type": "Point", "coordinates": [ 77.7401767, 12.957049 ] } },
{ "type": "Feature", "properties": { "name": "BEL Circle", "highway": "bus_stop", "railway": null, "public_transport": "platform" }, "geometry": { "type": "Point", "coordinates": [ 77.5581362, 13.0438058 ] } },
{ "type": "Feature", "properties": { "name": "Binnypet", "highway": "bus_stop", "railway": null, "public_transport": "platform" }, "geometry": { "type": "Point", "coordinates": [ 77.5614856, 12.9643587 ] } },
{ "type": "Feature", "properties": { "name": "EPIP Bus Stop", "highway": "bus_stop", "railway": null, "public_transport": "platform" }, "geometry": { "type": "Point", "coordinates": [ 77.7232679, 12.9766082 ] } },
{ "type": "Feature", "properties": { "name": "Government Soap Factory", "highway": "bus_stop", "railway": null, "public_transport": "platform" }, "geometry": { "type": "Point", "coordinates": [ 77.5544949, 13.0131425 ] } },
{ "type": "Feature", "properties": { "name": "Mahalakshmi Layout", "highway": "bus_stop", "railway": null, "public_transport": "stop_position" }, "geometry": { "type": "Point", "coordinates": [ 77.5438575, 13.0118943 ] } },
{ "type": "Feature", "properties": { "name": "I Gate ITPL Road", "highway": "bus_stop", "railway": null, "public_transport": "platform" }, "geometry": { "type": "Point", "coordinates": [ 77.7192566, 12.9773007 ] } },
{ "type": "Feature", "properties": { "name": "Gandhinagara", "highway": "bus_stop", "railway": null, "public_transport": "platform" }, "geometry": { "type": "Point", "coordinates": [ 77.5017843, 12.7967519 ] } },
{ "type": "Feature", "properties": { "name": "Nowkal Palya", "highway": "bus_stop", "railway": null, "public_transport": null }, "geometry": { "type": "Point", "coordinates": [ 77.4892798, 12.7944055 ] } },
{ "type": "Feature", "properties": { "name": "Prajwal School", "highway": "bus_stop", "railway": null, "public_transport": "platform" }, "geometry": { "type": "Point", "coordinates": [ 77.7565205, 12.9918797 ] } },
{ "type": "Feature", "properties": { "name": "Pipeline RPC layout", "highway": "bus_stop", "railway": null, "public_transport": "platform" }, "geometry": { "type": "Point", "coordinates": [ 77.5450862, 12.9677004 ] } },
{ "type": "Feature", "properties": { "name": "Nice Road Junction", "highway": "bus_stop", "railway": null, "public_transport": "platform" }, "geometry": { "type": "Point", "coordinates": [ 77.4704723, 12.9043928 ] } },
{ "type": "Feature", "properties": { "name": "BMTC Depot-12 Gate", "highway": "bus_stop", "railway": null, "public_transport": "platform" }, "geometry": { "type": "Point", "coordinates": [ 77.4734496, 12.9068713 ] } },
{ "type": "Feature", "properties": { "name": "Kengeri Police Station", "highway": "bus_stop", "railway": null, "public_transport": "platform" }, "geometry": { "type": "Point", "coordinates": [ 77.4842374, 12.9103981 ] } },
{ "type": "Feature", "properties": { "name": "Nice Road Junction", "highway": "bus_stop", "railway": null, "public_transport": "platform" }, "geometry": { "type": "Point", "coordinates": [ 77.4706865, 12.9045073 ] } },
{ "type": "Feature", "properties": { "name": "Devangonthi", "highway": null, "railway": "station", "public_transport": "station" }, "geometry": { "type": "Point", "coordinates": [ 77.8312945, 12.9851478 ] } },
{ "type": "Feature", "properties": { "name": "Handenahalli", "highway": "bus_stop", "railway": null, "public_transport": null }, "geometry": { "type": "Point", "coordinates": [ 77.847301, 12.9580364 ] } },
{ "type": "Feature", "properties": { "name": "Mahadevapura", "highway": "bus_stop", "railway": null, "public_transport": "platform" }, "geometry": { "type": "Point", "coordinates": [ 77.6907375, 12.9973474 ] } },
{ "type": "Feature", "properties": { "name": "I Gate ITPL Road", "highway": "bus_stop", "railway": null, "public_transport": "platform" }, "geometry": { "type": "Point", "coordinates": [ 77.7193814, 12.9770273 ] } },
{ "type": "Feature", "properties": { "name": "Bhoruka Steel Limited Bus Stop", "highway": "bus_stop", "railway": null, "public_transport": "platform" }, "geometry": { "type": "Point", "coordinates": [ 77.7076619, 12.9928084 ] } },
{ "type": "Feature", "properties": { "name": "Kashinagara", "highway": "bus_stop", "railway": null, "public_transport": null }, "geometry": { "type": "Point", "coordinates": [ 77.5665904, 12.8986418 ] } },
{ "type": "Feature", "properties": { "name": "Malleshwaram 8th Cross", "highway": "bus_stop", "railway": null, "public_transport": "platform" }, "geometry": { "type": "Point", "coordinates": [ 77.5694116, 12.9998968 ] } },
{ "type": "Feature", "properties": { "name": "Baiyyappanahalli Junction", "highway": null, "railway": "station", "public_transport": "station" }, "geometry": { "type": "Point", "coordinates": [ 77.6517139, 12.9912092 ] } },
{ "type": "Feature", "properties": { "name": "Whitefield", "highway": null, "railway": "station", "public_transport": "station" }, "geometry": { "type": "Point", "coordinates": [ 77.7614229, 12.9963995 ] } },
{ "type": "Feature", "properties": { "name": "Indiranagar 6th Main", "highway": "bus_stop", "railway": null, "public_transport": "platform" }, "geometry": { "type": "Point", "coordinates": [ 77.6411934, 12.9740536 ] } },
{ "type": "Feature", "properties": { "name": "Indiranagar 6th main", "highway": "bus_stop", "railway": null, "public_transport": "platform" }, "geometry": { "type": "Point", "coordinates": [ 77.6409736, 12.973626 ] } },
{ "type": "Feature", "properties": { "name": "Hebbal BIAS", "highway": "bus_stop", "railway": null, "public_transport": "platform" }, "geometry": { "type": "Point", "coordinates": [ 77.5901048, 13.0429393 ] } },
{ "type": "Feature", "properties": { "name": "Renuka Nagara", "highway": "bus_stop", "railway": null, "public_transport": "platform" }, "geometry": { "type": "Point", "coordinates": [ 77.3880841, 13.1052177 ] } },
{ "type": "Feature", "properties": { "name": "Nelamangala Court", "highway": "bus_stop", "railway": null, "public_transport": "platform" }, "geometry": { "type": "Point", "coordinates": [ 77.394039, 13.0890373 ] } },
{ "type": "Feature", "properties": { "name": "Ganesha Temple", "highway": "bus_stop", "railway": null, "public_transport": "platform" }, "geometry": { "type": "Point", "coordinates": [ 77.3929563, 13.0837542 ] } },
{ "type": "Feature", "properties": { "name": "Domlur Bridge", "highway": "bus_stop", "railway": null, "public_transport": "platform" }, "geometry": { "type": "Point", "coordinates": [ 77.6413321, 12.9583971 ] } },
{ "type": "Feature", "properties": { "name": "Hullala Cross", "highway": "bus_stop", "railway": null, "public_transport": null }, "geometry": { "type": "Point", "coordinates": [ 77.4777583, 12.9518239 ] } },
{ "type": "Feature", "properties": { "name": "Bhuvaneshwari Nagara 2nd Stage", "highway": "bus_stop", "railway": null, "public_transport": "platform" }, "geometry": { "type": "Point", "coordinates": [ 77.4869048, 12.9425223 ] } },
{ "type": "Feature", "properties": { "name": "Ullalu", "highway": "bus_stop", "railway": null, "public_transport": "platform" }, "geometry": { "type": "Point", "coordinates": [ 77.4801366, 12.9556877 ] } },
{ "type": "Feature", "properties": { "name": "Mallathahalli", "highway": "bus_stop", "railway": null, "public_transport": null }, "geometry": { "type": "Point", "coordinates": [ 77.5006817, 12.958835 ] } },
{ "type": "Feature", "properties": { "name": "Bilikallu", "highway": "bus_stop", "railway": null, "public_transport": null }, "geometry": { "type": "Point", "coordinates": [ 77.479779, 12.9748467 ] } },
{ "type": "Feature", "properties": { "name": "Hockey Ground", "highway": "bus_stop", "railway": null, "public_transport": null }, "geometry": { "type": "Point", "coordinates": [ 77.6160405, 12.9894017 ] } },
{ "type": "Feature", "properties": { "name": "Canara Bank Hebbal", "highway": "bus_stop", "railway": null, "public_transport": "platform" }, "geometry": { "type": "Point", "coordinates": [ 77.58927, 13.0359019 ] } },
{ "type": "Feature", "properties": { "name": null, "highway": "bus_stop", "railway": null, "public_transport": null }, "geometry": { "type": "Point", "coordinates": [ 77.5533292, 12.9303421 ] } },
{ "type": "Feature", "properties": { "name": "Thammenahalli Palya", "highway": "bus_stop", "railway": null, "public_transport": null }, "geometry": { "type": "Point", "coordinates": [ 77.4883159, 13.0763334 ] } },
{ "type": "Feature", "properties": { "name": "Acharya Institute of Technology", "highway": "bus_stop", "railway": null, "public_transport": "platform" }, "geometry": { "type": "Point", "coordinates": [ 77.4841613, 13.0835119 ] } },
{ "type": "Feature", "properties": { "name": "Achyuthanagara Gate", "highway": "bus_stop", "railway": null, "public_transport": "platform" }, "geometry": { "type": "Point", "coordinates": [ 77.4865932, 13.0841656 ] } },
{ "type": "Feature", "properties": { "name": "Gubbalala Cross", "highway": "bus_stop", "railway": null, "public_transport": null }, "geometry": { "type": "Point", "coordinates": [ 77.5516935, 12.8844598 ] } },
{ "type": "Feature", "properties": { "name": "Konanakunte Cross", "highway": "bus_stop", "railway": null, "public_transport": "platform" }, "geometry": { "type": "Point", "coordinates": [ 77.5641528, 12.8901806 ] } },
{ "type": "Feature", "properties": { "name": "Makkala Koota", "highway": "bus_stop", "railway": null, "public_transport": "platform" }, "geometry": { "type": "Point", "coordinates": [ 77.5736663, 12.9576092 ] } },
{ "type": "Feature", "properties": { "name": "Shobha Tulip JP Nagara", "highway": "bus_stop", "railway": null, "public_transport": "platform" }, "geometry": { "type": "Point", "coordinates": [ 77.585959, 12.8977428 ] } },
{ "type": "Feature", "properties": { "name": "15th Cross Malleshwaram", "highway": "bus_stop", "railway": null, "public_transport": "platform" }, "geometry": { "type": "Point", "coordinates": [ 77.5645696, 13.0064485 ] } },
{ "type": "Feature", "properties": { "name": "Chunchaghatta", "highway": "bus_stop", "railway": null, "public_transport": null }, "geometry": { "type": "Point", "coordinates": [ 77.5750342, 12.8854954 ] } },
{ "type": "Feature", "properties": { "name": "Adithya Nagara", "highway": "bus_stop", "railway": null, "public_transport": "platform" }, "geometry": { "type": "Point", "coordinates": [ 77.5737784, 12.8760626 ] } },
{ "type": "Feature", "properties": { "name": "Nallakkanadoddi", "highway": "bus_stop", "railway": null, "public_transport": "platform" }, "geometry": { "type": "Point", "coordinates": [ 77.5286083, 12.8228997 ] } },
{ "type": "Feature", "properties": { "name": "Vaddarapalya", "highway": "bus_stop", "railway": null, "public_transport": "platform" }, "geometry": { "type": "Point", "coordinates": [ 77.5270503, 12.8350827 ] } },
{ "type": "Feature", "properties": { "name": "Nallakkanadoddi Cross", "highway": "bus_stop", "railway": null, "public_transport": null }, "geometry": { "type": "Point", "coordinates": [ 77.5260766, 12.7982935 ] } },
{ "type": "Feature", "properties": { "name": "Nallakkanadoddi", "highway": "bus_stop", "railway": null, "public_transport": null }, "geometry": { "type": "Point", "coordinates": [ 77.5305143, 12.8099119 ] } },
{ "type": "Feature", "properties": { "name": "S K F Factory", "highway": "bus_stop", "railway": null, "public_transport": null }, "geometry": { "type": "Point", "coordinates": [ 77.7419046, 13.061207 ] } },
{ "type": "Feature", "properties": { "name": "Bommenahalli", "highway": "bus_stop", "railway": null, "public_transport": null }, "geometry": { "type": "Point", "coordinates": [ 77.7469875, 13.0744584 ] } },
{ "type": "Feature", "properties": { "name": "Basava Bhavan", "highway": "bus_stop", "railway": null, "public_transport": "platform" }, "geometry": { "type": "Point", "coordinates": [ 77.5884792, 12.9857937 ] } },
{ "type": "Feature", "properties": { "name": "Ramagondanahalli Varthuru", "highway": "bus_stop", "railway": null, "public_transport": "platform" }, "geometry": { "type": "Point", "coordinates": [ 77.7412468, 12.9570526 ] } },
{ "type": "Feature", "properties": { "name": "Arehalli Cross", "highway": "bus_stop", "railway": null, "public_transport": "platform" }, "geometry": { "type": "Point", "coordinates": [ 77.8293222, 12.9362203 ] } },
{ "type": "Feature", "properties": { "name": "Hope Farm", "highway": "bus_stop", "railway": null, "public_transport": "platform" }, "geometry": { "type": "Point", "coordinates": [ 77.7524221, 12.9840364 ] } },
{ "type": "Feature", "properties": { "name": "Hope Farm (Towards Chikka Thirupathi)", "highway": "bus_stop", "railway": null, "public_transport": "platform" }, "geometry": { "type": "Point", "coordinates": [ 77.7536745, 12.9835493 ] } },
{ "type": "Feature", "properties": { "name": "Hope Farm", "highway": "bus_stop", "railway": null, "public_transport": "platform" }, "geometry": { "type": "Point", "coordinates": [ 77.7516712, 12.9838863 ] } },
{ "type": "Feature", "properties": { "name": "Hope Farm", "highway": "bus_stop", "railway": null, "public_transport": "platform" }, "geometry": { "type": "Point", "coordinates": [ 77.7526879, 12.9840547 ] } },
{ "type": "Feature", "properties": { "name": "Kanaka Nagar", "highway": "bus_stop", "railway": null, "public_transport": null }, "geometry": { "type": "Point", "coordinates": [ 77.6073304, 13.0395699 ] } },
{ "type": "Feature", "properties": { "name": "Janthagondanahalli", "highway": "bus_stop", "railway": null, "public_transport": "platform" }, "geometry": { "type": "Point", "coordinates": [ 77.786175, 12.924233 ] } },
{ "type": "Feature", "properties": { "name": "CMRIT", "highway": "bus_stop", "railway": null, "public_transport": "platform" }, "geometry": { "type": "Point", "coordinates": [ 77.7140693, 12.9677017 ] } },
{ "type": "Feature", "properties": { "name": "CMRIT", "highway": "bus_stop", "railway": null, "public_transport": "platform" }, "geometry": { "type": "Point", "coordinates": [ 77.7142023, 12.9675475 ] } },
{ "type": "Feature", "properties": { "name": "ITPL Back Gate", "highway": "bus_stop", "railway": null, "public_transport": "platform" }, "geometry": { "type": "Point", "coordinates": [ 77.731685, 12.9862452 ] } },
{ "type": "Feature", "properties": { "name": "ITPL Back Gate", "highway": "bus_stop", "railway": null, "public_transport": "platform" }, "geometry": { "type": "Point", "coordinates": [ 77.7315457, 12.9864828 ] } },
{ "type": "Feature", "properties": { "name": "Timber Yard Layout", "highway": "bus_stop", "railway": null, "public_transport": null }, "geometry": { "type": "Point", "coordinates": [ 77.5430925, 12.948072 ] } },
{ "type": "Feature", "properties": { "name": "MVJ College", "highway": "bus_stop", "railway": null, "public_transport": "platform" }, "geometry": { "type": "Point", "coordinates": [ 77.7617553, 12.9829217 ] } },
{ "type": "Feature", "properties": { "name": "Mallasandra", "highway": "bus_stop", "railway": null, "public_transport": "platform" }, "geometry": { "type": "Point", "coordinates": [ 77.3942032, 13.0026901 ] } },
{ "type": "Feature", "properties": { "name": "Gayathri Nagara Cross", "highway": "bus_stop", "railway": null, "public_transport": "platform" }, "geometry": { "type": "Point", "coordinates": [ 77.3833642, 13.0148938 ] } },
{ "type": "Feature", "properties": { "name": "Kerekodi Sondekoppa", "highway": "bus_stop", "railway": null, "public_transport": "platform" }, "geometry": { "type": "Point", "coordinates": [ 77.3841356, 13.0195387 ] } },
{ "type": "Feature", "properties": { "name": "Hullegowdanahalli Cross", "highway": "bus_stop", "railway": null, "public_transport": "platform" }, "geometry": { "type": "Point", "coordinates": [ 77.3946009, 13.0685487 ] } },
{ "type": "Feature", "properties": { "name": "Kempalinganahalli", "highway": "bus_stop", "railway": null, "public_transport": "platform" }, "geometry": { "type": "Point", "coordinates": [ 77.3745908, 13.0945943 ] } },
{ "type": "Feature", "properties": { "name": "Byregowdana Halli Cross", "highway": "bus_stop", "railway": null, "public_transport": "platform" }, "geometry": { "type": "Point", "coordinates": [ 77.3936668, 13.0595501 ] } },
{ "type": "Feature", "properties": { "name": "Anchipura Cross", "highway": "bus_stop", "railway": null, "public_transport": "platform" }, "geometry": { "type": "Point", "coordinates": [ 77.4414912, 12.7898492 ] } },
{ "type": "Feature", "properties": { "name": "Parasanapalya", "highway": "bus_stop", "railway": null, "public_transport": "platform" }, "geometry": { "type": "Point", "coordinates": [ 77.4374536, 12.799457 ] } },
{ "type": "Feature", "properties": { "name": "Utthari", "highway": "bus_stop", "railway": null, "public_transport": "platform" }, "geometry": { "type": "Point", "coordinates": [ 77.4928871, 12.81802 ] } },
{ "type": "Feature", "properties": { "name": "Thippuru", "highway": "bus_stop", "railway": null, "public_transport": "platform" }, "geometry": { "type": "Point", "coordinates": [ 77.4414172, 12.814553 ] } },
{ "type": "Feature", "properties": { "name": "Channegowdana Doddi", "highway": "bus_stop", "railway": null, "public_transport": "platform" }, "geometry": { "type": "Point", "coordinates": [ 77.4292857, 12.8071178 ] } },
{ "type": "Feature", "properties": { "name": "Lingapura", "highway": "bus_stop", "railway": null, "public_transport": "platform" }, "geometry": { "type": "Point", "coordinates": [ 77.444154, 12.8216686 ] } },
{ "type": "Feature", "properties": { "name": "Nalku Kamba", "highway": "bus_stop", "railway": null, "public_transport": "platform" }, "geometry": { "type": "Point", "coordinates": [ 77.4527907, 12.8558559 ] } },
{ "type": "Feature", "properties": { "name": "Kodipalya", "highway": "bus_stop", "railway": null, "public_transport": "platform" }, "geometry": { "type": "Point", "coordinates": [ 77.4527334, 12.7825584 ] } },
{ "type": "Feature", "properties": { "name": "Talaguppe", "highway": "bus_stop", "railway": null, "public_transport": "platform" }, "geometry": { "type": "Point", "coordinates": [ 77.4334706, 12.8117171 ] } },
{ "type": "Feature", "properties": { "name": "Bade Katte", "highway": "bus_stop", "railway": null, "public_transport": "platform" }, "geometry": { "type": "Point", "coordinates": [ 77.4899621, 12.818027 ] } },
{ "type": "Feature", "properties": { "name": "Chikka Kuntanahalli", "highway": "bus_stop", "railway": null, "public_transport": "platform" }, "geometry": { "type": "Point", "coordinates": [ 77.4383924, 12.7936092 ] } },
{ "type": "Feature", "properties": { "name": "Ramanjaneya Layout Cross", "highway": "bus_stop", "railway": null, "public_transport": "platform" }, "geometry": { "type": "Point", "coordinates": [ 77.5471118, 12.914587 ] } },
{ "type": "Feature", "properties": { "name": "Mahesh Medicals", "highway": "bus_stop", "railway": null, "public_transport": "platform" }, "geometry": { "type": "Point", "coordinates": [ 77.5499424, 12.9140778 ] } },
{ "type": "Feature", "properties": { "name": "Vinayaka Nagara Telecom Layout", "highway": "bus_stop", "railway": null, "public_transport": null }, "geometry": { "type": "Point", "coordinates": [ 77.5913849, 12.8993288 ] } },
{ "type": "Feature", "properties": { "name": "Hemmigepura", "highway": "bus_stop", "railway": null, "public_transport": "platform" }, "geometry": { "type": "Point", "coordinates": [ 77.4848368, 12.8820567 ] } },
{ "type": "Feature", "properties": { "name": "Doddabele", "highway": "bus_stop", "railway": null, "public_transport": "platform" }, "geometry": { "type": "Point", "coordinates": [ 77.4775546, 12.8888387 ] } },
{ "type": "Feature", "properties": { "name": "Muneshwara Layout", "highway": "bus_stop", "railway": null, "public_transport": null }, "geometry": { "type": "Point", "coordinates": [ 77.4715126, 12.8743403 ] } },
{ "type": "Feature", "properties": { "name": "Nettigere", "highway": "bus_stop", "railway": null, "public_transport": "platform" }, "geometry": { "type": "Point", "coordinates": [ 77.4940941, 12.7590689 ] } },
{ "type": "Feature", "properties": { "name": "Kudlu Gate", "highway": "bus_stop", "railway": null, "public_transport": "platform" }, "geometry": { "type": "Point", "coordinates": [ 77.6394582, 12.8895775 ] } },
{ "type": "Feature", "properties": { "name": "Mukkodlu", "highway": "bus_stop", "railway": null, "public_transport": null }, "geometry": { "type": "Point", "coordinates": [ 77.5284294, 12.7563615 ] } },
{ "type": "Feature", "properties": { "name": "Girigowdana Doddi Cross", "highway": "bus_stop", "railway": null, "public_transport": null }, "geometry": { "type": "Point", "coordinates": [ 77.5216351, 12.7607119 ] } },
{ "type": "Feature", "properties": { "name": "Rayara Doddi", "highway": "bus_stop", "railway": null, "public_transport": null }, "geometry": { "type": "Point", "coordinates": [ 77.5174579, 12.7625478 ] } },
{ "type": "Feature", "properties": { "name": "Tattaguppe", "highway": "bus_stop", "railway": null, "public_transport": null }, "geometry": { "type": "Point", "coordinates": [ 77.52876, 12.7722389 ] } },
{ "type": "Feature", "properties": { "name": "Taralu Estate", "highway": "bus_stop", "railway": null, "public_transport": null }, "geometry": { "type": "Point", "coordinates": [ 77.5341017, 12.7853732 ] } },
{ "type": "Feature", "properties": { "name": "Taralu", "highway": "bus_stop", "railway": null, "public_transport": null }, "geometry": { "type": "Point", "coordinates": [ 77.5223282, 12.7892102 ] } },
{ "type": "Feature", "properties": { "name": "HAL 2nd Stage", "highway": "bus_stop", "railway": null, "public_transport": "platform" }, "geometry": { "type": "Point", "coordinates": [ 77.6414969, 12.9636711 ] } },
{ "type": "Feature", "properties": { "name": "Sultanpalya Cross Pushpanjali Talkies", "highway": "bus_stop", "railway": null, "public_transport": "platform" }, "geometry": { "type": "Point", "coordinates": [ 77.6022429, 13.0221707 ] } },
{ "type": "Feature", "properties": { "name": "Mugaluru", "highway": "bus_stop", "railway": null, "public_transport": null }, "geometry": { "type": "Point", "coordinates": [ 77.8223302, 12.8947652 ] } },
{ "type": "Feature", "properties": { "name": "Kamanahalli", "highway": "bus_stop", "railway": null, "public_transport": "platform" }, "geometry": { "type": "Point", "coordinates": [ 77.7964101, 12.90756 ] } },
{ "type": "Feature", "properties": { "name": "Nerige", "highway": "bus_stop", "railway": null, "public_transport": null }, "geometry": { "type": "Point", "coordinates": [ 77.7769053, 12.9117722 ] } },
{ "type": "Feature", "properties": { "name": "Murugeshpallya", "highway": "bus_stop", "railway": null, "public_transport": "platform" }, "geometry": { "type": "Point", "coordinates": [ 77.6561107, 12.9592148 ] } },
{ "type": "Feature", "properties": { "name": "Sadananda Nagar Bus Stop", "highway": "bus_stop", "railway": null, "public_transport": null }, "geometry": { "type": "Point", "coordinates": [ 77.6571776, 12.9962665 ] } },
{ "type": "Feature", "properties": { "name": "Lalbagh Siddapura (Lalbagh East Gate)", "highway": "bus_stop", "railway": null, "public_transport": null }, "geometry": { "type": "Point", "coordinates": [ 77.5881666, 12.9461961 ] } },
{ "type": "Feature", "properties": { "name": "Madavan Park, Jayanagara 3Rd Block", "highway": "bus_stop", "railway": null, "public_transport": null }, "geometry": { "type": "Point", "coordinates": [ 77.5837112, 12.9367107 ] } },
{ "type": "Feature", "properties": { "name": "Wilson Garden 10th Cross", "highway": "bus_stop", "railway": null, "public_transport": "platform" }, "geometry": { "type": "Point", "coordinates": [ 77.5959207, 12.9465769 ] } },
{ "type": "Feature", "properties": { "name": "Ashoka Pillar", "highway": "bus_stop", "railway": null, "public_transport": "platform" }, "geometry": { "type": "Point", "coordinates": [ 77.5853342, 12.9432815 ] } },
{ "type": "Feature", "properties": { "name": "Ashoka Pillar", "highway": "bus_stop", "railway": null, "public_transport": "platform" }, "geometry": { "type": "Point", "coordinates": [ 77.5846389, 12.9437023 ] } },
{ "type": "Feature", "properties": { "name": "Byrasandra", "highway": "bus_stop", "railway": null, "public_transport": "platform" }, "geometry": { "type": "Point", "coordinates": [ 77.5895276, 12.9330035 ] } },
{ "type": "Feature", "properties": { "name": "Lakkasandra", "highway": "bus_stop", "railway": null, "public_transport": "platform" }, "geometry": { "type": "Point", "coordinates": [ 77.5970971, 12.9438411 ] } },
{ "type": "Feature", "properties": { "name": "Lakkasandra", "highway": "bus_stop", "railway": null, "public_transport": "platform" }, "geometry": { "type": "Point", "coordinates": [ 77.5973913, 12.9429415 ] } },
{ "type": "Feature", "properties": { "name": "HAL Main Gate", "highway": "bus_stop", "railway": null, "public_transport": "platform" }, "geometry": { "type": "Point", "coordinates": [ 77.6658243, 12.9583169 ] } },
{ "type": "Feature", "properties": { "name": "Command Hospital", "highway": "bus_stop", "railway": null, "public_transport": "platform" }, "geometry": { "type": "Point", "coordinates": [ 77.6257392, 12.9645337 ] } },
{ "type": "Feature", "properties": { "name": "Grind Well", "highway": "bus_stop", "railway": null, "public_transport": "platform" }, "geometry": { "type": "Point", "coordinates": [ 77.740183, 13.0626717 ] } },
{ "type": "Feature", "properties": { "name": "Echal Mara Vidyaranyapura", "highway": "bus_stop", "railway": null, "public_transport": "platform" }, "geometry": { "type": "Point", "coordinates": [ 77.5592368, 13.0795041 ] } },
{ "type": "Feature", "properties": { "name": "Lottegollahalli", "highway": null, "railway": "station", "public_transport": "station" }, "geometry": { "type": "Point", "coordinates": [ 77.5630839, 13.04347 ] } },
{ "type": "Feature", "properties": { "name": "Shanthi Park Apartments", "highway": "bus_stop", "railway": null, "public_transport": "platform" }, "geometry": { "type": "Point", "coordinates": [ 77.5910055, 12.9170791 ] } },
{ "type": "Feature", "properties": { "name": "Tata Silk Farm", "highway": "bus_stop", "railway": null, "public_transport": "platform" }, "geometry": { "type": "Point", "coordinates": [ 77.573808, 12.9360201 ] } },
{ "type": "Feature", "properties": { "name": "MM industries", "highway": "bus_stop", "railway": null, "public_transport": "platform" }, "geometry": { "type": "Point", "coordinates": [ 77.5737367, 12.929282 ] } },
{ "type": "Feature", "properties": { "name": "Koramangala Police Station", "highway": "bus_stop", "railway": null, "public_transport": "platform" }, "geometry": { "type": "Point", "coordinates": [ 77.6207095, 12.9410328 ] } },
{ "type": "Feature", "properties": { "name": "St. Theresa Hospital", "highway": "bus_stop", "railway": null, "public_transport": "platform" }, "geometry": { "type": "Point", "coordinates": [ 77.5542161, 13.0064815 ] } },
{ "type": "Feature", "properties": { "name": "Nirmala Stores, Hanumantha Nagara", "highway": "bus_stop", "railway": null, "public_transport": "platform" }, "geometry": { "type": "Point", "coordinates": [ 77.559347, 12.9416092 ] } },
{ "type": "Feature", "properties": { "name": "16th Main BTM Layout", "highway": "bus_stop", "railway": null, "public_transport": "platform" }, "geometry": { "type": "Point", "coordinates": [ 77.6093088, 12.9167951 ] } },
{ "type": "Feature", "properties": { "name": "HAL Main Gate", "highway": "bus_stop", "railway": null, "public_transport": "platform" }, "geometry": { "type": "Point", "coordinates": [ 77.6667825, 12.9585349 ] } },
{ "type": "Feature", "properties": { "name": "Dhobi Ghat Rajajinagara", "highway": "bus_stop", "railway": null, "public_transport": "platform" }, "geometry": { "type": "Point", "coordinates": [ 77.5497593, 12.9866618 ] } },
{ "type": "Feature", "properties": { "name": "Dasarahalli Kere", "highway": "bus_stop", "railway": null, "public_transport": null }, "geometry": { "type": "Point", "coordinates": [ 77.5450126, 12.9850456 ] } },
{ "type": "Feature", "properties": { "name": "Dhobi Ghat Rajajinagara", "highway": "bus_stop", "railway": null, "public_transport": "platform" }, "geometry": { "type": "Point", "coordinates": [ 77.550811, 12.9871136 ] } },
{ "type": "Feature", "properties": { "name": "Coles Park", "highway": "bus_stop", "railway": null, "public_transport": "platform" }, "geometry": { "type": "Point", "coordinates": [ 77.6098881, 12.9932421 ] } },
{ "type": "Feature", "properties": { "name": "Mahalakshmi Layout Entrance", "highway": "bus_stop", "railway": null, "public_transport": "platform" }, "geometry": { "type": "Point", "coordinates": [ 77.5481333, 13.0077115 ] } },
{ "type": "Feature", "properties": { "name": "Harishchandra Ghat Bus Stop", "highway": "bus_stop", "railway": null, "public_transport": "stop_position" }, "geometry": { "type": "Point", "coordinates": [ 77.5601119, 12.9973631 ] } },
{ "type": "Feature", "properties": { "name": "Koramangala Kalyana Mantapa", "highway": "bus_stop", "railway": null, "public_transport": "platform" }, "geometry": { "type": "Point", "coordinates": [ 77.6182202, 12.9370255 ] } },
{ "type": "Feature", "properties": { "name": "Bommanahalli", "highway": "bus_stop", "railway": null, "public_transport": "platform" }, "geometry": { "type": "Point", "coordinates": [ 77.6300651, 12.904862 ] } },
{ "type": "Feature", "properties": { "name": "Srinivasa Temple", "highway": "bus_stop", "railway": null, "public_transport": "platform" }, "geometry": { "type": "Point", "coordinates": [ 77.5439447, 13.0085772 ] } },
{ "type": "Feature", "properties": { "name": "1st Block Rajajinagara Diacon Hospital", "highway": "bus_stop", "railway": null, "public_transport": "platform" }, "geometry": { "type": "Point", "coordinates": [ 77.5499931, 13.0037738 ] } },
{ "type": "Feature", "properties": { "name": "Domlur Herohonda Stop", "highway": "bus_stop", "railway": null, "public_transport": "platform" }, "geometry": { "type": "Point", "coordinates": [ 77.6414375, 12.9545191 ] } },
{ "type": "Feature", "properties": { "name": "Singasandra", "highway": "bus_stop", "railway": null, "public_transport": "platform" }, "geometry": { "type": "Point", "coordinates": [ 77.6469899, 12.8773381 ] } },
{ "type": "Feature", "properties": { "name": "Amrutha Nagar", "highway": "bus_stop", "railway": null, "public_transport": null }, "geometry": { "type": "Point", "coordinates": [ 77.5985128, 13.0580537 ] } },
{ "type": "Feature", "properties": { "name": "Aralekatte Bus Stop", "highway": "bus_stop", "railway": null, "public_transport": null }, "geometry": { "type": "Point", "coordinates": [ 77.6245363, 12.8797812 ] } },
{ "type": "Feature", "properties": { "name": "Kormangala 7th Block", "highway": "bus_stop", "railway": null, "public_transport": "platform" }, "geometry": { "type": "Point", "coordinates": [ 77.6332091, 12.9302496 ] } },
{ "type": "Feature", "properties": { "name": "Wipro Park", "highway": "bus_stop", "railway": null, "public_transport": "platform" }, "geometry": { "type": "Point", "coordinates": [ 77.6332979, 12.9288562 ] } },
{ "type": "Feature", "properties": { "name": "Yelenahalli Bus Stop", "highway": "bus_stop", "railway": null, "public_transport": null }, "geometry": { "type": "Point", "coordinates": [ 77.6159932, 12.8678276 ] } },
{ "type": "Feature", "properties": { "name": "Srinagara Bus Station", "highway": "bus_stop", "railway": null, "public_transport": "platform" }, "geometry": { "type": "Point", "coordinates": [ 77.5545923, 12.9442619 ] } },
{ "type": "Feature", "properties": { "name": "Garavebhavipalaya", "highway": "bus_stop", "railway": null, "public_transport": "platform" }, "geometry": { "type": "Point", "coordinates": [ 77.6357338, 12.8962931 ] } },
{ "type": "Feature", "properties": { "name": "Madiwala Market", "highway": "bus_stop", "railway": null, "public_transport": "platform" }, "geometry": { "type": "Point", "coordinates": [ 77.6211976, 12.9214943 ] } },
{ "type": "Feature", "properties": { "name": "Jayanagar 5th Block", "highway": "bus_stop", "railway": null, "public_transport": "platform" }, "geometry": { "type": "Point", "coordinates": [ 77.5849405, 12.9172031 ] } },
{ "type": "Feature", "properties": { "name": "Kurubarahalli Main Road", "highway": "bus_stop", "railway": null, "public_transport": "platform" }, "geometry": { "type": "Point", "coordinates": [ 77.5359036, 13.0008414 ] } },
{ "type": "Feature", "properties": { "name": "Indira Gandhi Circle, Shakambari Nagara", "highway": "bus_stop", "railway": null, "public_transport": null }, "geometry": { "type": "Point", "coordinates": [ 77.5787511, 12.9109432 ] } },
{ "type": "Feature", "properties": { "name": "Sangam Circle", "highway": "bus_stop", "railway": null, "public_transport": "platform" }, "geometry": { "type": "Point", "coordinates": [ 77.5785453, 12.9170647 ] } },
{ "type": "Feature", "properties": { "name": "HAL 2nd Stage", "highway": "bus_stop", "railway": null, "public_transport": "platform" }, "geometry": { "type": "Point", "coordinates": [ 77.6411842, 12.9698439 ] } },
{ "type": "Feature", "properties": { "name": "Jyothi Nivas College", "highway": "bus_stop", "railway": null, "public_transport": "platform" }, "geometry": { "type": "Point", "coordinates": [ 77.6145966, 12.9356088 ] } },
{ "type": "Feature", "properties": { "name": "Manjunatha Nagara", "highway": "bus_stop", "railway": null, "public_transport": "platform" }, "geometry": { "type": "Point", "coordinates": [ 77.5507765, 12.9958434 ] } },
{ "type": "Feature", "properties": { "name": "Industrial Area Rajajiangara", "highway": "bus_stop", "railway": null, "public_transport": "platform" }, "geometry": { "type": "Point", "coordinates": [ 77.5492029, 12.9819588 ] } },
{ "type": "Feature", "properties": { "name": "Prasanna Talkies", "highway": "bus_stop", "railway": null, "public_transport": "platform" }, "geometry": { "type": "Point", "coordinates": [ 77.5513914, 12.9740655 ] } },
{ "type": "Feature", "properties": { "name": "Manu Vana", "highway": "bus_stop", "railway": null, "public_transport": "platform" }, "geometry": { "type": "Point", "coordinates": [ 77.5418392, 12.9738809 ] } },
{ "type": "Feature", "properties": { "name": "Vijayanagar", "highway": "bus_stop", "railway": null, "public_transport": "platform" }, "geometry": { "type": "Point", "coordinates": [ 77.5384944, 12.9734849 ] } },
{ "type": "Feature", "properties": { "name": "Maruti Mandira", "highway": "bus_stop", "railway": null, "public_transport": "platform" }, "geometry": { "type": "Point", "coordinates": [ 77.5360222, 12.9677402 ] } },
{ "type": "Feature", "properties": { "name": "Income Tax Layout", "highway": "bus_stop", "railway": null, "public_transport": "platform" }, "geometry": { "type": "Point", "coordinates": [ 77.5317178, 12.9600015 ] } },
{ "type": "Feature", "properties": { "name": "BHEL Gate", "highway": "bus_stop", "railway": null, "public_transport": "platform" }, "geometry": { "type": "Point", "coordinates": [ 77.5349754, 12.9481302 ] } },
{ "type": "Feature", "properties": { "name": "Deepanjalinagara", "highway": "bus_stop", "railway": null, "public_transport": "platform" }, "geometry": { "type": "Point", "coordinates": [ 77.5363876, 12.9537543 ] } },
{ "type": "Feature", "properties": { "name": "Rajarajeshwarinagara Gate", "highway": "bus_stop", "railway": null, "public_transport": "platform" }, "geometry": { "type": "Point", "coordinates": [ 77.5184637, 12.9355816 ] } },
{ "type": "Feature", "properties": { "name": "Jai Bharath Nagar", "highway": "bus_stop", "railway": null, "public_transport": "platform" }, "geometry": { "type": "Point", "coordinates": [ 77.6300243, 13.0013972 ] } },
{ "type": "Feature", "properties": { "name": "Maruthi Sevanagar", "highway": "bus_stop", "railway": null, "public_transport": "platform" }, "geometry": { "type": "Point", "coordinates": [ 77.6346165, 13.0027048 ] } },
{ "type": "Feature", "properties": { "name": "Maruthi Sevanagar", "highway": "bus_stop", "railway": null, "public_transport": "platform" }, "geometry": { "type": "Point", "coordinates": [ 77.6347249, 13.0026039 ] } },
{ "type": "Feature", "properties": { "name": "Jai Bharath Nagara", "highway": "bus_stop", "railway": null, "public_transport": "platform" }, "geometry": { "type": "Point", "coordinates": [ 77.6299816, 13.0015258 ] } },
{ "type": "Feature", "properties": { "name": "Kacharakanahalli", "highway": "bus_stop", "railway": null, "public_transport": null }, "geometry": { "type": "Point", "coordinates": [ 77.6298897, 13.0210038 ] } },
{ "type": "Feature", "properties": { "name": "Jyothi School", "highway": "bus_stop", "railway": null, "public_transport": null }, "geometry": { "type": "Point", "coordinates": [ 77.6294852, 13.016685 ] } },
{ "type": "Feature", "properties": { "name": "Jeevanahalli", "highway": "bus_stop", "railway": null, "public_transport": "platform" }, "geometry": { "type": "Point", "coordinates": [ 77.6280208, 12.9949718 ] } },
{ "type": "Feature", "properties": { "name": "Munikondappa Badavane", "highway": "bus_stop", "railway": null, "public_transport": null }, "geometry": { "type": "Point", "coordinates": [ 77.5179214, 13.0440634 ] } },
{ "type": "Feature", "properties": { "name": "Shettty Halli", "highway": "bus_stop", "railway": null, "public_transport": "platform" }, "geometry": { "type": "Point", "coordinates": [ 77.5173296, 13.0647697 ] } },
{ "type": "Feature", "properties": { "name": "Medarahalli Railway Cross", "highway": "bus_stop", "railway": null, "public_transport": "platform" }, "geometry": { "type": "Point", "coordinates": [ 77.5159428, 13.0672443 ] } },
{ "type": "Feature", "properties": { "name": "Chikka Banawara Railway Gate", "highway": "bus_stop", "railway": null, "public_transport": "platform" }, "geometry": { "type": "Point", "coordinates": [ 77.5045233, 13.0753344 ] } },
{ "type": "Feature", "properties": { "name": "Indira Nagar Police Station", "highway": "bus_stop", "railway": null, "public_transport": "platform" }, "geometry": { "type": "Point", "coordinates": [ 77.6378479, 12.9829803 ] } },
{ "type": "Feature", "properties": { "name": "Double Road Indiranagara", "highway": "bus_stop", "railway": null, "public_transport": "platform" }, "geometry": { "type": "Point", "coordinates": [ 77.6362677, 12.9781439 ] } },
{ "type": "Feature", "properties": { "name": "Indira Nagar Double Road", "highway": "bus_stop", "railway": null, "public_transport": "platform" }, "geometry": { "type": "Point", "coordinates": [ 77.6369094, 12.9782961 ] } },
{ "type": "Feature", "properties": { "name": "Budigere Cross", "highway": "bus_stop", "railway": null, "public_transport": "platform" }, "geometry": { "type": "Point", "coordinates": [ 77.7502058, 13.0463995 ] } },
{ "type": "Feature", "properties": { "name": "Siddapura (towards Whitefield)", "highway": "bus_stop", "railway": null, "public_transport": "platform" }, "geometry": { "type": "Point", "coordinates": [ 77.7323989, 12.9564443 ] } },
{ "type": "Feature", "properties": { "name": "Jagadeesha nagar", "highway": "bus_stop", "railway": null, "public_transport": null }, "geometry": { "type": "Point", "coordinates": [ 77.6656229, 12.9716047 ] } },
{ "type": "Feature", "properties": { "name": "Siddaganga School", "highway": "bus_stop", "railway": null, "public_transport": null }, "geometry": { "type": "Point", "coordinates": [ 77.5224516, 12.954513 ] } },
{ "type": "Feature", "properties": { "name": "Vinayaka Layout", "highway": "bus_stop", "railway": null, "public_transport": null }, "geometry": { "type": "Point", "coordinates": [ 77.5304054, 12.965621 ] } },
{ "type": "Feature", "properties": { "name": "Moodalapalya", "highway": "bus_stop", "railway": null, "public_transport": "platform" }, "geometry": { "type": "Point", "coordinates": [ 77.5248635, 12.9706816 ] } },
{ "type": "Feature", "properties": { "name": "Dhobi Ghat Rajajinagara", "highway": "bus_stop", "railway": null, "public_transport": "platform" }, "geometry": { "type": "Point", "coordinates": [ 77.549117, 12.9855178 ] } },
{ "type": "Feature", "properties": { "name": "Rama Mandira Rajajinagara", "highway": "bus_stop", "railway": null, "public_transport": "platform" }, "geometry": { "type": "Point", "coordinates": [ 77.556424, 12.9861053 ] } },
{ "type": "Feature", "properties": { "name": "Magadi Road 5th Cross", "highway": "bus_stop", "railway": null, "public_transport": "platform" }, "geometry": { "type": "Point", "coordinates": [ 77.5605585, 12.9757998 ] } },
{ "type": "Feature", "properties": { "name": "Magadi Road 10th Cross", "highway": "bus_stop", "railway": null, "public_transport": "platform" }, "geometry": { "type": "Point", "coordinates": [ 77.5567775, 12.9757116 ] } },
{ "type": "Feature", "properties": { "name": "Basavanagudi Police Station", "highway": "bus_stop", "railway": null, "public_transport": "platform" }, "geometry": { "type": "Point", "coordinates": [ 77.5736696, 12.9411299 ] } },
{ "type": "Feature", "properties": { "name": "Military Accounts Office", "highway": "bus_stop", "railway": null, "public_transport": "platform" }, "geometry": { "type": "Point", "coordinates": [ 77.6173316, 12.9655617 ] } },
{ "type": "Feature", "properties": { "name": "Vydehi Hospital", "highway": "bus_stop", "railway": null, "public_transport": "platform" }, "geometry": { "type": "Point", "coordinates": [ 77.7267713, 12.9769458 ] } },
{ "type": "Feature", "properties": { "name": "CPRI", "highway": "bus_stop", "railway": null, "public_transport": "platform" }, "geometry": { "type": "Point", "coordinates": [ 77.5750744, 13.0146911 ] } },
{ "type": "Feature", "properties": { "name": "Cauvery Nagara", "highway": "bus_stop", "railway": null, "public_transport": "platform" }, "geometry": { "type": "Point", "coordinates": [ 77.5305215, 12.9998012 ] } },
{ "type": "Feature", "properties": { "name": "Dattatraya Nagara Temple", "highway": "bus_stop", "railway": null, "public_transport": null }, "geometry": { "type": "Point", "coordinates": [ 77.5405419, 12.9239853 ] } },
{ "type": "Feature", "properties": { "name": "Jai Maruthi Nagara", "highway": "bus_stop", "railway": null, "public_transport": null }, "geometry": { "type": "Point", "coordinates": [ 77.5325737, 13.0099244 ] } },
{ "type": "Feature", "properties": { "name": "Sakamma Badavane", "highway": "bus_stop", "railway": null, "public_transport": null }, "geometry": { "type": "Point", "coordinates": [ 77.5304051, 13.0087813 ] } },
{ "type": "Feature", "properties": { "name": "Hegganahalli Cross", "highway": "bus_stop", "railway": null, "public_transport": "platform" }, "geometry": { "type": "Point", "coordinates": [ 77.5041185, 12.9997138 ] } },
{ "type": "Feature", "properties": { "name": "Neelagiri Thopu", "highway": "bus_stop", "railway": null, "public_transport": "platform" }, "geometry": { "type": "Point", "coordinates": [ 77.5025557, 12.9958612 ] } },
{ "type": "Feature", "properties": { "name": "Kebbala", "highway": "bus_stop", "railway": null, "public_transport": null }, "geometry": { "type": "Point", "coordinates": [ 77.5044863, 12.987464 ] } },
{ "type": "Feature", "properties": { "name": "Shoolay Circle", "highway": "bus_stop", "railway": null, "public_transport": "platform" }, "geometry": { "type": "Point", "coordinates": [ 77.6067323, 12.9658793 ] } },
{ "type": "Feature", "properties": { "name": "Kareem Sab Layout", "highway": "bus_stop", "railway": null, "public_transport": null }, "geometry": { "type": "Point", "coordinates": [ 77.5097263, 13.004064 ] } },
{ "type": "Feature", "properties": { "name": "MEI Colony", "highway": "bus_stop", "railway": null, "public_transport": null }, "geometry": { "type": "Point", "coordinates": [ 77.5207089, 13.0200072 ] } },
{ "type": "Feature", "properties": { "name": "Rajkumar Samadhi", "highway": "bus_stop", "railway": null, "public_transport": "platform" }, "geometry": { "type": "Point", "coordinates": [ 77.5319991, 13.018559 ] } },
{ "type": "Feature", "properties": { "name": "Lakshmidevi Nagara", "highway": "bus_stop", "railway": null, "public_transport": "stop_position" }, "geometry": { "type": "Point", "coordinates": [ 77.5262039, 13.0155262 ] } },
{ "type": "Feature", "properties": { "name": "Rajani Farm", "highway": "bus_stop", "railway": null, "public_transport": null }, "geometry": { "type": "Point", "coordinates": [ 77.5190795, 13.0197535 ] } },
{ "type": "Feature", "properties": { "name": "Rajagopalanagar Rajni Farms", "highway": "bus_stop", "railway": null, "public_transport": "platform" }, "geometry": { "type": "Point", "coordinates": [ 77.5090774, 13.0140998 ] } },
{ "type": "Feature", "properties": { "name": "Town Hall", "highway": "bus_stop", "railway": null, "public_transport": "platform" }, "geometry": { "type": "Point", "coordinates": [ 77.5844925, 12.9636018 ] } },
{ "type": "Feature", "properties": { "name": "Srirama Reddy Layout", "highway": "bus_stop", "railway": null, "public_transport": "platform" }, "geometry": { "type": "Point", "coordinates": [ 77.6815882, 12.9717699 ] } },
{ "type": "Feature", "properties": { "name": "Shanthi Layout", "highway": "bus_stop", "railway": null, "public_transport": null }, "geometry": { "type": "Point", "coordinates": [ 77.6832961, 13.0162427 ] } },
{ "type": "Feature", "properties": { "name": "Garudachar Palya", "highway": "bus_stop", "railway": null, "public_transport": "platform" }, "geometry": { "type": "Point", "coordinates": [ 77.7017553, 12.9938939 ] } },
{ "type": "Feature", "properties": { "name": "Veeranna Palya", "highway": "bus_stop", "railway": null, "public_transport": null }, "geometry": { "type": "Point", "coordinates": [ 77.4999832, 12.9749057 ] } },
{ "type": "Feature", "properties": { "name": "Madavara", "highway": null, "railway": "station", "public_transport": "station" }, "geometry": { "type": "Point", "coordinates": [ 77.4728055, 13.0574214 ] } },
{ "type": "Feature", "properties": { "name": "Chikkabidarakallu", "highway": null, "railway": "station", "public_transport": "station" }, "geometry": { "type": "Point", "coordinates": [ 77.4879154, 13.0523616 ] } },
{ "type": "Feature", "properties": { "name": "Manjunathanagara", "highway": null, "railway": "station", "public_transport": "station" }, "geometry": { "type": "Point", "coordinates": [ 77.4944461, 13.0500898 ] } },
{ "type": "Feature", "properties": { "name": "Soukya Hospital Junction", "highway": "bus_stop", "railway": null, "public_transport": null }, "geometry": { "type": "Point", "coordinates": [ 77.7820117, 12.9881152 ] } },
{ "type": "Feature", "properties": { "name": "Kempapura", "highway": "bus_stop", "railway": null, "public_transport": null }, "geometry": { "type": "Point", "coordinates": [ 77.6070501, 13.048398 ] } },
{ "type": "Feature", "properties": { "name": "HMT House", "highway": "bus_stop", "railway": null, "public_transport": null }, "geometry": { "type": "Point", "coordinates": [ 77.6000149, 13.0498196 ] } },
{ "type": "Feature", "properties": { "name": "Vigneshwara Nagara", "highway": "bus_stop", "railway": null, "public_transport": null }, "geometry": { "type": "Point", "coordinates": [ 77.5044409, 12.9944842 ] } },
{ "type": "Feature", "properties": { "name": "Gangondanahalli Cross", "highway": "bus_stop", "railway": null, "public_transport": "platform" }, "geometry": { "type": "Point", "coordinates": [ 77.4645807, 13.0293215 ] } },
{ "type": "Feature", "properties": { "name": "Gangondanahalli", "highway": "bus_stop", "railway": null, "public_transport": "platform" }, "geometry": { "type": "Point", "coordinates": [ 77.4677183, 13.0217203 ] } },
{ "type": "Feature", "properties": { "name": "Kachohalli", "highway": "bus_stop", "railway": null, "public_transport": "platform" }, "geometry": { "type": "Point", "coordinates": [ 77.4705492, 13.0003721 ] } },
{ "type": "Feature", "properties": { "name": "Lakshmipura", "highway": "bus_stop", "railway": null, "public_transport": "platform" }, "geometry": { "type": "Point", "coordinates": [ 77.4612522, 13.0371439 ] } },
{ "type": "Feature", "properties": { "name": "Rajeshwarinagara", "highway": "bus_stop", "railway": null, "public_transport": "platform" }, "geometry": { "type": "Point", "coordinates": [ 77.4612535, 13.0455346 ] } },
{ "type": "Feature", "properties": { "name": "Thigalara Palya", "highway": "bus_stop", "railway": null, "public_transport": "platform" }, "geometry": { "type": "Point", "coordinates": [ 77.4829741, 13.0170955 ] } },
{ "type": "Feature", "properties": { "name": "G Hosahalli", "highway": "bus_stop", "railway": null, "public_transport": null }, "geometry": { "type": "Point", "coordinates": [ 77.478282, 12.995243 ] } },
{ "type": "Feature", "properties": { "name": "Kumbarahalli Cross", "highway": "bus_stop", "railway": null, "public_transport": "platform" }, "geometry": { "type": "Point", "coordinates": [ 77.4901759, 13.1067359 ] } },
{ "type": "Feature", "properties": { "name": "Wipro Gate", "highway": "bus_stop", "railway": null, "public_transport": "platform" }, "geometry": { "type": "Point", "coordinates": [ 77.6586055, 12.8385045 ] } },
{ "type": "Feature", "properties": { "name": "Kempapura Hebbala", "highway": "bus_stop", "railway": null, "public_transport": "platform" }, "geometry": { "type": "Point", "coordinates": [ 77.5931768, 13.0500036 ] } },
{ "type": "Feature", "properties": { "name": "Manganahalli", "highway": "bus_stop", "railway": null, "public_transport": null }, "geometry": { "type": "Point", "coordinates": [ 77.4692125, 12.9539464 ] } },
{ "type": "Feature", "properties": { "name": "Upkar Residency Layout", "highway": "bus_stop", "railway": null, "public_transport": "platform" }, "geometry": { "type": "Point", "coordinates": [ 77.4831822, 12.9607352 ] } },
{ "type": "Feature", "properties": { "name": "Ramasandra", "highway": "bus_stop", "railway": null, "public_transport": "platform" }, "geometry": { "type": "Point", "coordinates": [ 77.4678817, 12.9454423 ] } },
{ "type": "Feature", "properties": { "name": "Lido", "highway": "bus_stop", "railway": null, "public_transport": "platform" }, "geometry": { "type": "Point", "coordinates": [ 77.6199691, 12.9735287 ] } },
{ "type": "Feature", "properties": { "name": null, "highway": "bus_stop", "railway": null, "public_transport": "platform" }, "geometry": { "type": "Point", "coordinates": [ 77.6291994, 12.9792372 ] } },
{ "type": "Feature", "properties": { "name": "Binnamangala", "highway": "bus_stop", "railway": null, "public_transport": "platform" }, "geometry": { "type": "Point", "coordinates": [ 77.6392171, 12.9836621 ] } },
{ "type": "Feature", "properties": { "name": "NGEF", "highway": "bus_stop", "railway": null, "public_transport": "platform" }, "geometry": { "type": "Point", "coordinates": [ 77.6497862, 12.9878506 ] } },
{ "type": "Feature", "properties": { "name": "Srinivasapura", "highway": "bus_stop", "railway": null, "public_transport": "platform" }, "geometry": { "type": "Point", "coordinates": [ 77.6545382, 12.9900587 ] } },
{ "type": "Feature", "properties": { "name": "Bramha Devara Gudda", "highway": "bus_stop", "railway": null, "public_transport": null }, "geometry": { "type": "Point", "coordinates": [ 77.475418, 12.9749403 ] } },
{ "type": "Feature", "properties": { "name": "Seegehalli", "highway": "bus_stop", "railway": null, "public_transport": null }, "geometry": { "type": "Point", "coordinates": [ 77.4489464, 12.9732468 ] } },
{ "type": "Feature", "properties": { "name": "Dodda Aladamara", "highway": "bus_stop", "railway": null, "public_transport": "platform" }, "geometry": { "type": "Point", "coordinates": [ 77.3952967, 12.9098609 ] } },
{ "type": "Feature", "properties": { "name": "Tavarekere Mori", "highway": "bus_stop", "railway": null, "public_transport": "platform" }, "geometry": { "type": "Point", "coordinates": [ 77.6088054, 12.9251875 ] } },
{ "type": "Feature", "properties": { "name": "Old Gurrappana Palya", "highway": "bus_stop", "railway": null, "public_transport": null }, "geometry": { "type": "Point", "coordinates": [ 77.6052581, 12.9205453 ] } },
{ "type": "Feature", "properties": { "name": "Pillekamma Nagara", "highway": "bus_stop", "railway": null, "public_transport": null }, "geometry": { "type": "Point", "coordinates": [ 77.6365594, 13.171378 ] } },
{ "type": "Feature", "properties": { "name": "Adigondanahalli", "highway": "bus_stop", "railway": null, "public_transport": "platform" }, "geometry": { "type": "Point", "coordinates": [ 77.7510973, 12.8145595 ] } },
{ "type": "Feature", "properties": { "name": "Johnson Market", "highway": "bus_stop", "railway": null, "public_transport": "platform" }, "geometry": { "type": "Point", "coordinates": [ 77.6066752, 12.9633607 ] } },
{ "type": "Feature", "properties": { "name": "Nanjappa Circle", "highway": "bus_stop", "railway": null, "public_transport": "platform" }, "geometry": { "type": "Point", "coordinates": [ 77.6010513, 12.9604441 ] } },
{ "type": "Feature", "properties": { "name": "Government Soap Factory", "highway": "bus_stop", "railway": null, "public_transport": "platform" }, "geometry": { "type": "Point", "coordinates": [ 77.5536626, 13.0132261 ] } },
{ "type": "Feature", "properties": { "name": "Krishnarajendra Market", "highway": "bus_stop", "railway": null, "public_transport": "platform" }, "geometry": { "type": "Point", "coordinates": [ 77.5766596, 12.9639785 ] } },
{ "type": "Feature", "properties": { "name": "Dubasi Palya", "highway": "bus_stop", "railway": null, "public_transport": null }, "geometry": { "type": "Point", "coordinates": [ 77.4951526, 12.9274161 ] } },
{ "type": "Feature", "properties": { "name": "Trinity Circle", "highway": "bus_stop", "railway": null, "public_transport": "platform" }, "geometry": { "type": "Point", "coordinates": [ 77.6205794, 12.9727753 ] } },
{ "type": "Feature", "properties": { "name": "Trinity Circle", "highway": "bus_stop", "railway": null, "public_transport": "platform" }, "geometry": { "type": "Point", "coordinates": [ 77.6220531, 12.9731715 ] } },
{ "type": "Feature", "properties": { "name": "Subbaiah Circle", "highway": "bus_stop", "railway": null, "public_transport": "platform" }, "geometry": { "type": "Point", "coordinates": [ 77.590791, 12.9626801 ] } },
{ "type": "Feature", "properties": { "name": "Carmel Convent", "highway": "bus_stop", "railway": null, "public_transport": "platform" }, "geometry": { "type": "Point", "coordinates": [ 77.5972171, 12.9263392 ] } },
{ "type": "Feature", "properties": { "name": "Avalahalli New BDA Layout", "highway": "bus_stop", "railway": null, "public_transport": null }, "geometry": { "type": "Point", "coordinates": [ 77.5366913, 12.9433213 ] } },
{ "type": "Feature", "properties": { "name": "NDDA", "highway": "bus_stop", "railway": null, "public_transport": "platform" }, "geometry": { "type": "Point", "coordinates": [ 77.6206844, 12.9443971 ] } },
{ "type": "Feature", "properties": { "name": "Bevina Mara", "highway": "bus_stop", "railway": null, "public_transport": "platform" }, "geometry": { "type": "Point", "coordinates": [ 77.7608215, 13.0270922 ] } },
{ "type": "Feature", "properties": { "name": "Bagalagunte Village", "highway": "bus_stop", "railway": null, "public_transport": null }, "geometry": { "type": "Point", "coordinates": [ 77.501909, 13.0571339 ] } },
{ "type": "Feature", "properties": { "name": "Thotada Guddadahalli", "highway": "bus_stop", "railway": null, "public_transport": "platform" }, "geometry": { "type": "Point", "coordinates": [ 77.4893818, 13.0683203 ] } },
{ "type": "Feature", "properties": { "name": "Chikka Banavara", "highway": "bus_stop", "railway": null, "public_transport": "platform" }, "geometry": { "type": "Point", "coordinates": [ 77.5022973, 13.0804996 ] } },
{ "type": "Feature", "properties": { "name": "MEI Layout", "highway": "bus_stop", "railway": null, "public_transport": null }, "geometry": { "type": "Point", "coordinates": [ 77.5009314, 13.0607746 ] } },
{ "type": "Feature", "properties": { "name": "Sidedahalli", "highway": "bus_stop", "railway": null, "public_transport": "platform" }, "geometry": { "type": "Point", "coordinates": [ 77.4953754, 13.0625424 ] } },
{ "type": "Feature", "properties": { "name": "Meenakshi Layout", "highway": "bus_stop", "railway": null, "public_transport": "platform" }, "geometry": { "type": "Point", "coordinates": [ 77.4927168, 13.065434 ] } },
{ "type": "Feature", "properties": { "name": "Thore Nagasandra cross", "highway": "bus_stop", "railway": null, "public_transport": null }, "geometry": { "type": "Point", "coordinates": [ 77.4819095, 13.11193 ] } },
{ "type": "Feature", "properties": { "name": "Soladevana Halli Police Station", "highway": "bus_stop", "railway": null, "public_transport": "platform" }, "geometry": { "type": "Point", "coordinates": [ 77.4888939, 13.0934254 ] } },
{ "type": "Feature", "properties": { "name": "Benniganahalli", "highway": "bus_stop", "railway": null, "public_transport": "platform" }, "geometry": { "type": "Point", "coordinates": [ 77.6638835, 12.9946174 ] } },
{ "type": "Feature", "properties": { "name": "Benniganahalli", "highway": "bus_stop", "railway": null, "public_transport": "platform" }, "geometry": { "type": "Point", "coordinates": [ 77.6640408, 12.9942812 ] } },
{ "type": "Feature", "properties": { "name": "Goruvugere Gate", "highway": "bus_stop", "railway": null, "public_transport": "platform" }, "geometry": { "type": "Point", "coordinates": [ 77.7709828, 13.0425433 ] } },
{ "type": "Feature", "properties": { "name": "Whitefield", "highway": "bus_stop", "railway": null, "public_transport": "platform" }, "geometry": { "type": "Point", "coordinates": [ 77.749998, 12.969302 ] } },
{ "type": "Feature", "properties": { "name": "Halasuru", "highway": "bus_stop", "railway": null, "public_transport": "platform" }, "geometry": { "type": "Point", "coordinates": [ 77.6282801, 12.9781648 ] } },
{ "type": "Feature", "properties": { "name": "Gopalapura", "highway": "bus_stop", "railway": null, "public_transport": "platform" }, "geometry": { "type": "Point", "coordinates": [ 77.4266623, 13.1409296 ] } },
{ "type": "Feature", "properties": { "name": "AG Export Garments Nelamangala", "highway": "bus_stop", "railway": null, "public_transport": "platform" }, "geometry": { "type": "Point", "coordinates": [ 77.393014, 13.121828 ] } },
{ "type": "Feature", "properties": { "name": "Railway Gollahalli", "highway": "bus_stop", "railway": null, "public_transport": "platform" }, "geometry": { "type": "Point", "coordinates": [ 77.4174183, 13.1466529 ] } },
{ "type": "Feature", "properties": { "name": "Kadabagere Cross", "highway": "bus_stop", "railway": null, "public_transport": "platform" }, "geometry": { "type": "Point", "coordinates": [ 77.4492145, 12.988996 ] } },
{ "type": "Feature", "properties": { "name": "Forest Gate", "highway": "bus_stop", "railway": null, "public_transport": null }, "geometry": { "type": "Point", "coordinates": [ 77.4591022, 12.9917411 ] } },
{ "type": "Feature", "properties": { "name": "Mutturayaswamy Temple", "highway": "bus_stop", "railway": null, "public_transport": "platform" }, "geometry": { "type": "Point", "coordinates": [ 77.4427372, 12.9918561 ] } },
{ "type": "Feature", "properties": { "name": "Bayyandahalli Colony", "highway": "bus_stop", "railway": null, "public_transport": "platform" }, "geometry": { "type": "Point", "coordinates": [ 77.442387, 13.0033032 ] } },
{ "type": "Feature", "properties": { "name": "Janapriya Township", "highway": "bus_stop", "railway": null, "public_transport": "platform" }, "geometry": { "type": "Point", "coordinates": [ 77.4427719, 12.9992158 ] } },
{ "type": "Feature", "properties": { "name": "Sultanpalya", "highway": "bus_stop", "railway": null, "public_transport": "platform" }, "geometry": { "type": "Point", "coordinates": [ 77.6039706, 13.0266392 ] } },
{ "type": "Feature", "properties": { "name": "Roopena Agrahara", "highway": "bus_stop", "railway": null, "public_transport": "platform" }, "geometry": { "type": "Point", "coordinates": [ 77.6258541, 12.9117119 ] } },
{ "type": "Feature", "properties": { "name": "Roopena Agrahara", "highway": "bus_stop", "railway": null, "public_transport": "platform" }, "geometry": { "type": "Point", "coordinates": [ 77.6260402, 12.9119896 ] } },
{ "type": "Feature", "properties": { "name": "Silk Board", "highway": "bus_stop", "railway": null, "public_transport": "platform" }, "geometry": { "type": "Point", "coordinates": [ 77.6235628, 12.9167972 ] } },
{ "type": "Feature", "properties": { "name": "Bommanahalli", "highway": "bus_stop", "railway": null, "public_transport": "platform" }, "geometry": { "type": "Point", "coordinates": [ 77.6301576, 12.9053733 ] } },
{ "type": "Feature", "properties": { "name": "Garavebhavipalaya", "highway": "bus_stop", "railway": null, "public_transport": "platform" }, "geometry": { "type": "Point", "coordinates": [ 77.6353965, 12.8962015 ] } },
{ "type": "Feature", "properties": { "name": "Kudlu Gate", "highway": "bus_stop", "railway": null, "public_transport": "platform" }, "geometry": { "type": "Point", "coordinates": [ 77.6396808, 12.8899174 ] } },
{ "type": "Feature", "properties": { "name": "Konappana Agrahara", "highway": "bus_stop", "railway": null, "public_transport": "platform" }, "geometry": { "type": "Point", "coordinates": [ 77.6661087, 12.8541313 ] } },
{ "type": "Feature", "properties": { "name": "Singasandra", "highway": "bus_stop", "railway": null, "public_transport": "platform" }, "geometry": { "type": "Point", "coordinates": [ 77.6465392, 12.8787449 ] } },
{ "type": "Feature", "properties": { "name": "GKVK Gate", "highway": "bus_stop", "railway": null, "public_transport": "platform" }, "geometry": { "type": "Point", "coordinates": [ 77.5924255, 13.0730444 ] } },
{ "type": "Feature", "properties": { "name": "Bettahalasuru Cross", "highway": "bus_stop", "railway": null, "public_transport": "platform" }, "geometry": { "type": "Point", "coordinates": [ 77.6233448, 13.1570073 ] } },
{ "type": "Feature", "properties": { "name": "Sadahalli Gate", "highway": "bus_stop", "railway": null, "public_transport": "platform" }, "geometry": { "type": "Point", "coordinates": [ 77.646333, 13.1912668 ] } },
{ "type": "Feature", "properties": { "name": "Hebbagodi", "highway": "bus_stop", "railway": null, "public_transport": "platform" }, "geometry": { "type": "Point", "coordinates": [ 77.6829138, 12.8256264 ] } },
{ "type": "Feature", "properties": { "name": "Town Hall", "highway": "bus_stop", "railway": null, "public_transport": "platform" }, "geometry": { "type": "Point", "coordinates": [ 77.5842677, 12.9639001 ] } },
{ "type": "Feature", "properties": { "name": "Indira Nursing Home", "highway": "bus_stop", "railway": null, "public_transport": "platform" }, "geometry": { "type": "Point", "coordinates": [ 77.5641724, 12.9292591 ] } },
{ "type": "Feature", "properties": { "name": "BDA Complex", "highway": "bus_stop", "railway": null, "public_transport": null }, "geometry": { "type": "Point", "coordinates": [ 77.5647659, 12.9245175 ] } },
{ "type": "Feature", "properties": { "name": "Post Office Stop", "highway": "bus_stop", "railway": null, "public_transport": "platform" }, "geometry": { "type": "Point", "coordinates": [ 77.5698786, 12.9262173 ] } },
{ "type": "Feature", "properties": { "name": "Canara Bank Hebbala", "highway": "bus_stop", "railway": null, "public_transport": "platform" }, "geometry": { "type": "Point", "coordinates": [ 77.5888569, 13.0360866 ] } },
{ "type": "Feature", "properties": { "name": "Canara Bank Millers Road", "highway": "bus_stop", "railway": null, "public_transport": "platform" }, "geometry": { "type": "Point", "coordinates": [ 77.6013825, 12.9956592 ] } },
{ "type": "Feature", "properties": { "name": "Hosapalya", "highway": "bus_stop", "railway": null, "public_transport": null }, "geometry": { "type": "Point", "coordinates": [ 77.3573489, 12.951107 ] } },
{ "type": "Feature", "properties": { "name": "Saraswathi Nagar, Police Chowky", "highway": "bus_stop", "railway": null, "public_transport": null }, "geometry": { "type": "Point", "coordinates": [ 77.5290443, 12.9719567 ] } },
{ "type": "Feature", "properties": { "name": "Hampinagara Bus Stand", "highway": "bus_stop", "railway": null, "public_transport": "platform" }, "geometry": { "type": "Point", "coordinates": [ 77.5357223, 12.9585853 ] } },
{ "type": "Feature", "properties": { "name": "Totagere", "highway": "bus_stop", "railway": null, "public_transport": "platform" }, "geometry": { "type": "Point", "coordinates": [ 77.445103, 13.1366218 ] } },
{ "type": "Feature", "properties": { "name": "KMF", "highway": "bus_stop", "railway": null, "public_transport": "platform" }, "geometry": { "type": "Point", "coordinates": [ 77.5074624, 13.188444 ] } },
{ "type": "Feature", "properties": { "name": "Rama Mandira Chamarajapet", "highway": "bus_stop", "railway": null, "public_transport": "platform" }, "geometry": { "type": "Point", "coordinates": [ 77.5638441, 12.9569707 ] } },
{ "type": "Feature", "properties": { "name": "Nagavara Junction", "highway": "bus_stop", "railway": null, "public_transport": "platform" }, "geometry": { "type": "Point", "coordinates": [ 77.6244203, 13.0407277 ] } },
{ "type": "Feature", "properties": { "name": "Indian Oil", "highway": "bus_stop", "railway": null, "public_transport": "platform" }, "geometry": { "type": "Point", "coordinates": [ 77.6384434, 13.005436 ] } },
{ "type": "Feature", "properties": { "name": "Sumanahalli", "highway": "bus_stop", "railway": null, "public_transport": "platform" }, "geometry": { "type": "Point", "coordinates": [ 77.5207241, 12.9867833 ] } },
{ "type": "Feature", "properties": { "name": "Summanahalli", "highway": "bus_stop", "railway": null, "public_transport": "platform" }, "geometry": { "type": "Point", "coordinates": [ 77.5195211, 12.9867218 ] } },
{ "type": "Feature", "properties": { "name": "Summanahalli", "highway": "bus_stop", "railway": null, "public_transport": "stop_position" }, "geometry": { "type": "Point", "coordinates": [ 77.5191931, 12.9876896 ] } },
{ "type": "Feature", "properties": { "name": null, "highway": "bus_stop", "railway": null, "public_transport": null }, "geometry": { "type": "Point", "coordinates": [ 77.5056024, 13.0081727 ] } },
{ "type": "Feature", "properties": { "name": "Rajagopalanagara Police Station", "highway": "bus_stop", "railway": null, "public_transport": "platform" }, "geometry": { "type": "Point", "coordinates": [ 77.5217729, 13.0237865 ] } },
{ "type": "Feature", "properties": { "name": "Kanteerava Nagar", "highway": "bus_stop", "railway": null, "public_transport": "platform" }, "geometry": { "type": "Point", "coordinates": [ 77.5269261, 13.0216202 ] } },
{ "type": "Feature", "properties": { "name": "Devasthana", "highway": "bus_stop", "railway": null, "public_transport": "platform" }, "geometry": { "type": "Point", "coordinates": [ 77.5294031, 13.0209486 ] } },
{ "type": "Feature", "properties": { "name": "Binny Mill", "highway": "bus_stop", "railway": null, "public_transport": "platform" }, "geometry": { "type": "Point", "coordinates": [ 77.5662423, 12.970623 ] } },
{ "type": "Feature", "properties": { "name": "Cox Town Water Tank", "highway": "bus_stop", "railway": null, "public_transport": "platform" }, "geometry": { "type": "Point", "coordinates": [ 77.6267752, 12.994383 ] } },
{ "type": "Feature", "properties": { "name": "Dasarahalli", "highway": "bus_stop", "railway": null, "public_transport": null }, "geometry": { "type": "Point", "coordinates": [ 77.5427848, 12.9785071 ] } },
{ "type": "Feature", "properties": { "name": "Kamalanagar 8th Main", "highway": "bus_stop", "railway": null, "public_transport": "stop_position" }, "geometry": { "type": "Point", "coordinates": [ 77.538523, 12.9919287 ] } },
{ "type": "Feature", "properties": { "name": "GKW Layout", "highway": "bus_stop", "railway": null, "public_transport": null }, "geometry": { "type": "Point", "coordinates": [ 77.5285165, 12.9682338 ] } },
{ "type": "Feature", "properties": { "name": "Marenahalli", "highway": "bus_stop", "railway": null, "public_transport": null }, "geometry": { "type": "Point", "coordinates": [ 77.5320623, 12.9699014 ] } },
{ "type": "Feature", "properties": { "name": "Jagajeevanram Nagara", "highway": "bus_stop", "railway": null, "public_transport": "platform" }, "geometry": { "type": "Point", "coordinates": [ 77.5550387, 12.9645656 ] } },
{ "type": "Feature", "properties": { "name": "Padmanabha Nagar (12B Stop)", "highway": "bus_stop", "railway": null, "public_transport": null }, "geometry": { "type": "Point", "coordinates": [ 77.5597183, 12.9185388 ] } },
{ "type": "Feature", "properties": { "name": "Hebbagodi", "highway": "bus_stop", "railway": null, "public_transport": "platform" }, "geometry": { "type": "Point", "coordinates": [ 77.6832319, 12.8257037 ] } },
{ "type": "Feature", "properties": { "name": "1st Cross Magadi Road", "highway": "bus_stop", "railway": null, "public_transport": "platform" }, "geometry": { "type": "Point", "coordinates": [ 77.5636781, 12.9756889 ] } },
{ "type": "Feature", "properties": { "name": "5th Cross Magadi Road", "highway": "bus_stop", "railway": null, "public_transport": "platform" }, "geometry": { "type": "Point", "coordinates": [ 77.5603926, 12.9756577 ] } },
{ "type": "Feature", "properties": { "name": "10th Cross Magadi Road", "highway": "bus_stop", "railway": null, "public_transport": "platform" }, "geometry": { "type": "Point", "coordinates": [ 77.5564866, 12.9755367 ] } },
{ "type": "Feature", "properties": { "name": "Prasanna Talkies", "highway": "bus_stop", "railway": null, "public_transport": "platform" }, "geometry": { "type": "Point", "coordinates": [ 77.5509453, 12.974073 ] } },
{ "type": "Feature", "properties": { "name": "Toll Gate", "highway": "bus_stop", "railway": null, "public_transport": "platform" }, "geometry": { "type": "Point", "coordinates": [ 77.5490047, 12.9746245 ] } },
{ "type": "Feature", "properties": { "name": "Arehalli", "highway": "bus_stop", "railway": null, "public_transport": "platform" }, "geometry": { "type": "Point", "coordinates": [ 77.538512, 12.9084977 ] } },
{ "type": "Feature", "properties": { "name": "Ashrama Savandarbar", "highway": "bus_stop", "railway": null, "public_transport": "platform" }, "geometry": { "type": "Point", "coordinates": [ 77.4923086, 12.9096102 ] } },
{ "type": "Feature", "properties": { "name": "Prarthana School", "highway": "bus_stop", "railway": null, "public_transport": "platform" }, "geometry": { "type": "Point", "coordinates": [ 77.5582157, 12.9115581 ] } },
{ "type": "Feature", "properties": { "name": "Yarab Nagara", "highway": "bus_stop", "railway": null, "public_transport": "platform" }, "geometry": { "type": "Point", "coordinates": [ 77.5693057, 12.9158217 ] } },
{ "type": "Feature", "properties": { "name": "Raja Rajeshwari School", "highway": "bus_stop", "railway": null, "public_transport": "platform" }, "geometry": { "type": "Point", "coordinates": [ 77.5147243, 12.9296555 ] } },
{ "type": "Feature", "properties": { "name": "Glass House Halage Vaderahalli", "highway": "bus_stop", "railway": null, "public_transport": "platform" }, "geometry": { "type": "Point", "coordinates": [ 77.5122943, 12.9067912 ] } },
{ "type": "Feature", "properties": { "name": "BHEL Concrode Layout", "highway": "bus_stop", "railway": null, "public_transport": "platform" }, "geometry": { "type": "Point", "coordinates": [ 77.5094358, 12.9078152 ] } },
{ "type": "Feature", "properties": { "name": "Pattanagere", "highway": "bus_stop", "railway": null, "public_transport": null }, "geometry": { "type": "Point", "coordinates": [ 77.5115655, 12.9195676 ] } },
{ "type": "Feature", "properties": { "name": "Raja Rajeshwari Temple", "highway": "bus_stop", "railway": null, "public_transport": "platform" }, "geometry": { "type": "Point", "coordinates": [ 77.5111944, 12.9269842 ] } },
{ "type": "Feature", "properties": { "name": "Hanumantha Nagara Ward Office", "highway": "bus_stop", "railway": null, "public_transport": null }, "geometry": { "type": "Point", "coordinates": [ 77.5658489, 12.9433354 ] } },
{ "type": "Feature", "properties": { "name": "Jinke vana", "highway": "bus_stop", "railway": null, "public_transport": "platform" }, "geometry": { "type": "Point", "coordinates": [ 77.5554901, 12.9505683 ] } },
{ "type": "Feature", "properties": { "name": "Minerva Circle", "highway": "bus_stop", "railway": null, "public_transport": null }, "geometry": { "type": "Point", "coordinates": [ 77.5804651, 12.954972 ] } },
{ "type": "Feature", "properties": { "name": "TR Mill, Raghavendra Colony", "highway": "bus_stop", "railway": null, "public_transport": "platform" }, "geometry": { "type": "Point", "coordinates": [ 77.5592031, 12.9573809 ] } },
{ "type": "Feature", "properties": { "name": "AGS Layout Cross", "highway": "bus_stop", "railway": null, "public_transport": null }, "geometry": { "type": "Point", "coordinates": [ 77.5408913, 12.9135288 ] } },
{ "type": "Feature", "properties": { "name": "Haridasa Nagara", "highway": "bus_stop", "railway": null, "public_transport": null }, "geometry": { "type": "Point", "coordinates": [ 77.5273725, 12.9186152 ] } },
{ "type": "Feature", "properties": { "name": "Krishnappa Layout", "highway": "bus_stop", "railway": null, "public_transport": null }, "geometry": { "type": "Point", "coordinates": [ 77.5295868, 12.9230604 ] } },
{ "type": "Feature", "properties": { "name": "Shaneshwara Temple", "highway": "bus_stop", "railway": null, "public_transport": null }, "geometry": { "type": "Point", "coordinates": [ 77.5313975, 12.926515 ] } },
{ "type": "Feature", "properties": { "name": "Muneshwara Nagara Kerekodi", "highway": "bus_stop", "railway": null, "public_transport": null }, "geometry": { "type": "Point", "coordinates": [ 77.5351394, 12.9295271 ] } },
{ "type": "Feature", "properties": { "name": "Muneshwara Temple", "highway": "bus_stop", "railway": null, "public_transport": null }, "geometry": { "type": "Point", "coordinates": [ 77.5337319, 12.9307461 ] } },
{ "type": "Feature", "properties": { "name": "Hosakerehalli", "highway": "bus_stop", "railway": null, "public_transport": "platform" }, "geometry": { "type": "Point", "coordinates": [ 77.5396411, 12.9304642 ] } },
{ "type": "Feature", "properties": { "name": "Madivala Masjid", "highway": "bus_stop", "railway": null, "public_transport": "platform" }, "geometry": { "type": "Point", "coordinates": [ 77.618541, 12.9248868 ] } },
{ "type": "Feature", "properties": { "name": "Jayanagara 4th Block", "highway": "bus_stop", "railway": null, "public_transport": "platform" }, "geometry": { "type": "Point", "coordinates": [ 77.5861425, 12.928997 ] } },
{ "type": "Feature", "properties": { "name": "Shanubhoganahalli", "highway": "bus_stop", "railway": null, "public_transport": "platform" }, "geometry": { "type": "Point", "coordinates": [ 77.5613418, 12.8267018 ] } },
{ "type": "Feature", "properties": { "name": "Maruthi Badavane", "highway": "bus_stop", "railway": null, "public_transport": "platform" }, "geometry": { "type": "Point", "coordinates": [ 77.5806403, 12.8400106 ] } },
{ "type": "Feature", "properties": { "name": "ITI Colony Gate", "highway": "bus_stop", "railway": null, "public_transport": "platform" }, "geometry": { "type": "Point", "coordinates": [ 77.6852333, 13.0054859 ] } },
{ "type": "Feature", "properties": { "name": "Krishnarajapuram", "highway": "bus_stop", "railway": null, "public_transport": null }, "geometry": { "type": "Point", "coordinates": [ 77.6952052, 13.0082237 ] } },
{ "type": "Feature", "properties": { "name": "Hosakote Kodi", "highway": "bus_stop", "railway": null, "public_transport": null }, "geometry": { "type": "Point", "coordinates": [ 77.7678264, 13.0567017 ] } },
{ "type": "Feature", "properties": { "name": "Hosakote High School", "highway": "bus_stop", "railway": null, "public_transport": "platform" }, "geometry": { "type": "Point", "coordinates": [ 77.783882, 13.0702668 ] } },
{ "type": "Feature", "properties": { "name": "Hosakote High School", "highway": "bus_stop", "railway": null, "public_transport": "platform" }, "geometry": { "type": "Point", "coordinates": [ 77.7837843, 13.0705714 ] } },
{ "type": "Feature", "properties": { "name": "Channabyregowda Circle", "highway": "bus_stop", "railway": null, "public_transport": null }, "geometry": { "type": "Point", "coordinates": [ 77.7869256, 13.0719001 ] } },
{ "type": "Feature", "properties": { "name": "Wilson Garden 14th cross", "highway": "bus_stop", "railway": null, "public_transport": "platform" }, "geometry": { "type": "Point", "coordinates": [ 77.6002559, 12.9466304 ] } },
{ "type": "Feature", "properties": { "name": "MG Road Parade Ground", "highway": "bus_stop", "railway": null, "public_transport": null }, "geometry": { "type": "Point", "coordinates": [ 77.6061031, 12.9756214 ] } },
{ "type": "Feature", "properties": { "name": "Horamavu Junction", "highway": "bus_stop", "railway": null, "public_transport": "platform" }, "geometry": { "type": "Point", "coordinates": [ 77.6557513, 13.0194127 ] } },
{ "type": "Feature", "properties": { "name": "Vijaya Bank Colony", "highway": "bus_stop", "railway": null, "public_transport": "platform" }, "geometry": { "type": "Point", "coordinates": [ 77.660337, 13.0171497 ] } },
{ "type": "Feature", "properties": { "name": "Jayanthi Nagar", "highway": "bus_stop", "railway": null, "public_transport": "platform" }, "geometry": { "type": "Point", "coordinates": [ 77.6636543, 13.0287105 ] } },
{ "type": "Feature", "properties": { "name": "National College", "highway": "bus_stop", "railway": null, "public_transport": "platform" }, "geometry": { "type": "Point", "coordinates": [ 77.5738082, 12.9497919 ] } },
{ "type": "Feature", "properties": { "name": "Makkala Koota", "highway": "bus_stop", "railway": null, "public_transport": null }, "geometry": { "type": "Point", "coordinates": [ 77.5737819, 12.9569244 ] } },
{ "type": "Feature", "properties": { "name": "Muneshwara Temple", "highway": "bus_stop", "railway": null, "public_transport": "platform" }, "geometry": { "type": "Point", "coordinates": [ 77.6066504, 12.9363231 ] } },
{ "type": "Feature", "properties": { "name": "Frazer Town", "highway": "bus_stop", "railway": null, "public_transport": "platform" }, "geometry": { "type": "Point", "coordinates": [ 77.6117068, 13.0008749 ] } },
{ "type": "Feature", "properties": { "name": "Nagasandra Circle", "highway": "bus_stop", "railway": null, "public_transport": "platform" }, "geometry": { "type": "Point", "coordinates": [ 77.5720707, 12.9368284 ] } },
{ "type": "Feature", "properties": { "name": "Patalamma Temple", "highway": "bus_stop", "railway": null, "public_transport": "platform" }, "geometry": { "type": "Point", "coordinates": [ 77.5301838, 12.9047275 ] } },
{ "type": "Feature", "properties": { "name": "KR Puram Railway Station", "highway": "bus_stop", "railway": null, "public_transport": "platform" }, "geometry": { "type": "Point", "coordinates": [ 77.6763015, 12.9998383 ] } },
{ "type": "Feature", "properties": { "name": "Sindhi Colony", "highway": "bus_stop", "railway": null, "public_transport": null }, "geometry": { "type": "Point", "coordinates": [ 77.6165841, 12.9955424 ] } },
{ "type": "Feature", "properties": { "name": "Sindhi Colony", "highway": "bus_stop", "railway": null, "public_transport": null }, "geometry": { "type": "Point", "coordinates": [ 77.6169041, 12.9957008 ] } },
{ "type": "Feature", "properties": { "name": "Shobha Hospital, Prashant Nagar", "highway": "bus_stop", "railway": null, "public_transport": "platform" }, "geometry": { "type": "Point", "coordinates": [ 77.5311667, 12.9757654 ] } },
{ "type": "Feature", "properties": { "name": "Govindaraj Nagara", "highway": "bus_stop", "railway": null, "public_transport": "platform" }, "geometry": { "type": "Point", "coordinates": [ 77.5368731, 12.9757026 ] } },
{ "type": "Feature", "properties": { "name": "KHB Colony", "highway": "bus_stop", "railway": null, "public_transport": "platform" }, "geometry": { "type": "Point", "coordinates": [ 77.5356902, 12.981326 ] } },
{ "type": "Feature", "properties": { "name": "Jn Of 8Th Main And 3Rd Cross, Jp Nagara 2Nd Phase", "highway": "bus_stop", "railway": null, "public_transport": null }, "geometry": { "type": "Point", "coordinates": [ 77.5950566, 12.9074619 ] } },
{ "type": "Feature", "properties": { "name": "Thirumalashettyhalli Cross", "highway": "bus_stop", "railway": null, "public_transport": null }, "geometry": { "type": "Point", "coordinates": [ 77.7811915, 12.9863076 ] } },
{ "type": "Feature", "properties": { "name": "Chikkanahalli Bande", "highway": "bus_stop", "railway": null, "public_transport": "platform" }, "geometry": { "type": "Point", "coordinates": [ 77.3902123, 13.1794349 ] } },
{ "type": "Feature", "properties": { "name": "Chikka Kukkanahalli", "highway": "bus_stop", "railway": null, "public_transport": "platform" }, "geometry": { "type": "Point", "coordinates": [ 77.4491935, 13.1582049 ] } },
{ "type": "Feature", "properties": { "name": "Bylanjaneya Temple", "highway": "bus_stop", "railway": null, "public_transport": "platform" }, "geometry": { "type": "Point", "coordinates": [ 77.4095167, 13.1503999 ] } },
{ "type": "Feature", "properties": { "name": "Agrahara Gate", "highway": "bus_stop", "railway": null, "public_transport": null }, "geometry": { "type": "Point", "coordinates": [ 77.455902, 13.1292116 ] } },
{ "type": "Feature", "properties": { "name": "Basappa Layout", "highway": "bus_stop", "railway": null, "public_transport": "platform" }, "geometry": { "type": "Point", "coordinates": [ 77.450157, 13.1077499 ] } },
{ "type": "Feature", "properties": { "name": "Bolamaranahalli", "highway": "bus_stop", "railway": null, "public_transport": "platform" }, "geometry": { "type": "Point", "coordinates": [ 77.3974964, 13.1594492 ] } },
{ "type": "Feature", "properties": { "name": "Govindapura Cross", "highway": "bus_stop", "railway": null, "public_transport": null }, "geometry": { "type": "Point", "coordinates": [ 77.4647714, 13.1187269 ] } },
{ "type": "Feature", "properties": { "name": "Byrashettyhalli", "highway": "bus_stop", "railway": null, "public_transport": "platform" }, "geometry": { "type": "Point", "coordinates": [ 77.4031586, 13.1565545 ] } },
{ "type": "Feature", "properties": { "name": "Thyagadahalli", "highway": "bus_stop", "railway": null, "public_transport": "platform" }, "geometry": { "type": "Point", "coordinates": [ 77.3947033, 13.1745862 ] } },
{ "type": "Feature", "properties": { "name": "Chikkanahalli", "highway": "bus_stop", "railway": null, "public_transport": "platform" }, "geometry": { "type": "Point", "coordinates": [ 77.3838299, 13.183752 ] } },
{ "type": "Feature", "properties": { "name": "Betta Halli Cross", "highway": "bus_stop", "railway": null, "public_transport": "platform" }, "geometry": { "type": "Point", "coordinates": [ 77.3929017, 13.1616884 ] } },
{ "type": "Feature", "properties": { "name": "Kalkere", "highway": "bus_stop", "railway": null, "public_transport": "platform" }, "geometry": { "type": "Point", "coordinates": [ 77.5891907, 12.8327396 ] } },
{ "type": "Feature", "properties": { "name": "Weavers Colony", "highway": "bus_stop", "railway": null, "public_transport": "platform" }, "geometry": { "type": "Point", "coordinates": [ 77.583665, 12.844515 ] } },
{ "type": "Feature", "properties": { "name": "Telecom Layout", "highway": "bus_stop", "railway": null, "public_transport": "platform" }, "geometry": { "type": "Point", "coordinates": [ 77.5474182, 12.9665369 ] } },
{ "type": "Feature", "properties": { "name": "Okalipura", "highway": "bus_stop", "railway": null, "public_transport": "platform" }, "geometry": { "type": "Point", "coordinates": [ 77.5678787, 12.9825341 ] } },
{ "type": "Feature", "properties": { "name": "HBR Layout 5th Block", "highway": "bus_stop", "railway": null, "public_transport": "platform" }, "geometry": { "type": "Point", "coordinates": [ 77.6271719, 13.0370273 ] } },
{ "type": "Feature", "properties": { "name": "HBR Layout 5th Block", "highway": "bus_stop", "railway": null, "public_transport": "platform" }, "geometry": { "type": "Point", "coordinates": [ 77.6261302, 13.0380621 ] } },
{ "type": "Feature", "properties": { "name": "Nagegowdana Palya", "highway": "bus_stop", "railway": null, "public_transport": null }, "geometry": { "type": "Point", "coordinates": [ 77.5133838, 12.8678913 ] } },
{ "type": "Feature", "properties": { "name": "BEL Circle", "highway": "bus_stop", "railway": null, "public_transport": "platform" }, "geometry": { "type": "Point", "coordinates": [ 77.5568305, 13.0451074 ] } },
{ "type": "Feature", "properties": { "name": "BEL Circle", "highway": "bus_stop", "railway": null, "public_transport": "platform" }, "geometry": { "type": "Point", "coordinates": [ 77.5566615, 13.0464434 ] } },
{ "type": "Feature", "properties": { "name": "Indiranagar BMTC Depot", "highway": "bus_stop", "railway": null, "public_transport": "platform" }, "geometry": { "type": "Point", "coordinates": [ 77.6348224, 12.9825846 ] } },
{ "type": "Feature", "properties": { "name": "Attiguppe", "highway": "bus_stop", "railway": null, "public_transport": "platform" }, "geometry": { "type": "Point", "coordinates": [ 77.5340756, 12.9579314 ] } },
{ "type": "Feature", "properties": { "name": "Guni Agrahara", "highway": "bus_stop", "railway": null, "public_transport": null }, "geometry": { "type": "Point", "coordinates": [ 77.5251924, 13.0984105 ] } },
{ "type": "Feature", "properties": { "name": "Somashettihalli", "highway": "bus_stop", "railway": null, "public_transport": null }, "geometry": { "type": "Point", "coordinates": [ 77.5214425, 13.088115 ] } },
{ "type": "Feature", "properties": { "name": "Electronics City Depot No: 19 Gate", "highway": "bus_stop", "railway": null, "public_transport": "platform" }, "geometry": { "type": "Point", "coordinates": [ 77.6707682, 12.8482046 ] } },
{ "type": "Feature", "properties": { "name": "ITI Circle", "highway": "bus_stop", "railway": null, "public_transport": "platform" }, "geometry": { "type": "Point", "coordinates": [ 77.6833497, 13.0080094 ] } },
{ "type": "Feature", "properties": { "name": "KR Market", "highway": "bus_stop", "railway": null, "public_transport": "platform" }, "geometry": { "type": "Point", "coordinates": [ 77.5749819, 12.961253 ] } },
{ "type": "Feature", "properties": { "name": "Toll Gate", "highway": "bus_stop", "railway": null, "public_transport": null }, "geometry": { "type": "Point", "coordinates": [ 77.5488602, 12.9745355 ] } },
{ "type": "Feature", "properties": { "name": "Bangalore Dairy Circle", "highway": "bus_stop", "railway": null, "public_transport": "platform" }, "geometry": { "type": "Point", "coordinates": [ 77.6012679, 12.9358214 ] } },
{ "type": "Feature", "properties": { "name": "Bangalore Dairy Circle", "highway": "bus_stop", "railway": null, "public_transport": "platform" }, "geometry": { "type": "Point", "coordinates": [ 77.6014935, 12.9374521 ] } },
{ "type": "Feature", "properties": { "name": "Chunchagatta", "highway": "bus_stop", "railway": null, "public_transport": null }, "geometry": { "type": "Point", "coordinates": [ 77.575556, 12.8914833 ] } },
{ "type": "Feature", "properties": { "name": "Nelamangala Bypass", "highway": "bus_stop", "railway": null, "public_transport": "platform" }, "geometry": { "type": "Point", "coordinates": [ 77.3845733, 13.0974151 ] } },
{ "type": "Feature", "properties": { "name": "Nelamangala", "highway": null, "railway": "station", "public_transport": null }, "geometry": { "type": "Point", "coordinates": [ 77.3925031, 13.1121865 ] } },
{ "type": "Feature", "properties": { "name": "Krishnarajapuram", "highway": "bus_stop", "railway": null, "public_transport": null }, "geometry": { "type": "Point", "coordinates": [ 77.6936868, 13.0084831 ] } },
{ "type": "Feature", "properties": { "name": "Doddabanahalli", "highway": "bus_stop", "railway": null, "public_transport": null }, "geometry": { "type": "Point", "coordinates": [ 77.7473875, 13.023782 ] } },
{ "type": "Feature", "properties": { "name": "Krishnarajapuram", "highway": "bus_stop", "railway": null, "public_transport": null }, "geometry": { "type": "Point", "coordinates": [ 77.6951929, 13.0080678 ] } },
{ "type": "Feature", "properties": { "name": "South End Road", "highway": "bus_stop", "railway": null, "public_transport": "platform" }, "geometry": { "type": "Point", "coordinates": [ 77.5765214, 12.936716 ] } },
{ "type": "Feature", "properties": { "name": "Vijaya College", "highway": "bus_stop", "railway": null, "public_transport": "platform" }, "geometry": { "type": "Point", "coordinates": [ 77.5802295, 12.9411907 ] } },
{ "type": "Feature", "properties": { "name": "Uttarahalli Water Tank", "highway": "bus_stop", "railway": null, "public_transport": "platform" }, "geometry": { "type": "Point", "coordinates": [ 77.534645, 12.9083786 ] } },
{ "type": "Feature", "properties": { "name": "Poornaprajna Layout", "highway": "bus_stop", "railway": null, "public_transport": "platform" }, "geometry": { "type": "Point", "coordinates": [ 77.535944, 12.908823 ] } },
{ "type": "Feature", "properties": { "name": "Ramakrishna Nagara", "highway": "bus_stop", "railway": null, "public_transport": null }, "geometry": { "type": "Point", "coordinates": [ 77.5343208, 13.0178043 ] } },
{ "type": "Feature", "properties": { "name": "PES College", "highway": "bus_stop", "railway": null, "public_transport": "platform" }, "geometry": { "type": "Point", "coordinates": [ 77.537064, 12.9348213 ] } },
{ "type": "Feature", "properties": { "name": "Shanthinagara", "highway": "bus_stop", "railway": null, "public_transport": null }, "geometry": { "type": "Point", "coordinates": [ 77.3670763, 13.078799 ] } },
{ "type": "Feature", "properties": { "name": "Dasanapura", "highway": "bus_stop", "railway": null, "public_transport": "platform" }, "geometry": { "type": "Point", "coordinates": [ 77.4359092, 13.0751191 ] } },
{ "type": "Feature", "properties": { "name": "Dasanapura", "highway": "bus_stop", "railway": null, "public_transport": "platform" }, "geometry": { "type": "Point", "coordinates": [ 77.4360035, 13.0755778 ] } },
{ "type": "Feature", "properties": { "name": "Tatanagar entrance", "highway": "bus_stop", "railway": null, "public_transport": null }, "geometry": { "type": "Point", "coordinates": [ 77.5753049, 13.0535599 ] } },
{ "type": "Feature", "properties": { "name": "Devinagara", "highway": "bus_stop", "railway": null, "public_transport": "platform" }, "geometry": { "type": "Point", "coordinates": [ 77.5715256, 13.0473961 ] } },
{ "type": "Feature", "properties": { "name": "Konappana Agrahara", "highway": "bus_stop", "railway": null, "public_transport": "platform" }, "geometry": { "type": "Point", "coordinates": [ 77.6663956, 12.853297 ] } },
{ "type": "Feature", "properties": { "name": "Padmanabha Nagar (15 A) Bus Stop", "highway": "bus_stop", "railway": null, "public_transport": "platform" }, "geometry": { "type": "Point", "coordinates": [ 77.5575275, 12.918619 ] } },
{ "type": "Feature", "properties": { "name": "Ramanjenaya Nagara Bus Stop", "highway": "bus_stop", "railway": null, "public_transport": null }, "geometry": { "type": "Point", "coordinates": [ 77.5454871, 12.9107867 ] } },
{ "type": "Feature", "properties": { "name": "Delhi Public School", "highway": "bus_stop", "railway": null, "public_transport": null }, "geometry": { "type": "Point", "coordinates": [ 77.6394921, 13.1236378 ] } },
{ "type": "Feature", "properties": { "name": "Shrinivasapura Cross", "highway": "bus_stop", "railway": null, "public_transport": "platform" }, "geometry": { "type": "Point", "coordinates": [ 77.6450624, 13.1259843 ] } },
{ "type": "Feature", "properties": { "name": "Reva College", "highway": "bus_stop", "railway": null, "public_transport": null }, "geometry": { "type": "Point", "coordinates": [ 77.6302967, 13.1222805 ] } },
{ "type": "Feature", "properties": { "name": "Dwaraka Nagara", "highway": "bus_stop", "railway": null, "public_transport": null }, "geometry": { "type": "Point", "coordinates": [ 77.617764, 13.1213129 ] } },
{ "type": "Feature", "properties": { "name": "Sathanur Colony", "highway": "bus_stop", "railway": null, "public_transport": null }, "geometry": { "type": "Point", "coordinates": [ 77.6464992, 13.1278826 ] } },
{ "type": "Feature", "properties": { "name": "Kattigenahalli", "highway": "bus_stop", "railway": null, "public_transport": null }, "geometry": { "type": "Point", "coordinates": [ 77.6257197, 13.1218944 ] } },
{ "type": "Feature", "properties": { "name": "Bellahalli", "highway": "bus_stop", "railway": null, "public_transport": "platform" }, "geometry": { "type": "Point", "coordinates": [ 77.6418078, 13.0993802 ] } },
{ "type": "Feature", "properties": { "name": "Bellahalli Cross", "highway": "bus_stop", "railway": null, "public_transport": null }, "geometry": { "type": "Point", "coordinates": [ 77.6362394, 13.1014103 ] } },
{ "type": "Feature", "properties": { "name": "Hennur Cross", "highway": "bus_stop", "railway": null, "public_transport": "platform" }, "geometry": { "type": "Point", "coordinates": [ 77.6361271, 13.032028 ] } },
{ "type": "Feature", "properties": { "name": "Hennur Bande", "highway": "bus_stop", "railway": null, "public_transport": "platform" }, "geometry": { "type": "Point", "coordinates": [ 77.6405042, 13.0367255 ] } },
{ "type": "Feature", "properties": { "name": "Kadirenahalli Circle", "highway": "bus_stop", "railway": null, "public_transport": "platform" }, "geometry": { "type": "Point", "coordinates": [ 77.5618376, 12.9154854 ] } },
{ "type": "Feature", "properties": { "name": "Kadirenahalli Cross", "highway": "bus_stop", "railway": null, "public_transport": "platform" }, "geometry": { "type": "Point", "coordinates": [ 77.5665277, 12.9139708 ] } },
{ "type": "Feature", "properties": { "name": "Mahadeva Kodigehalli", "highway": "bus_stop", "railway": null, "public_transport": null }, "geometry": { "type": "Point", "coordinates": [ 77.7021089, 13.1438871 ] } },
{ "type": "Feature", "properties": { "name": "Mylasandra Cross", "highway": "bus_stop", "railway": null, "public_transport": "platform" }, "geometry": { "type": "Point", "coordinates": [ 77.4909157, 12.9184781 ] } },
{ "type": "Feature", "properties": { "name": "Jayaram Das Factory", "highway": "bus_stop", "railway": null, "public_transport": "platform" }, "geometry": { "type": "Point", "coordinates": [ 77.5059954, 12.9307347 ] } },
{ "type": "Feature", "properties": { "name": "Avaragere Cross", "highway": "bus_stop", "railway": null, "public_transport": null }, "geometry": { "type": "Point", "coordinates": [ 77.384336, 12.8012215 ] } },
{ "type": "Feature", "properties": { "name": "Bidadi", "highway": null, "railway": "station", "public_transport": "station" }, "geometry": { "type": "Point", "coordinates": [ 77.3901726, 12.8006228 ] } },
{ "type": "Feature", "properties": { "name": "Nandini Layout Ring Road", "highway": "bus_stop", "railway": null, "public_transport": "platform" }, "geometry": { "type": "Point", "coordinates": [ 77.529111, 13.0119992 ] } },
{ "type": "Feature", "properties": { "name": "Kempegowda Arch", "highway": "bus_stop", "railway": null, "public_transport": "platform" }, "geometry": { "type": "Point", "coordinates": [ 77.5259388, 13.0024805 ] } },
{ "type": "Feature", "properties": { "name": "Kempegowda Arch", "highway": "bus_stop", "railway": null, "public_transport": "platform" }, "geometry": { "type": "Point", "coordinates": [ 77.5256814, 13.0025745 ] } },
{ "type": "Feature", "properties": { "name": "MEI layout", "highway": "bus_stop", "railway": null, "public_transport": null }, "geometry": { "type": "Point", "coordinates": [ 77.5003917, 13.060893 ] } },
{ "type": "Feature", "properties": { "name": "8th Mile Dasarahalli", "highway": "bus_stop", "railway": null, "public_transport": "platform" }, "geometry": { "type": "Point", "coordinates": [ 77.507706, 13.0454221 ] } },
{ "type": "Feature", "properties": { "name": "Srinivasa Kalyana Mantapa", "highway": "bus_stop", "railway": null, "public_transport": null }, "geometry": { "type": "Point", "coordinates": [ 77.5445122, 12.9261625 ] } },
{ "type": "Feature", "properties": { "name": "Puttenahalli", "highway": "bus_stop", "railway": null, "public_transport": null }, "geometry": { "type": "Point", "coordinates": [ 77.5824632, 12.8981831 ] } },
{ "type": "Feature", "properties": { "name": "NIMHANS Hospital", "highway": "bus_stop", "railway": null, "public_transport": "platform" }, "geometry": { "type": "Point", "coordinates": [ 77.5978852, 12.9396636 ] } },
{ "type": "Feature", "properties": { "name": "Gollahalli", "highway": "bus_stop", "railway": null, "public_transport": null }, "geometry": { "type": "Point", "coordinates": [ 77.3616538, 12.8938702 ] } },
{ "type": "Feature", "properties": { "name": "Malligondanahalli", "highway": "bus_stop", "railway": null, "public_transport": null }, "geometry": { "type": "Point", "coordinates": [ 77.4153475, 12.9159817 ] } },
{ "type": "Feature", "properties": { "name": "Pachepalya Cross", "highway": "bus_stop", "railway": null, "public_transport": null }, "geometry": { "type": "Point", "coordinates": [ 77.3584316, 12.8856582 ] } },
{ "type": "Feature", "properties": { "name": "Thavarekatte", "highway": "bus_stop", "railway": null, "public_transport": null }, "geometry": { "type": "Point", "coordinates": [ 77.3829259, 12.9114493 ] } },
{ "type": "Feature", "properties": { "name": "Deva Machohalli Cross", "highway": "bus_stop", "railway": null, "public_transport": "platform" }, "geometry": { "type": "Point", "coordinates": [ 77.3806382, 12.9656113 ] } },
{ "type": "Feature", "properties": { "name": "Kurubarapalya Cross", "highway": "bus_stop", "railway": null, "public_transport": null }, "geometry": { "type": "Point", "coordinates": [ 77.3673849, 12.913912 ] } },
{ "type": "Feature", "properties": { "name": "Marenahalli", "highway": "bus_stop", "railway": null, "public_transport": "platform" }, "geometry": { "type": "Point", "coordinates": [ 77.3614899, 12.9729984 ] } },
{ "type": "Feature", "properties": { "name": "Vaddarapalya", "highway": "bus_stop", "railway": null, "public_transport": null }, "geometry": { "type": "Point", "coordinates": [ 77.5740779, 12.8603818 ] } },
{ "type": "Feature", "properties": { "name": "18th Cross Malleshwaram", "highway": "bus_stop", "railway": null, "public_transport": "platform" }, "geometry": { "type": "Point", "coordinates": [ 77.5628851, 13.0094369 ] } },
{ "type": "Feature", "properties": { "name": "Muneshwara Block", "highway": "bus_stop", "railway": null, "public_transport": null }, "geometry": { "type": "Point", "coordinates": [ 77.5476617, 12.9453016 ] } },
{ "type": "Feature", "properties": { "name": "Kanuvanahalli", "highway": "bus_stop", "railway": null, "public_transport": null }, "geometry": { "type": "Point", "coordinates": [ 77.3646645, 12.9950267 ] } },
{ "type": "Feature", "properties": { "name": "Jogerahalli", "highway": "bus_stop", "railway": null, "public_transport": null }, "geometry": { "type": "Point", "coordinates": [ 77.3740909, 12.9854895 ] } },
{ "type": "Feature", "properties": { "name": "Kurubarapalya", "highway": "bus_stop", "railway": null, "public_transport": null }, "geometry": { "type": "Point", "coordinates": [ 77.3626716, 12.9112013 ] } },
{ "type": "Feature", "properties": { "name": "Huluvenahalli", "highway": "bus_stop", "railway": null, "public_transport": null }, "geometry": { "type": "Point", "coordinates": [ 77.3647357, 12.9196505 ] } },
{ "type": "Feature", "properties": { "name": "Alammana Palya", "highway": "bus_stop", "railway": null, "public_transport": null }, "geometry": { "type": "Point", "coordinates": [ 77.3659729, 12.935607 ] } },
{ "type": "Feature", "properties": { "name": "Sulivara", "highway": "bus_stop", "railway": null, "public_transport": null }, "geometry": { "type": "Point", "coordinates": [ 77.3621112, 12.9028575 ] } },
{ "type": "Feature", "properties": { "name": "Marale Gowdanadoddy", "highway": "bus_stop", "railway": null, "public_transport": null }, "geometry": { "type": "Point", "coordinates": [ 77.3639682, 12.8520829 ] } },
{ "type": "Feature", "properties": { "name": "Bethanagere Cross", "highway": "bus_stop", "railway": null, "public_transport": null }, "geometry": { "type": "Point", "coordinates": [ 77.3655992, 12.8545329 ] } },
{ "type": "Feature", "properties": { "name": "Bettangere", "highway": "bus_stop", "railway": null, "public_transport": null }, "geometry": { "type": "Point", "coordinates": [ 77.3648175, 12.8567807 ] } },
{ "type": "Feature", "properties": { "name": "M Palya", "highway": "bus_stop", "railway": null, "public_transport": null }, "geometry": { "type": "Point", "coordinates": [ 77.3621832, 12.8611897 ] } },
{ "type": "Feature", "properties": { "name": "Ganakkal", "highway": "bus_stop", "railway": null, "public_transport": null }, "geometry": { "type": "Point", "coordinates": [ 77.3817836, 12.9568879 ] } },
{ "type": "Feature", "properties": { "name": "Bychakuppe", "highway": "bus_stop", "railway": null, "public_transport": null }, "geometry": { "type": "Point", "coordinates": [ 77.3886166, 12.9702965 ] } },
{ "type": "Feature", "properties": { "name": "Gangena Halli", "highway": "bus_stop", "railway": null, "public_transport": null }, "geometry": { "type": "Point", "coordinates": [ 77.3925769, 12.9836362 ] } },
{ "type": "Feature", "properties": { "name": "Lakshmipura", "highway": "bus_stop", "railway": null, "public_transport": null }, "geometry": { "type": "Point", "coordinates": [ 77.3831371, 12.9896277 ] } },
{ "type": "Feature", "properties": { "name": "Halubhavi Palya", "highway": "bus_stop", "railway": null, "public_transport": null }, "geometry": { "type": "Point", "coordinates": [ 77.4160584, 12.9420654 ] } },
{ "type": "Feature", "properties": { "name": "Chikkaveeraiahana Palya", "highway": "bus_stop", "railway": null, "public_transport": null }, "geometry": { "type": "Point", "coordinates": [ 77.4004872, 12.9455107 ] } },
{ "type": "Feature", "properties": { "name": "Puttaiahna Palya", "highway": "bus_stop", "railway": null, "public_transport": null }, "geometry": { "type": "Point", "coordinates": [ 77.4106416, 12.9567247 ] } },
{ "type": "Feature", "properties": { "name": "Estate Gate", "highway": "bus_stop", "railway": null, "public_transport": null }, "geometry": { "type": "Point", "coordinates": [ 77.4067449, 12.9595368 ] } },
{ "type": "Feature", "properties": { "name": "Avalahalli B.D.A. Park", "highway": "bus_stop", "railway": null, "public_transport": "platform" }, "geometry": { "type": "Point", "coordinates": [ 77.5426189, 12.9432746 ] } },
{ "type": "Feature", "properties": { "name": "Janatha Colony", "highway": "bus_stop", "railway": null, "public_transport": null }, "geometry": { "type": "Point", "coordinates": [ 77.7999299, 12.9128181 ] } },
{ "type": "Feature", "properties": { "name": "Maimanapalya", "highway": "bus_stop", "railway": null, "public_transport": null }, "geometry": { "type": "Point", "coordinates": [ 77.427429, 12.9857167 ] } },
{ "type": "Feature", "properties": { "name": "Giddenahalli", "highway": "bus_stop", "railway": null, "public_transport": null }, "geometry": { "type": "Point", "coordinates": [ 77.4186374, 12.9928046 ] } },
{ "type": "Feature", "properties": { "name": "Kadabagere", "highway": "bus_stop", "railway": null, "public_transport": null }, "geometry": { "type": "Point", "coordinates": [ 77.4332254, 12.9968992 ] } },
{ "type": "Feature", "properties": { "name": "Kondashettihalli Byalakere", "highway": "bus_stop", "railway": null, "public_transport": null }, "geometry": { "type": "Point", "coordinates": [ 77.5141077, 13.1266044 ] } },
{ "type": "Feature", "properties": { "name": "Madhugirihalli", "highway": "bus_stop", "railway": null, "public_transport": null }, "geometry": { "type": "Point", "coordinates": [ 77.5072278, 13.1282495 ] } },
{ "type": "Feature", "properties": { "name": "Muttugadahalli", "highway": "bus_stop", "railway": null, "public_transport": null }, "geometry": { "type": "Point", "coordinates": [ 77.5261802, 13.1411446 ] } },
{ "type": "Feature", "properties": { "name": "Linganahalli", "highway": "bus_stop", "railway": null, "public_transport": null }, "geometry": { "type": "Point", "coordinates": [ 77.52295, 13.155488 ] } },
{ "type": "Feature", "properties": { "name": "Koluvarayanahalli", "highway": "bus_stop", "railway": null, "public_transport": null }, "geometry": { "type": "Point", "coordinates": [ 77.5217674, 13.1649051 ] } },
{ "type": "Feature", "properties": { "name": "Seetha Kempanahalli", "highway": "bus_stop", "railway": null, "public_transport": null }, "geometry": { "type": "Point", "coordinates": [ 77.5186633, 13.171322 ] } },
{ "type": "Feature", "properties": { "name": "Chokkanahalli Dibbu", "highway": "bus_stop", "railway": null, "public_transport": null }, "geometry": { "type": "Point", "coordinates": [ 77.5396328, 13.1831067 ] } },
{ "type": "Feature", "properties": { "name": "Arakere Gate Byrapura", "highway": "bus_stop", "railway": null, "public_transport": "platform" }, "geometry": { "type": "Point", "coordinates": [ 77.5441751, 13.1848693 ] } },
{ "type": "Feature", "properties": { "name": "Adde Vishwanathapura", "highway": "bus_stop", "railway": null, "public_transport": "platform" }, "geometry": { "type": "Point", "coordinates": [ 77.5508951, 13.1869142 ] } },
{ "type": "Feature", "properties": { "name": "Doddamarana Halli", "highway": "bus_stop", "railway": null, "public_transport": null }, "geometry": { "type": "Point", "coordinates": [ 77.382837, 12.9304973 ] } },
{ "type": "Feature", "properties": { "name": "Geleyara Balaga", "highway": "bus_stop", "railway": null, "public_transport": null }, "geometry": { "type": "Point", "coordinates": [ 77.5059782, 13.0712135 ] } },
{ "type": "Feature", "properties": { "name": "Kalathammanahalli", "highway": "bus_stop", "railway": null, "public_transport": "platform" }, "geometry": { "type": "Point", "coordinates": [ 77.5165725, 13.1036624 ] } },
{ "type": "Feature", "properties": { "name": "Abbigere", "highway": "bus_stop", "railway": null, "public_transport": "platform" }, "geometry": { "type": "Point", "coordinates": [ 77.5258623, 13.0769515 ] } },
{ "type": "Feature", "properties": { "name": "Singapura Layout", "highway": "bus_stop", "railway": null, "public_transport": null }, "geometry": { "type": "Point", "coordinates": [ 77.5385696, 13.0769735 ] } },
{ "type": "Feature", "properties": { "name": "Hale Chandapura", "highway": "bus_stop", "railway": null, "public_transport": null }, "geometry": { "type": "Point", "coordinates": [ 77.7148444, 12.8001702 ] } },
{ "type": "Feature", "properties": { "name": "Neraluru", "highway": "bus_stop", "railway": null, "public_transport": null }, "geometry": { "type": "Point", "coordinates": [ 77.7303315, 12.7918448 ] } },
{ "type": "Feature", "properties": { "name": "Tirumagondanahalli", "highway": "bus_stop", "railway": null, "public_transport": null }, "geometry": { "type": "Point", "coordinates": [ 77.72203, 12.7940655 ] } },
{ "type": "Feature", "properties": { "name": "Yadavanahalli", "highway": "bus_stop", "railway": null, "public_transport": null }, "geometry": { "type": "Point", "coordinates": [ 77.7506665, 12.7857192 ] } },
{ "type": "Feature", "properties": { "name": "Adithyanagara MS Palya", "highway": "bus_stop", "railway": null, "public_transport": null }, "geometry": { "type": "Point", "coordinates": [ 77.5512173, 13.0859091 ] } },
{ "type": "Feature", "properties": { "name": "Doddabettahalli", "highway": "bus_stop", "railway": null, "public_transport": null }, "geometry": { "type": "Point", "coordinates": [ 77.554559, 13.0941941 ] } },
{ "type": "Feature", "properties": { "name": "Muneshwara Layout", "highway": "bus_stop", "railway": null, "public_transport": null }, "geometry": { "type": "Point", "coordinates": [ 77.5409808, 13.0955217 ] } },
{ "type": "Feature", "properties": { "name": "Ramagondanahalli", "highway": "bus_stop", "railway": null, "public_transport": null }, "geometry": { "type": "Point", "coordinates": [ 77.5586487, 13.1194467 ] } },
{ "type": "Feature", "properties": { "name": "Sulibele Hoskote", "highway": "bus_stop", "railway": null, "public_transport": "platform" }, "geometry": { "type": "Point", "coordinates": [ 77.7979848, 13.1851571 ] } },
{ "type": "Feature", "properties": { "name": "Betta Halli Layout", "highway": "bus_stop", "railway": null, "public_transport": "platform" }, "geometry": { "type": "Point", "coordinates": [ 77.5594157, 13.0921819 ] } },
{ "type": "Feature", "properties": { "name": "Rainbow Layout", "highway": "bus_stop", "railway": null, "public_transport": null }, "geometry": { "type": "Point", "coordinates": [ 77.5387852, 13.099269 ] } },
{ "type": "Feature", "properties": { "name": "Lakshmipura", "highway": "bus_stop", "railway": null, "public_transport": null }, "geometry": { "type": "Point", "coordinates": [ 77.5289229, 13.0862728 ] } },
{ "type": "Feature", "properties": { "name": "Government Sub-Urban Press", "highway": "bus_stop", "railway": null, "public_transport": null }, "geometry": { "type": "Point", "coordinates": [ 77.5022911, 12.9345995 ] } },
{ "type": "Feature", "properties": { "name": "Bangalore University Gate", "highway": "bus_stop", "railway": null, "public_transport": "platform" }, "geometry": { "type": "Point", "coordinates": [ 77.5131619, 12.9354397 ] } },
{ "type": "Feature", "properties": { "name": "Bhaktharahalli", "highway": "bus_stop", "railway": null, "public_transport": null }, "geometry": { "type": "Point", "coordinates": [ 77.7943417, 13.0197276 ] } },
{ "type": "Feature", "properties": { "name": "Bhakthara Halli", "highway": "bus_stop", "railway": null, "public_transport": null }, "geometry": { "type": "Point", "coordinates": [ 77.7968256, 13.0237677 ] } },
{ "type": "Feature", "properties": { "name": "Goravigere gate", "highway": "bus_stop", "railway": null, "public_transport": null }, "geometry": { "type": "Point", "coordinates": [ 77.7620238, 13.044075 ] } },
{ "type": "Feature", "properties": { "name": "Ganagaluru", "highway": "bus_stop", "railway": null, "public_transport": null }, "geometry": { "type": "Point", "coordinates": [ 77.8000658, 13.0495508 ] } },
{ "type": "Feature", "properties": { "name": "Kariyana Palya", "highway": "bus_stop", "railway": null, "public_transport": null }, "geometry": { "type": "Point", "coordinates": [ 77.5208883, 12.8918219 ] } },
{ "type": "Feature", "properties": { "name": "Ganakkal", "highway": "bus_stop", "railway": null, "public_transport": "platform" }, "geometry": { "type": "Point", "coordinates": [ 77.512036, 12.89827 ] } },
{ "type": "Feature", "properties": { "name": "Nagegowdana Palya Cross", "highway": "bus_stop", "railway": null, "public_transport": "platform" }, "geometry": { "type": "Point", "coordinates": [ 77.5145498, 12.8552914 ] } },
{ "type": "Feature", "properties": { "name": "Thippasandra", "highway": "bus_stop", "railway": null, "public_transport": null }, "geometry": { "type": "Point", "coordinates": [ 77.5568263, 12.8736611 ] } },
{ "type": "Feature", "properties": { "name": "Indira Priyadarshini Nagara", "highway": "bus_stop", "railway": null, "public_transport": null }, "geometry": { "type": "Point", "coordinates": [ 77.5173404, 13.00708 ] } },
{ "type": "Feature", "properties": { "name": "Byalalu", "highway": "bus_stop", "railway": null, "public_transport": "platform" }, "geometry": { "type": "Point", "coordinates": [ 77.3765936, 12.8924256 ] } },
{ "type": "Feature", "properties": { "name": "Mayasandra", "highway": "bus_stop", "railway": null, "public_transport": "platform" }, "geometry": { "type": "Point", "coordinates": [ 77.377453, 12.877021 ] } },
{ "type": "Feature", "properties": { "name": "Donnenahalli", "highway": "bus_stop", "railway": null, "public_transport": "platform" }, "geometry": { "type": "Point", "coordinates": [ 77.3751582, 12.8841979 ] } },
{ "type": "Feature", "properties": { "name": "CK Thandya Cross", "highway": "bus_stop", "railway": null, "public_transport": null }, "geometry": { "type": "Point", "coordinates": [ 77.4013324, 12.8761595 ] } },
{ "type": "Feature", "properties": { "name": "Gadenahalli", "highway": "bus_stop", "railway": null, "public_transport": null }, "geometry": { "type": "Point", "coordinates": [ 77.6174652, 13.1881794 ] } },
{ "type": "Feature", "properties": { "name": "Sonnappanahalli", "highway": "bus_stop", "railway": null, "public_transport": null }, "geometry": { "type": "Point", "coordinates": [ 77.617007, 13.1561229 ] } },
{ "type": "Feature", "properties": { "name": "Bettahalasuru", "highway": "bus_stop", "railway": null, "public_transport": "platform" }, "geometry": { "type": "Point", "coordinates": [ 77.6110877, 13.1616437 ] } },
{ "type": "Feature", "properties": { "name": "Thimmasandra", "highway": "bus_stop", "railway": null, "public_transport": null }, "geometry": { "type": "Point", "coordinates": [ 77.5813447, 13.1719324 ] } },
{ "type": "Feature", "properties": { "name": "Embassy Group", "highway": "bus_stop", "railway": null, "public_transport": "platform" }, "geometry": { "type": "Point", "coordinates": [ 77.5950592, 13.17415 ] } },
{ "type": "Feature", "properties": { "name": "Government School", "highway": "bus_stop", "railway": null, "public_transport": null }, "geometry": { "type": "Point", "coordinates": [ 77.5901491, 13.1770592 ] } },
{ "type": "Feature", "properties": { "name": "Thimmasandra Agrahara", "highway": "bus_stop", "railway": null, "public_transport": "platform" }, "geometry": { "type": "Point", "coordinates": [ 77.578896, 13.1814565 ] } },
{ "type": "Feature", "properties": { "name": "Patalamma Temple", "highway": "bus_stop", "railway": null, "public_transport": "platform" }, "geometry": { "type": "Point", "coordinates": [ 77.5703527, 13.1835715 ] } },
{ "type": "Feature", "properties": { "name": "MVIT Cross", "highway": "bus_stop", "railway": null, "public_transport": "platform" }, "geometry": { "type": "Point", "coordinates": [ 77.6202757, 13.1511664 ] } },
{ "type": "Feature", "properties": { "name": "Thara Hunise", "highway": "bus_stop", "railway": null, "public_transport": null }, "geometry": { "type": "Point", "coordinates": [ 77.5882085, 13.1787359 ] } },
{ "type": "Feature", "properties": { "name": "Kuduragere Betta Halasuru", "highway": "bus_stop", "railway": null, "public_transport": "platform" }, "geometry": { "type": "Point", "coordinates": [ 77.6106042, 13.1857363 ] } },
{ "type": "Feature", "properties": { "name": "Kaggalipura Colony", "highway": "bus_stop", "railway": null, "public_transport": "platform" }, "geometry": { "type": "Point", "coordinates": [ 77.5049727, 12.8047274 ] } },
{ "type": "Feature", "properties": { "name": "Gulaka Malai", "highway": "bus_stop", "railway": null, "public_transport": "platform" }, "geometry": { "type": "Point", "coordinates": [ 77.5224844, 12.8204781 ] } },
{ "type": "Feature", "properties": { "name": "Basapanpalya", "highway": "bus_stop", "railway": null, "public_transport": "platform" }, "geometry": { "type": "Point", "coordinates": [ 77.5004868, 12.8313708 ] } },
{ "type": "Feature", "properties": { "name": "CRPF", "highway": "bus_stop", "railway": null, "public_transport": "platform" }, "geometry": { "type": "Point", "coordinates": [ 77.5749817, 13.123709 ] } },
{ "type": "Feature", "properties": { "name": "Somanahalli", "highway": "bus_stop", "railway": null, "public_transport": "platform" }, "geometry": { "type": "Point", "coordinates": [ 77.5037232, 12.7722038 ] } },
{ "type": "Feature", "properties": { "name": "Gopalnagara", "highway": "bus_stop", "railway": null, "public_transport": null }, "geometry": { "type": "Point", "coordinates": [ 77.4166514, 12.8770641 ] } },
{ "type": "Feature", "properties": { "name": "Subbarayappana Palya", "highway": "bus_stop", "railway": null, "public_transport": null }, "geometry": { "type": "Point", "coordinates": [ 77.4202343, 12.8787185 ] } },
{ "type": "Feature", "properties": { "name": "KHB Colony", "highway": "bus_stop", "railway": null, "public_transport": "platform" }, "geometry": { "type": "Point", "coordinates": [ 77.3942936, 12.913173 ] } },
{ "type": "Feature", "properties": { "name": "Punugumaranahalli", "highway": "bus_stop", "railway": null, "public_transport": "platform" }, "geometry": { "type": "Point", "coordinates": [ 77.4034719, 12.916565 ] } },
{ "type": "Feature", "properties": { "name": "Ganapathi Halli", "highway": "bus_stop", "railway": null, "public_transport": "platform" }, "geometry": { "type": "Point", "coordinates": [ 77.3953053, 12.9182093 ] } },
{ "type": "Feature", "properties": { "name": "Basavana Palya", "highway": "bus_stop", "railway": null, "public_transport": null }, "geometry": { "type": "Point", "coordinates": [ 77.4000388, 12.9325355 ] } },
{ "type": "Feature", "properties": { "name": "Punugumaranahalli Cross", "highway": "bus_stop", "railway": null, "public_transport": "platform" }, "geometry": { "type": "Point", "coordinates": [ 77.4000637, 12.9289772 ] } },
{ "type": "Feature", "properties": { "name": "Avaragere", "highway": "bus_stop", "railway": null, "public_transport": null }, "geometry": { "type": "Point", "coordinates": [ 77.3808516, 12.8202858 ] } },
{ "type": "Feature", "properties": { "name": "Vajarahalli Cross", "highway": "bus_stop", "railway": null, "public_transport": null }, "geometry": { "type": "Point", "coordinates": [ 77.382147, 12.8254821 ] } },
{ "type": "Feature", "properties": { "name": "Hakki Pikki Colony Cross", "highway": "bus_stop", "railway": null, "public_transport": "platform" }, "geometry": { "type": "Point", "coordinates": [ 77.3995252, 12.8389951 ] } },
{ "type": "Feature", "properties": { "name": "Jadenahalli", "highway": "bus_stop", "railway": null, "public_transport": "platform" }, "geometry": { "type": "Point", "coordinates": [ 77.3955207, 12.8397391 ] } },
{ "type": "Feature", "properties": { "name": "Thimmappana Palya", "highway": "bus_stop", "railway": null, "public_transport": "platform" }, "geometry": { "type": "Point", "coordinates": [ 77.3926769, 12.8415328 ] } },
{ "type": "Feature", "properties": { "name": "Bannikuppe", "highway": "bus_stop", "railway": null, "public_transport": null }, "geometry": { "type": "Point", "coordinates": [ 77.3838508, 12.8471828 ] } },
{ "type": "Feature", "properties": { "name": "Basavanapura", "highway": "bus_stop", "railway": null, "public_transport": null }, "geometry": { "type": "Point", "coordinates": [ 77.3831226, 12.8501577 ] } },
{ "type": "Feature", "properties": { "name": "Kasave Palya", "highway": "bus_stop", "railway": null, "public_transport": null }, "geometry": { "type": "Point", "coordinates": [ 77.3757952, 12.8535332 ] } },
{ "type": "Feature", "properties": { "name": "Kurubara Karenahalli", "highway": "bus_stop", "railway": null, "public_transport": null }, "geometry": { "type": "Point", "coordinates": [ 77.383872, 12.8545857 ] } },
{ "type": "Feature", "properties": { "name": "Ketaganahalli", "highway": "bus_stop", "railway": null, "public_transport": null }, "geometry": { "type": "Point", "coordinates": [ 77.3904944, 12.813335 ] } },
{ "type": "Feature", "properties": { "name": "CK Thandya", "highway": "bus_stop", "railway": null, "public_transport": null }, "geometry": { "type": "Point", "coordinates": [ 77.3975649, 12.8705623 ] } },
{ "type": "Feature", "properties": { "name": "Hakki Pikki Colony", "highway": "bus_stop", "railway": null, "public_transport": null }, "geometry": { "type": "Point", "coordinates": [ 77.4009297, 12.8451436 ] } },
{ "type": "Feature", "properties": { "name": "Devalingayyana Palya", "highway": "bus_stop", "railway": null, "public_transport": null }, "geometry": { "type": "Point", "coordinates": [ 77.4159428, 12.8497459 ] } },
{ "type": "Feature", "properties": { "name": "Hejjala Colony", "highway": "bus_stop", "railway": null, "public_transport": null }, "geometry": { "type": "Point", "coordinates": [ 77.4154162, 12.8523585 ] } },
{ "type": "Feature", "properties": { "name": "Arekere Gate", "highway": "bus_stop", "railway": null, "public_transport": "platform" }, "geometry": { "type": "Point", "coordinates": [ 77.5979064, 12.8902593 ] } },
{ "type": "Feature", "properties": { "name": "Arekere BPL", "highway": "bus_stop", "railway": null, "public_transport": "platform" }, "geometry": { "type": "Point", "coordinates": [ 77.5967537, 12.8867874 ] } },
{ "type": "Feature", "properties": { "name": "Arakere BPL", "highway": "bus_stop", "railway": null, "public_transport": "platform" }, "geometry": { "type": "Point", "coordinates": [ 77.5969514, 12.8868411 ] } },
{ "type": "Feature", "properties": { "name": "Hulimavu Gate", "highway": "bus_stop", "railway": null, "public_transport": "platform" }, "geometry": { "type": "Point", "coordinates": [ 77.5959519, 12.8808897 ] } },
{ "type": "Feature", "properties": { "name": "Hulimaavu Gate", "highway": "bus_stop", "railway": null, "public_transport": "platform" }, "geometry": { "type": "Point", "coordinates": [ 77.5958581, 12.881492 ] } },
{ "type": "Feature", "properties": { "name": "Dickenson Road", "highway": "bus_stop", "railway": null, "public_transport": "platform" }, "geometry": { "type": "Point", "coordinates": [ 77.6106948, 12.9808903 ] } },
{ "type": "Feature", "properties": { "name": "Domlur", "highway": "bus_stop", "railway": null, "public_transport": "platform" }, "geometry": { "type": "Point", "coordinates": [ 77.6369984, 12.9611214 ] } },
{ "type": "Feature", "properties": { "name": "B Channasandra Bridge", "highway": "bus_stop", "railway": null, "public_transport": "platform" }, "geometry": { "type": "Point", "coordinates": [ 77.6630171, 13.0130396 ] } },
{ "type": "Feature", "properties": { "name": "Edagonahalli", "highway": "bus_stop", "railway": null, "public_transport": null }, "geometry": { "type": "Point", "coordinates": [ 77.8107972, 12.9489359 ] } },
{ "type": "Feature", "properties": { "name": "Thoredoddi", "highway": "bus_stop", "railway": null, "public_transport": null }, "geometry": { "type": "Point", "coordinates": [ 77.3982225, 12.7574619 ] } },
{ "type": "Feature", "properties": { "name": "Soladevanahalli", "highway": null, "railway": "halt", "public_transport": null }, "geometry": { "type": "Point", "coordinates": [ 77.4898281, 13.0913516 ] } },
{ "type": "Feature", "properties": { "name": "Anantapura", "highway": "bus_stop", "railway": null, "public_transport": "platform" }, "geometry": { "type": "Point", "coordinates": [ 77.5677789, 13.1144798 ] } },
{ "type": "Feature", "properties": { "name": "Karthik Nagar", "highway": "bus_stop", "railway": null, "public_transport": "platform" }, "geometry": { "type": "Point", "coordinates": [ 77.7016803, 12.9682774 ] } },
{ "type": "Feature", "properties": { "name": "Karthik Nagar", "highway": "bus_stop", "railway": null, "public_transport": "platform" }, "geometry": { "type": "Point", "coordinates": [ 77.7013688, 12.9683562 ] } },
{ "type": "Feature", "properties": { "name": "Srinivasa Nagara", "highway": "bus_stop", "railway": null, "public_transport": null }, "geometry": { "type": "Point", "coordinates": [ 77.5566628, 12.9381755 ] } },
{ "type": "Feature", "properties": { "name": "Kodigehalli", "highway": null, "railway": "halt", "public_transport": null }, "geometry": { "type": "Point", "coordinates": [ 77.5758363, 13.0630644 ] } },
{ "type": "Feature", "properties": { "name": "Lottegollahalli Railway Colony", "highway": "bus_stop", "railway": null, "public_transport": null }, "geometry": { "type": "Point", "coordinates": [ 77.5627338, 13.0411684 ] } },
{ "type": "Feature", "properties": { "name": "Mattikere", "highway": "bus_stop", "railway": null, "public_transport": "platform" }, "geometry": { "type": "Point", "coordinates": [ 77.5576295, 13.0355903 ] } },
{ "type": "Feature", "properties": { "name": "Hebbagodi", "highway": "bus_stop", "railway": null, "public_transport": "platform" }, "geometry": { "type": "Point", "coordinates": [ 77.6824768, 12.8271766 ] } },
{ "type": "Feature", "properties": { "name": "Hosa Road Jn", "highway": "bus_stop", "railway": null, "public_transport": "platform" }, "geometry": { "type": "Point", "coordinates": [ 77.652939, 12.8707281 ] } },
{ "type": "Feature", "properties": { "name": "Hosa Road", "highway": "bus_stop", "railway": null, "public_transport": "platform" }, "geometry": { "type": "Point", "coordinates": [ 77.6537524, 12.8691514 ] } },
{ "type": "Feature", "properties": { "name": "Kadumane Hotel", "highway": "bus_stop", "railway": null, "public_transport": null }, "geometry": { "type": "Point", "coordinates": [ 77.4076601, 12.8156894 ] } },
{ "type": "Feature", "properties": { "name": "Anchepalya", "highway": "bus_stop", "railway": null, "public_transport": "platform" }, "geometry": { "type": "Point", "coordinates": [ 77.4574515, 12.8926535 ] } },
{ "type": "Feature", "properties": { "name": "Rajarajeshwari Medical College", "highway": "bus_stop", "railway": null, "public_transport": "platform" }, "geometry": { "type": "Point", "coordinates": [ 77.460929, 12.8966015 ] } },
{ "type": "Feature", "properties": { "name": "Kaniminike", "highway": "bus_stop", "railway": null, "public_transport": "platform" }, "geometry": { "type": "Point", "coordinates": [ 77.4338481, 12.8634312 ] } },
{ "type": "Feature", "properties": { "name": "Pepsi Gate", "highway": "bus_stop", "railway": null, "public_transport": "platform" }, "geometry": { "type": "Point", "coordinates": [ 77.4398093, 12.8730716 ] } },
{ "type": "Feature", "properties": { "name": "Kaniminike Colony", "highway": "bus_stop", "railway": null, "public_transport": "platform" }, "geometry": { "type": "Point", "coordinates": [ 77.4288005, 12.8580199 ] } },
{ "type": "Feature", "properties": { "name": "Swaminarayana Gurukul", "highway": "bus_stop", "railway": null, "public_transport": "platform" }, "geometry": { "type": "Point", "coordinates": [ 77.4368213, 12.8668122 ] } },
{ "type": "Feature", "properties": { "name": "Sheshagiri Halli", "highway": "bus_stop", "railway": null, "public_transport": "platform" }, "geometry": { "type": "Point", "coordinates": [ 77.4210532, 12.8436969 ] } },
{ "type": "Feature", "properties": { "name": "Lakshmisagar Gate", "highway": "bus_stop", "railway": null, "public_transport": "platform" }, "geometry": { "type": "Point", "coordinates": [ 77.4104631, 12.8225183 ] } },
{ "type": "Feature", "properties": { "name": "Sheshagiri Halli", "highway": "bus_stop", "railway": null, "public_transport": "platform" }, "geometry": { "type": "Point", "coordinates": [ 77.421585, 12.8438488 ] } },
{ "type": "Feature", "properties": { "name": "Tibetan College", "highway": "bus_stop", "railway": null, "public_transport": "platform" }, "geometry": { "type": "Point", "coordinates": [ 77.4241787, 12.8504871 ] } },
{ "type": "Feature", "properties": { "name": "Pepsi Gate", "highway": "bus_stop", "railway": null, "public_transport": "platform" }, "geometry": { "type": "Point", "coordinates": [ 77.4401625, 12.8728736 ] } },
{ "type": "Feature", "properties": { "name": "Tibetan College", "highway": "bus_stop", "railway": null, "public_transport": "platform" }, "geometry": { "type": "Point", "coordinates": [ 77.4247269, 12.8505948 ] } },
{ "type": "Feature", "properties": { "name": "Rajarajeshwari Medical College", "highway": "bus_stop", "railway": null, "public_transport": "platform" }, "geometry": { "type": "Point", "coordinates": [ 77.4611007, 12.8965388 ] } },
{ "type": "Feature", "properties": { "name": "Anche Palya", "highway": "bus_stop", "railway": null, "public_transport": "platform" }, "geometry": { "type": "Point", "coordinates": [ 77.4575065, 12.8921999 ] } },
{ "type": "Feature", "properties": { "name": null, "highway": "bus_stop", "railway": null, "public_transport": null }, "geometry": { "type": "Point", "coordinates": [ 77.6748068, 12.9921412 ] } },
{ "type": "Feature", "properties": { "name": "Maharani College", "highway": "bus_stop", "railway": null, "public_transport": "platform" }, "geometry": { "type": "Point", "coordinates": [ 77.5848501, 12.977502 ] } },
{ "type": "Feature", "properties": { "name": "Maharani College", "highway": "bus_stop", "railway": null, "public_transport": "platform" }, "geometry": { "type": "Point", "coordinates": [ 77.5824375, 12.9792785 ] } },
{ "type": "Feature", "properties": { "name": "Kadumane Hotel", "highway": "bus_stop", "railway": null, "public_transport": "platform" }, "geometry": { "type": "Point", "coordinates": [ 77.4074981, 12.8156931 ] } },
{ "type": "Feature", "properties": { "name": "Corporation Circle", "highway": "bus_stop", "railway": null, "public_transport": "platform" }, "geometry": { "type": "Point", "coordinates": [ 77.5882805, 12.967004 ] } },
{ "type": "Feature", "properties": { "name": "Railway Station", "highway": "bus_stop", "railway": null, "public_transport": "platform" }, "geometry": { "type": "Point", "coordinates": [ 77.3907557, 12.7997785 ] } },
{ "type": "Feature", "properties": { "name": "Byramangala Cross", "highway": "bus_stop", "railway": null, "public_transport": "platform" }, "geometry": { "type": "Point", "coordinates": [ 77.3981197, 12.8035626 ] } },
{ "type": "Feature", "properties": { "name": "Bidadi", "highway": "bus_stop", "railway": null, "public_transport": "platform" }, "geometry": { "type": "Point", "coordinates": [ 77.3845511, 12.7968079 ] } },
{ "type": "Feature", "properties": { "name": "Gunasheela Hospital, Krishna Rao Park", "highway": "bus_stop", "railway": null, "public_transport": null }, "geometry": { "type": "Point", "coordinates": [ 77.5751139, 12.9406686 ] } },
{ "type": "Feature", "properties": { "name": "Shanthi Talkies", "highway": "bus_stop", "railway": null, "public_transport": "platform" }, "geometry": { "type": "Point", "coordinates": [ 77.5771236, 12.9366676 ] } },
{ "type": "Feature", "properties": { "name": "Bananduru", "highway": "bus_stop", "railway": null, "public_transport": null }, "geometry": { "type": "Point", "coordinates": [ 77.3977885, 12.7772754 ] } },
{ "type": "Feature", "properties": { "name": "Yediyuru", "highway": "bus_stop", "railway": null, "public_transport": null }, "geometry": { "type": "Point", "coordinates": [ 77.5763328, 12.9309061 ] } },
{ "type": "Feature", "properties": { "name": "Deepak Nursing Home", "highway": "bus_stop", "railway": null, "public_transport": "platform" }, "geometry": { "type": "Point", "coordinates": [ 77.5770854, 12.9265095 ] } },
{ "type": "Feature", "properties": { "name": "Kadirenahalli Cross", "highway": "bus_stop", "railway": null, "public_transport": "platform" }, "geometry": { "type": "Point", "coordinates": [ 77.5672928, 12.9137106 ] } },
{ "type": "Feature", "properties": { "name": "Gowdanapalya", "highway": "bus_stop", "railway": null, "public_transport": "platform" }, "geometry": { "type": "Point", "coordinates": [ 77.5556691, 12.9114769 ] } },
{ "type": "Feature", "properties": { "name": "Chikkallasandra Aralimara", "highway": "bus_stop", "railway": null, "public_transport": "platform" }, "geometry": { "type": "Point", "coordinates": [ 77.5521578, 12.9116664 ] } },
{ "type": "Feature", "properties": { "name": "Chikkallasandra Bank Colony", "highway": "bus_stop", "railway": null, "public_transport": "platform" }, "geometry": { "type": "Point", "coordinates": [ 77.5493493, 12.9091763 ] } },
{ "type": "Feature", "properties": { "name": "Krishnarajendra Hospital", "highway": "bus_stop", "railway": null, "public_transport": "platform" }, "geometry": { "type": "Point", "coordinates": [ 77.5461512, 12.9069723 ] } },
{ "type": "Feature", "properties": { "name": "Channasandra", "highway": "bus_stop", "railway": null, "public_transport": "platform" }, "geometry": { "type": "Point", "coordinates": [ 77.5214275, 12.9028393 ] } },
{ "type": "Feature", "properties": { "name": "Chanasandra Colony", "highway": "bus_stop", "railway": null, "public_transport": "platform" }, "geometry": { "type": "Point", "coordinates": [ 77.5161464, 12.9033405 ] } },
{ "type": "Feature", "properties": { "name": "Indo American Hybrid Farm", "highway": "bus_stop", "railway": null, "public_transport": "platform" }, "geometry": { "type": "Point", "coordinates": [ 77.512583, 12.9039806 ] } },
{ "type": "Feature", "properties": { "name": "Omkar Hills", "highway": "bus_stop", "railway": null, "public_transport": "platform" }, "geometry": { "type": "Point", "coordinates": [ 77.50464, 12.9047297 ] } },
{ "type": "Feature", "properties": { "name": "BGS Health City", "highway": "bus_stop", "railway": null, "public_transport": "platform" }, "geometry": { "type": "Point", "coordinates": [ 77.4992167, 12.9070226 ] } },
{ "type": "Feature", "properties": { "name": "Jayanagara 4th T Block", "highway": "bus_stop", "railway": null, "public_transport": "platform" }, "geometry": { "type": "Point", "coordinates": [ 77.5933986, 12.9230548 ] } },
{ "type": "Feature", "properties": { "name": "Jayanagara 18th Main, Jayanagara 4th T Block", "highway": "bus_stop", "railway": null, "public_transport": "platform" }, "geometry": { "type": "Point", "coordinates": [ 77.5888288, 12.9232548 ] } },
{ "type": "Feature", "properties": { "name": "Jayanagara Church", "highway": "bus_stop", "railway": null, "public_transport": "platform" }, "geometry": { "type": "Point", "coordinates": [ 77.587579, 12.9279734 ] } },
{ "type": "Feature", "properties": { "name": "Gandhi Bazaar, Basavanagudi", "highway": "bus_stop", "railway": null, "public_transport": "platform" }, "geometry": { "type": "Point", "coordinates": [ 77.5706568, 12.9457463 ] } },
{ "type": "Feature", "properties": { "name": "Chamarajapet", "highway": "bus_stop", "railway": null, "public_transport": "platform" }, "geometry": { "type": "Point", "coordinates": [ 77.5678512, 12.9572504 ] } },
{ "type": "Feature", "properties": { "name": "Railway Station, Majestic", "highway": "bus_stop", "railway": null, "public_transport": "platform" }, "geometry": { "type": "Point", "coordinates": [ 77.5707662, 12.9775682 ] } },
{ "type": "Feature", "properties": { "name": "Ananda Rao Circle", "highway": "bus_stop", "railway": null, "public_transport": "platform" }, "geometry": { "type": "Point", "coordinates": [ 77.5745581, 12.9816155 ] } },
{ "type": "Feature", "properties": { "name": "Tata Institute", "highway": "bus_stop", "railway": null, "public_transport": "platform" }, "geometry": { "type": "Point", "coordinates": [ 77.5638856, 13.0151131 ] } },
{ "type": "Feature", "properties": { "name": "Tata Institute", "highway": "bus_stop", "railway": null, "public_transport": "platform" }, "geometry": { "type": "Point", "coordinates": [ 77.568147, 13.0144265 ] } },
{ "type": "Feature", "properties": { "name": "Govardhan Theater", "highway": "bus_stop", "railway": null, "public_transport": "platform" }, "geometry": { "type": "Point", "coordinates": [ 77.5525439, 13.0202651 ] } },
{ "type": "Feature", "properties": { "name": "Binny Mill , Goodshed Road Gate", "highway": "bus_stop", "railway": null, "public_transport": "platform" }, "geometry": { "type": "Point", "coordinates": [ 77.567984, 12.9680234 ] } },
{ "type": "Feature", "properties": { "name": "Cottonpet Hospital Super Talkies", "highway": "bus_stop", "railway": null, "public_transport": "platform" }, "geometry": { "type": "Point", "coordinates": [ 77.5702014, 12.9678125 ] } },
{ "type": "Feature", "properties": { "name": "Vinayaka Talkies", "highway": "bus_stop", "railway": null, "public_transport": "platform" }, "geometry": { "type": "Point", "coordinates": [ 77.5700688, 12.9650246 ] } },
{ "type": "Feature", "properties": { "name": "Chamarajapete,In Front Of Manapuram Gold", "highway": "bus_stop", "railway": null, "public_transport": "platform" }, "geometry": { "type": "Point", "coordinates": [ 77.5673319, 12.956919 ] } },
{ "type": "Feature", "properties": { "name": "Byramangala Cross", "highway": "bus_stop", "railway": null, "public_transport": null }, "geometry": { "type": "Point", "coordinates": [ 77.3983334, 12.8036044 ] } },
{ "type": "Feature", "properties": { "name": "Bengaluru High School", "highway": "bus_stop", "railway": null, "public_transport": "platform" }, "geometry": { "type": "Point", "coordinates": [ 77.567526, 12.9518866 ] } },
{ "type": "Feature", "properties": { "name": "Ramakrishna Ashrama", "highway": "bus_stop", "railway": null, "public_transport": "platform" }, "geometry": { "type": "Point", "coordinates": [ 77.5676014, 12.9488512 ] } },
{ "type": "Feature", "properties": { "name": "Gandhi Bazar , North Road, Basavanagudi", "highway": "bus_stop", "railway": null, "public_transport": "platform" }, "geometry": { "type": "Point", "coordinates": [ 77.5707957, 12.9483481 ] } },
{ "type": "Feature", "properties": { "name": "JP Nagara 15th Cross", "highway": "bus_stop", "railway": null, "public_transport": "platform" }, "geometry": { "type": "Point", "coordinates": [ 77.585642, 12.9071364 ] } },
{ "type": "Feature", "properties": { "name": "RV Dental College", "highway": "bus_stop", "railway": null, "public_transport": "platform" }, "geometry": { "type": "Point", "coordinates": [ 77.5856514, 12.9111713 ] } },
{ "type": "Feature", "properties": { "name": "Marenahalli", "highway": "bus_stop", "railway": null, "public_transport": "platform" }, "geometry": { "type": "Point", "coordinates": [ 77.5857331, 12.915195 ] } },
{ "type": "Feature", "properties": { "name": "Jayanagara 5th Block", "highway": "bus_stop", "railway": null, "public_transport": "platform" }, "geometry": { "type": "Point", "coordinates": [ 77.583397, 12.9172209 ] } },
{ "type": "Feature", "properties": { "name": "Jayanagara Telephone Exchange", "highway": "bus_stop", "railway": null, "public_transport": "platform" }, "geometry": { "type": "Point", "coordinates": [ 77.583683, 12.9241286 ] } },
{ "type": "Feature", "properties": { "name": "Madavan Park", "highway": "bus_stop", "railway": null, "public_transport": "platform" }, "geometry": { "type": "Point", "coordinates": [ 77.5838828, 12.9364519 ] } },
{ "type": "Feature", "properties": { "name": "RV Teachers College", "highway": "bus_stop", "railway": null, "public_transport": "platform" }, "geometry": { "type": "Point", "coordinates": [ 77.5801203, 12.9443266 ] } },
{ "type": "Feature", "properties": { "name": "Minarva Circle, Rashtriya Vidyalaya Road", "highway": "bus_stop", "railway": null, "public_transport": "platform" }, "geometry": { "type": "Point", "coordinates": [ 77.5800553, 12.9538359 ] } },
{ "type": "Feature", "properties": { "name": "Corporation", "highway": "bus_stop", "railway": null, "public_transport": "platform" }, "geometry": { "type": "Point", "coordinates": [ 77.5865941, 12.968432 ] } },
{ "type": "Feature", "properties": { "name": "Cauvery Bhavana", "highway": "bus_stop", "railway": null, "public_transport": "platform" }, "geometry": { "type": "Point", "coordinates": [ 77.5818322, 12.9743688 ] } },
{ "type": "Feature", "properties": { "name": "Malleshwaram 8th Cross", "highway": "bus_stop", "railway": null, "public_transport": "platform" }, "geometry": { "type": "Point", "coordinates": [ 77.5713126, 12.9998274 ] } },
{ "type": "Feature", "properties": { "name": "Malleshwaram 18th Cross", "highway": "bus_stop", "railway": null, "public_transport": "platform" }, "geometry": { "type": "Point", "coordinates": [ 77.571031, 13.0084491 ] } },
{ "type": "Feature", "properties": { "name": "Yeshwanthpura Circle", "highway": "bus_stop", "railway": null, "public_transport": "platform" }, "geometry": { "type": "Point", "coordinates": [ 77.5597081, 13.0175592 ] } },
{ "type": "Feature", "properties": { "name": "Yeshwanthpura Market", "highway": "bus_stop", "railway": null, "public_transport": "platform" }, "geometry": { "type": "Point", "coordinates": [ 77.5557224, 13.0198677 ] } },
{ "type": "Feature", "properties": { "name": "Bombay Dyeing, Yeshwanthapura", "highway": "bus_stop", "railway": null, "public_transport": "platform" }, "geometry": { "type": "Point", "coordinates": [ 77.5574415, 13.0249548 ] } },
{ "type": "Feature", "properties": { "name": "Post Office Mattikere", "highway": "bus_stop", "railway": null, "public_transport": "platform" }, "geometry": { "type": "Point", "coordinates": [ 77.5590631, 13.0289426 ] } },
{ "type": "Feature", "properties": { "name": "Malleshwaram 13th Cross", "highway": "bus_stop", "railway": null, "public_transport": "platform" }, "geometry": { "type": "Point", "coordinates": [ 77.5693211, 13.0039946 ] } },
{ "type": "Feature", "properties": { "name": "Poornima Talkies", "highway": "bus_stop", "railway": null, "public_transport": "platform" }, "geometry": { "type": "Point", "coordinates": [ 77.5882407, 12.9609174 ] } },
{ "type": "Feature", "properties": { "name": "Jayanagara Pump House", "highway": "bus_stop", "railway": null, "public_transport": "platform" }, "geometry": { "type": "Point", "coordinates": [ 77.5970964, 12.9217617 ] } },
{ "type": "Feature", "properties": { "name": "Sanjay Gandhi Hospital", "highway": "bus_stop", "railway": null, "public_transport": "platform" }, "geometry": { "type": "Point", "coordinates": [ 77.5924045, 12.9270964 ] } },
{ "type": "Feature", "properties": { "name": "Lalbagh West Gate, V V Puram", "highway": "bus_stop", "railway": null, "public_transport": "platform" }, "geometry": { "type": "Point", "coordinates": [ 77.5799146, 12.9495156 ] } },
{ "type": "Feature", "properties": { "name": "Jp Nagara 1St Phase,Shakambari Nagara", "highway": "bus_stop", "railway": null, "public_transport": null }, "geometry": { "type": "Point", "coordinates": [ 77.5743342, 12.9113707 ] } },
{ "type": "Feature", "properties": { "name": "Bidadi", "highway": "bus_stop", "railway": null, "public_transport": "platform" }, "geometry": { "type": "Point", "coordinates": [ 77.3846242, 12.7966117 ] } },
{ "type": "Feature", "properties": { "name": "Karubele", "highway": "bus_stop", "railway": null, "public_transport": null }, "geometry": { "type": "Point", "coordinates": [ 77.4657556, 12.8747102 ] } },
{ "type": "Feature", "properties": { "name": "Ramakrishna Ashrama", "highway": "bus_stop", "railway": null, "public_transport": "platform" }, "geometry": { "type": "Point", "coordinates": [ 77.5678365, 12.9471935 ] } },
{ "type": "Feature", "properties": { "name": "Subramanya Temple, Hanumantha Nagara", "highway": "bus_stop", "railway": null, "public_transport": "platform" }, "geometry": { "type": "Point", "coordinates": [ 77.5629206, 12.9417414 ] } },
{ "type": "Feature", "properties": { "name": "Girinagara Circle", "highway": "bus_stop", "railway": null, "public_transport": null }, "geometry": { "type": "Point", "coordinates": [ 77.5452009, 12.9407143 ] } },
{ "type": "Feature", "properties": { "name": "Girinagara Extension", "highway": "bus_stop", "railway": null, "public_transport": null }, "geometry": { "type": "Point", "coordinates": [ 77.5390425, 12.941107 ] } },
{ "type": "Feature", "properties": { "name": "Hanumantha Nagara Syndicate Bank", "highway": "bus_stop", "railway": null, "public_transport": "platform" }, "geometry": { "type": "Point", "coordinates": [ 77.5641722, 12.9469158 ] } },
{ "type": "Feature", "properties": { "name": "Seetha Circle, Banashankari 1st Stage", "highway": "bus_stop", "railway": null, "public_transport": null }, "geometry": { "type": "Point", "coordinates": [ 77.5499568, 12.9381687 ] } },
{ "type": "Feature", "properties": { "name": "Nanjundeshwara Traders", "highway": "bus_stop", "railway": null, "public_transport": null }, "geometry": { "type": "Point", "coordinates": [ 77.5420359, 12.9336113 ] } },
{ "type": "Feature", "properties": { "name": "Water Tank Raggigudda,Jp Nagara 3Rd Phase", "highway": "bus_stop", "railway": null, "public_transport": null }, "geometry": { "type": "Point", "coordinates": [ 77.5950261, 12.9141803 ] } },
{ "type": "Feature", "properties": { "name": "Milk Booth", "highway": "bus_stop", "railway": null, "public_transport": null }, "geometry": { "type": "Point", "coordinates": [ 77.5951549, 12.9099749 ] } },
{ "type": "Feature", "properties": { "name": "Jayanagara 40th Cross", "highway": "bus_stop", "railway": null, "public_transport": "platform" }, "geometry": { "type": "Point", "coordinates": [ 77.5812215, 12.9197542 ] } },
{ "type": "Feature", "properties": { "name": "Adugodi", "highway": "bus_stop", "railway": null, "public_transport": "platform" }, "geometry": { "type": "Point", "coordinates": [ 77.607351, 12.9439562 ] } },
{ "type": "Feature", "properties": { "name": "Anepalya", "highway": "bus_stop", "railway": null, "public_transport": "platform" }, "geometry": { "type": "Point", "coordinates": [ 77.6053317, 12.9522859 ] } },
{ "type": "Feature", "properties": { "name": "Elgin Floor Mill,Langford Town", "highway": "bus_stop", "railway": null, "public_transport": "platform" }, "geometry": { "type": "Point", "coordinates": [ 77.6054076, 12.9552355 ] } },
{ "type": "Feature", "properties": { "name": "St Patrick's Church", "highway": "bus_stop", "railway": null, "public_transport": "stop_position" }, "geometry": { "type": "Point", "coordinates": [ 77.6051485, 12.9702144 ] } },
{ "type": "Feature", "properties": { "name": "Halasur Police Station", "highway": "bus_stop", "railway": null, "public_transport": "platform" }, "geometry": { "type": "Point", "coordinates": [ 77.6252019, 12.9750264 ] } },
{ "type": "Feature", "properties": { "name": "Halasur", "highway": "bus_stop", "railway": null, "public_transport": null }, "geometry": { "type": "Point", "coordinates": [ 77.6295389, 12.9784769 ] } },
{ "type": "Feature", "properties": { "name": "Lakshmipura Ulsoor", "highway": "bus_stop", "railway": null, "public_transport": "platform" }, "geometry": { "type": "Point", "coordinates": [ 77.6325066, 12.9782301 ] } },
{ "type": "Feature", "properties": { "name": "Thippasandra", "highway": "bus_stop", "railway": null, "public_transport": "platform" }, "geometry": { "type": "Point", "coordinates": [ 77.6468013, 12.9741921 ] } },
{ "type": "Feature", "properties": { "name": "Jeevanbheema Nagara", "highway": "bus_stop", "railway": null, "public_transport": "platform" }, "geometry": { "type": "Point", "coordinates": [ 77.6576619, 12.9658181 ] } },
{ "type": "Feature", "properties": { "name": "Indiranagar 12th Main", "highway": "bus_stop", "railway": null, "public_transport": "platform" }, "geometry": { "type": "Point", "coordinates": [ 77.6413837, 12.9699181 ] } },
{ "type": "Feature", "properties": { "name": "New Horizon School Indiranagar", "highway": "bus_stop", "railway": null, "public_transport": "platform" }, "geometry": { "type": "Point", "coordinates": [ 77.6415556, 12.9673122 ] } },
{ "type": "Feature", "properties": { "name": "New Horizon School", "highway": "bus_stop", "railway": null, "public_transport": "platform" }, "geometry": { "type": "Point", "coordinates": [ 77.6413701, 12.9664666 ] } },
{ "type": "Feature", "properties": { "name": "Domlur Bridge", "highway": "bus_stop", "railway": null, "public_transport": null }, "geometry": { "type": "Point", "coordinates": [ 77.6382454, 12.9634429 ] } },
{ "type": "Feature", "properties": { "name": "Shanthinagara Bus Stop KH Road", "highway": "bus_stop", "railway": null, "public_transport": "platform" }, "geometry": { "type": "Point", "coordinates": [ 77.591848, 12.9547719 ] } },
{ "type": "Feature", "properties": { "name": "Shanthinagara Bus Stop KH Road", "highway": "bus_stop", "railway": null, "public_transport": "platform" }, "geometry": { "type": "Point", "coordinates": [ 77.5916832, 12.9549381 ] } },
{ "type": "Feature", "properties": { "name": "Lalbagh Main Gate", "highway": "bus_stop", "railway": null, "public_transport": "platform" }, "geometry": { "type": "Point", "coordinates": [ 77.5858442, 12.9537155 ] } },
{ "type": "Feature", "properties": { "name": "KH Road, Double Road", "highway": "bus_stop", "railway": null, "public_transport": "platform" }, "geometry": { "type": "Point", "coordinates": [ 77.5929964, 12.9583379 ] } },
{ "type": "Feature", "properties": { "name": "Police Housing Corporation", "highway": "bus_stop", "railway": null, "public_transport": "platform" }, "geometry": { "type": "Point", "coordinates": [ 77.6163373, 12.9698038 ] } },
{ "type": "Feature", "properties": { "name": "Lifestyle", "highway": "bus_stop", "railway": null, "public_transport": "platform" }, "geometry": { "type": "Point", "coordinates": [ 77.6090682, 12.9666571 ] } },
{ "type": "Feature", "properties": { "name": "Jayanagara 7th Block", "highway": "bus_stop", "railway": null, "public_transport": "platform" }, "geometry": { "type": "Point", "coordinates": [ 77.5780714, 12.9285381 ] } },
{ "type": "Feature", "properties": { "name": "Jayanagara National College", "highway": "bus_stop", "railway": null, "public_transport": null }, "geometry": { "type": "Point", "coordinates": [ 77.5779753, 12.9245225 ] } },
{ "type": "Feature", "properties": { "name": "Jayanagara 38th Cross", "highway": "bus_stop", "railway": null, "public_transport": null }, "geometry": { "type": "Point", "coordinates": [ 77.5837308, 12.9218801 ] } },
{ "type": "Feature", "properties": { "name": "Rose Garden", "highway": "bus_stop", "railway": null, "public_transport": null }, "geometry": { "type": "Point", "coordinates": [ 77.5802437, 12.9274405 ] } },
{ "type": "Feature", "properties": { "name": "KIMS", "highway": "bus_stop", "railway": null, "public_transport": "platform" }, "geometry": { "type": "Point", "coordinates": [ 77.5615925, 12.9271944 ] } },
{ "type": "Feature", "properties": { "name": "Devegowda Petrol Bunk", "highway": "bus_stop", "railway": null, "public_transport": "platform" }, "geometry": { "type": "Point", "coordinates": [ 77.5603084, 12.9228914 ] } },
{ "type": "Feature", "properties": { "name": "Kadirenahalli Park", "highway": "bus_stop", "railway": null, "public_transport": "platform" }, "geometry": { "type": "Point", "coordinates": [ 77.5647372, 12.9173125 ] } },
{ "type": "Feature", "properties": { "name": "Kadirenahalli Park", "highway": "bus_stop", "railway": null, "public_transport": "platform" }, "geometry": { "type": "Point", "coordinates": [ 77.5641677, 12.9182123 ] } },
{ "type": "Feature", "properties": { "name": "Anil Kumble Circle", "highway": "bus_stop", "railway": null, "public_transport": "platform" }, "geometry": { "type": "Point", "coordinates": [ 77.6019588, 12.9777227 ] } },
{ "type": "Feature", "properties": { "name": "Dayananda Sagar College", "highway": "bus_stop", "railway": null, "public_transport": null }, "geometry": { "type": "Point", "coordinates": [ 77.565948, 12.909495 ] } },
{ "type": "Feature", "properties": { "name": "Kumaraswamy Layout 2nd Stage", "highway": "bus_stop", "railway": null, "public_transport": null }, "geometry": { "type": "Point", "coordinates": [ 77.5580003, 12.9057639 ] } },
{ "type": "Feature", "properties": { "name": "Water Tank Kumaraswamy Layout", "highway": "bus_stop", "railway": null, "public_transport": null }, "geometry": { "type": "Point", "coordinates": [ 77.5622589, 12.9088965 ] } },
{ "type": "Feature", "properties": { "name": "Padmanabhanagara Circle", "highway": "bus_stop", "railway": null, "public_transport": null }, "geometry": { "type": "Point", "coordinates": [ 77.5595012, 12.9169699 ] } },
{ "type": "Feature", "properties": { "name": "Katriguppe Village", "highway": "bus_stop", "railway": null, "public_transport": null }, "geometry": { "type": "Point", "coordinates": [ 77.5511977, 12.9278617 ] } },
{ "type": "Feature", "properties": { "name": "Water Tank", "highway": "bus_stop", "railway": null, "public_transport": null }, "geometry": { "type": "Point", "coordinates": [ 77.54736, 12.9305064 ] } },
{ "type": "Feature", "properties": { "name": "Chennamma Kere Achukattu Park", "highway": "bus_stop", "railway": null, "public_transport": null }, "geometry": { "type": "Point", "coordinates": [ 77.5536163, 12.9262836 ] } },
{ "type": "Feature", "properties": { "name": "Chennamma Kere Achukattu", "highway": "bus_stop", "railway": null, "public_transport": null }, "geometry": { "type": "Point", "coordinates": [ 77.5574318, 12.9288924 ] } },
{ "type": "Feature", "properties": { "name": "JHBCS Cross", "highway": "bus_stop", "railway": null, "public_transport": null }, "geometry": { "type": "Point", "coordinates": [ 77.5648884, 12.9130398 ] } },
{ "type": "Feature", "properties": { "name": "Jaraganahalli House Building Co-Op-Society Layout", "highway": "bus_stop", "railway": null, "public_transport": null }, "geometry": { "type": "Point", "coordinates": [ 77.5645732, 12.9111796 ] } },
{ "type": "Feature", "properties": { "name": "Vb Bakery", "highway": "bus_stop", "railway": null, "public_transport": null }, "geometry": { "type": "Point", "coordinates": [ 77.5423441, 12.919654 ] } },
{ "type": "Feature", "properties": { "name": "AGS Layout", "highway": "bus_stop", "railway": null, "public_transport": null }, "geometry": { "type": "Point", "coordinates": [ 77.5371878, 12.9124985 ] } },
{ "type": "Feature", "properties": { "name": "Hunase Mara Banashankari", "highway": "bus_stop", "railway": null, "public_transport": "platform" }, "geometry": { "type": "Point", "coordinates": [ 77.5741682, 12.9209482 ] } },
{ "type": "Feature", "properties": { "name": "Puppet Stop", "highway": "bus_stop", "railway": null, "public_transport": "platform" }, "geometry": { "type": "Point", "coordinates": [ 77.5735662, 12.9243825 ] } },
{ "type": "Feature", "properties": { "name": "Minaz Nagara", "highway": "bus_stop", "railway": null, "public_transport": null }, "geometry": { "type": "Point", "coordinates": [ 77.5617775, 12.9123896 ] } },
{ "type": "Feature", "properties": { "name": "Kempegowda Bus Station", "highway": "bus_stop", "railway": null, "public_transport": "platform" }, "geometry": { "type": "Point", "coordinates": [ 77.5723936, 12.9779079 ] } },
{ "type": "Feature", "properties": { "name": "Bashyam Circle", "highway": "bus_stop", "railway": null, "public_transport": "platform" }, "geometry": { "type": "Point", "coordinates": [ 77.5541358, 12.9847381 ] } },
{ "type": "Feature", "properties": { "name": "ESI Hospital Rajajinagara (Towards Navarang)", "highway": "bus_stop", "railway": null, "public_transport": "platform" }, "geometry": { "type": "Point", "coordinates": [ 77.5524822, 12.9911025 ] } },
{ "type": "Feature", "properties": { "name": "Navarang Theatre", "highway": "bus_stop", "railway": null, "public_transport": "platform" }, "geometry": { "type": "Point", "coordinates": [ 77.5509836, 12.9980829 ] } },
{ "type": "Feature", "properties": { "name": "Mahalakshmi Layout Entrance", "highway": "bus_stop", "railway": null, "public_transport": "platform" }, "geometry": { "type": "Point", "coordinates": [ 77.5488073, 13.0073714 ] } },
{ "type": "Feature", "properties": { "name": "Khodays Circle", "highway": "bus_stop", "railway": null, "public_transport": "platform" }, "geometry": { "type": "Point", "coordinates": [ 77.5716593, 12.9802851 ] } },
{ "type": "Feature", "properties": { "name": "Basappa Circle", "highway": "bus_stop", "railway": null, "public_transport": "platform" }, "geometry": { "type": "Point", "coordinates": [ 77.5771714, 12.9560863 ] } },
{ "type": "Feature", "properties": { "name": "RC College", "highway": "bus_stop", "railway": null, "public_transport": "platform" }, "geometry": { "type": "Point", "coordinates": [ 77.5869647, 12.9842663 ] } },
{ "type": "Feature", "properties": { "name": "Mahadeshwara Nagara 16th Main", "highway": "bus_stop", "railway": null, "public_transport": null }, "geometry": { "type": "Point", "coordinates": [ 77.6100099, 12.9099561 ] } },
{ "type": "Feature", "properties": { "name": "Mahadeshwara Nagara", "highway": "bus_stop", "railway": null, "public_transport": null }, "geometry": { "type": "Point", "coordinates": [ 77.6111241, 12.9076249 ] } },
{ "type": "Feature", "properties": { "name": "Narayanappa Shettipalya 18th Cross", "highway": "bus_stop", "railway": null, "public_transport": "platform" }, "geometry": { "type": "Point", "coordinates": [ 77.6064918, 12.9106878 ] } },
{ "type": "Feature", "properties": { "name": "Ananda Ashrama", "highway": "bus_stop", "railway": null, "public_transport": "platform" }, "geometry": { "type": "Point", "coordinates": [ 77.6003518, 12.9263087 ] } },
{ "type": "Feature", "properties": { "name": "Ananda Ashrama", "highway": "bus_stop", "railway": null, "public_transport": "platform" }, "geometry": { "type": "Point", "coordinates": [ 77.6006218, 12.9272589 ] } },
{ "type": "Feature", "properties": { "name": "Yeshwanthpura Circle", "highway": "bus_stop", "railway": null, "public_transport": "platform" }, "geometry": { "type": "Point", "coordinates": [ 77.5578127, 13.0181912 ] } },
{ "type": "Feature", "properties": { "name": "High Grounds Police Station", "highway": "bus_stop", "railway": null, "public_transport": "platform" }, "geometry": { "type": "Point", "coordinates": [ 77.5892469, 12.9856034 ] } },
{ "type": "Feature", "properties": { "name": "Indian Express", "highway": "bus_stop", "railway": null, "public_transport": "platform" }, "geometry": { "type": "Point", "coordinates": [ 77.5974682, 12.984844 ] } },
{ "type": "Feature", "properties": { "name": "Gangenahalli", "highway": "bus_stop", "railway": null, "public_transport": null }, "geometry": { "type": "Point", "coordinates": [ 77.5845773, 13.0206142 ] } },
{ "type": "Feature", "properties": { "name": "Ganesha Temple Vasanthanagara", "highway": "bus_stop", "railway": null, "public_transport": "platform" }, "geometry": { "type": "Point", "coordinates": [ 77.5925309, 12.9951506 ] } },
{ "type": "Feature", "properties": { "name": "Mount Carmel College", "highway": "bus_stop", "railway": null, "public_transport": "platform" }, "geometry": { "type": "Point", "coordinates": [ 77.5887585, 12.9930139 ] } },
{ "type": "Feature", "properties": { "name": "Rehamathnagara", "highway": "bus_stop", "railway": null, "public_transport": "platform" }, "geometry": { "type": "Point", "coordinates": [ 77.5917019, 13.0173076 ] } },
{ "type": "Feature", "properties": { "name": "Dattatreya Temple", "highway": "bus_stop", "railway": null, "public_transport": null }, "geometry": { "type": "Point", "coordinates": [ 77.5661421, 12.9342196 ] } },
{ "type": "Feature", "properties": { "name": "KEB Thyagaraja Nagara", "highway": "bus_stop", "railway": null, "public_transport": null }, "geometry": { "type": "Point", "coordinates": [ 77.5684211, 12.9351425 ] } },
{ "type": "Feature", "properties": { "name": "Manipal Center", "highway": "bus_stop", "railway": null, "public_transport": "platform" }, "geometry": { "type": "Point", "coordinates": [ 77.6129099, 12.9759256 ] } },
{ "type": "Feature", "properties": { "name": "Command Hospital", "highway": "bus_stop", "railway": null, "public_transport": "platform" }, "geometry": { "type": "Point", "coordinates": [ 77.6261577, 12.9641894 ] } },
{ "type": "Feature", "properties": { "name": "Manipal Hospital", "highway": "bus_stop", "railway": null, "public_transport": "platform" }, "geometry": { "type": "Point", "coordinates": [ 77.6492376, 12.9596781 ] } },
{ "type": "Feature", "properties": { "name": "Manipal Hospital", "highway": "bus_stop", "railway": null, "public_transport": "platform" }, "geometry": { "type": "Point", "coordinates": [ 77.6492142, 12.9598458 ] } },
{ "type": "Feature", "properties": { "name": "HAL Kalyanamantapa", "highway": "bus_stop", "railway": null, "public_transport": "platform" }, "geometry": { "type": "Point", "coordinates": [ 77.6824108, 12.9544566 ] } },
{ "type": "Feature", "properties": { "name": "Borewell", "highway": "bus_stop", "railway": null, "public_transport": "platform" }, "geometry": { "type": "Point", "coordinates": [ 77.6885722, 12.9551115 ] } },
{ "type": "Feature", "properties": { "name": "Yamalur Cross", "highway": "bus_stop", "railway": null, "public_transport": "platform" }, "geometry": { "type": "Point", "coordinates": [ 77.6882957, 12.9552816 ] } },
{ "type": "Feature", "properties": { "name": "Panathuru", "highway": "bus_stop", "railway": null, "public_transport": "platform" }, "geometry": { "type": "Point", "coordinates": [ 77.7038681, 12.9365347 ] } },
{ "type": "Feature", "properties": { "name": "Gunjuru", "highway": "bus_stop", "railway": null, "public_transport": "platform" }, "geometry": { "type": "Point", "coordinates": [ 77.7364373, 12.9211878 ] } },
{ "type": "Feature", "properties": { "name": "Manipal Center", "highway": "bus_stop", "railway": null, "public_transport": "platform" }, "geometry": { "type": "Point", "coordinates": [ 77.6128244, 12.9757243 ] } },
{ "type": "Feature", "properties": { "name": "ITI Colony Vidya peeta circle", "highway": "bus_stop", "railway": null, "public_transport": null }, "geometry": { "type": "Point", "coordinates": [ 77.5572739, 12.9332156 ] } },
{ "type": "Feature", "properties": { "name": "Vidyapita Circle", "highway": "bus_stop", "railway": null, "public_transport": null }, "geometry": { "type": "Point", "coordinates": [ 77.56051, 12.935516 ] } },
{ "type": "Feature", "properties": { "name": "PES College", "highway": "bus_stop", "railway": null, "public_transport": "platform" }, "geometry": { "type": "Point", "coordinates": [ 77.5370613, 12.9350701 ] } },
{ "type": "Feature", "properties": { "name": "D Souza Nagara", "highway": "bus_stop", "railway": null, "public_transport": null }, "geometry": { "type": "Point", "coordinates": [ 77.5328435, 12.9320088 ] } },
{ "type": "Feature", "properties": { "name": "Kempegowda Swimming Pool", "highway": "bus_stop", "railway": null, "public_transport": null }, "geometry": { "type": "Point", "coordinates": [ 77.5590235, 12.9483194 ] } },
{ "type": "Feature", "properties": { "name": "Telecom Colony Cross", "highway": "bus_stop", "railway": null, "public_transport": null }, "geometry": { "type": "Point", "coordinates": [ 77.5493495, 12.948482 ] } },
{ "type": "Feature", "properties": { "name": "Kalidasa Layout", "highway": "bus_stop", "railway": null, "public_transport": null }, "geometry": { "type": "Point", "coordinates": [ 77.5527644, 12.9483382 ] } },
{ "type": "Feature", "properties": { "name": "Lakshmipura Ulsoor", "highway": "bus_stop", "railway": null, "public_transport": "platform" }, "geometry": { "type": "Point", "coordinates": [ 77.6320687, 12.9780988 ] } },
{ "type": "Feature", "properties": { "name": "Halasuru", "highway": "bus_stop", "railway": null, "public_transport": "platform" }, "geometry": { "type": "Point", "coordinates": [ 77.6280218, 12.9777094 ] } },
{ "type": "Feature", "properties": { "name": "Kathariguppe Aralimara", "highway": "bus_stop", "railway": null, "public_transport": null }, "geometry": { "type": "Point", "coordinates": [ 77.5554621, 12.931786 ] } },
{ "type": "Feature", "properties": { "name": "Pramodha Layout", "highway": "bus_stop", "railway": null, "public_transport": null }, "geometry": { "type": "Point", "coordinates": [ 77.5280071, 12.9361654 ] } },
{ "type": "Feature", "properties": { "name": "Mukambika Nagar", "highway": "bus_stop", "railway": null, "public_transport": null }, "geometry": { "type": "Point", "coordinates": [ 77.5365559, 12.9284272 ] } },
{ "type": "Feature", "properties": { "name": "Kathriguppe", "highway": "bus_stop", "railway": null, "public_transport": "platform" }, "geometry": { "type": "Point", "coordinates": [ 77.5508875, 12.925021 ] } },
{ "type": "Feature", "properties": { "name": "Katriguppe", "highway": "bus_stop", "railway": null, "public_transport": "platform" }, "geometry": { "type": "Point", "coordinates": [ 77.5499596, 12.9255212 ] } },
{ "type": "Feature", "properties": { "name": "Bhuvaneshwari Nagara Park", "highway": "bus_stop", "railway": null, "public_transport": null }, "geometry": { "type": "Point", "coordinates": [ 77.5491551, 12.9228544 ] } },
{ "type": "Feature", "properties": { "name": "Mahalakshmi Temple", "highway": "bus_stop", "railway": null, "public_transport": null }, "geometry": { "type": "Point", "coordinates": [ 77.5510032, 12.9219058 ] } },
{ "type": "Feature", "properties": { "name": "Royan Circle", "highway": "bus_stop", "railway": null, "public_transport": "platform" }, "geometry": { "type": "Point", "coordinates": [ 77.568668, 12.9607243 ] } },
{ "type": "Feature", "properties": { "name": "Vittala Nagara", "highway": "bus_stop", "railway": null, "public_transport": "platform" }, "geometry": { "type": "Point", "coordinates": [ 77.556982, 12.9542181 ] } },
{ "type": "Feature", "properties": { "name": "Chamrajapet", "highway": "bus_stop", "railway": null, "public_transport": "platform" }, "geometry": { "type": "Point", "coordinates": [ 77.562114, 12.9602381 ] } },
{ "type": "Feature", "properties": { "name": "Sirsi Circle", "highway": "bus_stop", "railway": null, "public_transport": "platform" }, "geometry": { "type": "Point", "coordinates": [ 77.5568622, 12.9604851 ] } },
{ "type": "Feature", "properties": { "name": "Vinayaka Talkies KR Market", "highway": "bus_stop", "railway": null, "public_transport": "platform" }, "geometry": { "type": "Point", "coordinates": [ 77.5679081, 12.9634222 ] } },
{ "type": "Feature", "properties": { "name": "Kempapura Agrahara", "highway": "bus_stop", "railway": null, "public_transport": "platform" }, "geometry": { "type": "Point", "coordinates": [ 77.5546742, 12.9690399 ] } },
{ "type": "Feature", "properties": { "name": "Maramma Temple", "highway": "bus_stop", "railway": null, "public_transport": "platform" }, "geometry": { "type": "Point", "coordinates": [ 77.5588618, 12.9631812 ] } },
{ "type": "Feature", "properties": { "name": "Azad Nagar", "highway": "bus_stop", "railway": null, "public_transport": "platform" }, "geometry": { "type": "Point", "coordinates": [ 77.5510633, 12.9571981 ] } },
{ "type": "Feature", "properties": { "name": "Azad Nagar", "highway": "bus_stop", "railway": null, "public_transport": "platform" }, "geometry": { "type": "Point", "coordinates": [ 77.5512819, 12.9570583 ] } },
{ "type": "Feature", "properties": { "name": "Vijayanagara TTMC", "highway": "bus_stop", "railway": null, "public_transport": "platform" }, "geometry": { "type": "Point", "coordinates": [ 77.5346906, 12.9655255 ] } },
{ "type": "Feature", "properties": { "name": "Attiguppe", "highway": "bus_stop", "railway": null, "public_transport": "platform" }, "geometry": { "type": "Point", "coordinates": [ 77.5338685, 12.9578451 ] } },
{ "type": "Feature", "properties": { "name": "Chandra Public School", "highway": "bus_stop", "railway": null, "public_transport": "platform" }, "geometry": { "type": "Point", "coordinates": [ 77.5295473, 12.9604515 ] } },
{ "type": "Feature", "properties": { "name": "Ganesha Temple Chandra Layout", "highway": "bus_stop", "railway": null, "public_transport": "platform" }, "geometry": { "type": "Point", "coordinates": [ 77.5286816, 12.9581078 ] } },
{ "type": "Feature", "properties": { "name": "Gangondahalli Water Tank", "highway": "bus_stop", "railway": null, "public_transport": null }, "geometry": { "type": "Point", "coordinates": [ 77.5273651, 12.9528075 ] } },
{ "type": "Feature", "properties": { "name": "Gangagondanahalli Church", "highway": "bus_stop", "railway": null, "public_transport": null }, "geometry": { "type": "Point", "coordinates": [ 77.5271235, 12.9512445 ] } },
{ "type": "Feature", "properties": { "name": "Gangagondanahalli Masjid", "highway": "bus_stop", "railway": null, "public_transport": null }, "geometry": { "type": "Point", "coordinates": [ 77.5268242, 12.9496141 ] } },
{ "type": "Feature", "properties": { "name": "Nayandahalli Railway Gate", "highway": "bus_stop", "railway": null, "public_transport": "platform" }, "geometry": { "type": "Point", "coordinates": [ 77.5259576, 12.9468096 ] } },
{ "type": "Feature", "properties": { "name": "14th Cross Chandra Layout", "highway": "bus_stop", "railway": null, "public_transport": null }, "geometry": { "type": "Point", "coordinates": [ 77.5237536, 12.9591184 ] } },
{ "type": "Feature", "properties": { "name": "Chandra Layout 1st Stage", "highway": "bus_stop", "railway": null, "public_transport": null }, "geometry": { "type": "Point", "coordinates": [ 77.5217381, 12.952977 ] } },
{ "type": "Feature", "properties": { "name": "BCC Layout", "highway": "bus_stop", "railway": null, "public_transport": null }, "geometry": { "type": "Point", "coordinates": [ 77.5297858, 12.951354 ] } },
{ "type": "Feature", "properties": { "name": "Manu Vana", "highway": "bus_stop", "railway": null, "public_transport": "platform" }, "geometry": { "type": "Point", "coordinates": [ 77.5463461, 12.974036 ] } },
{ "type": "Feature", "properties": { "name": "John Fowler", "highway": "bus_stop", "railway": null, "public_transport": "platform" }, "geometry": { "type": "Point", "coordinates": [ 77.6307306, 12.9244722 ] } },
{ "type": "Feature", "properties": { "name": "Jakkasandra", "highway": "bus_stop", "railway": null, "public_transport": "platform" }, "geometry": { "type": "Point", "coordinates": [ 77.6371843, 12.9252983 ] } },
{ "type": "Feature", "properties": { "name": "Gangothri Circle", "highway": "bus_stop", "railway": null, "public_transport": "platform" }, "geometry": { "type": "Point", "coordinates": [ 77.6131062, 12.9196938 ] } },
{ "type": "Feature", "properties": { "name": "6th Block Rajajinagara", "highway": "bus_stop", "railway": null, "public_transport": "platform" }, "geometry": { "type": "Point", "coordinates": [ 77.5535379, 12.9794108 ] } },
{ "type": "Feature", "properties": { "name": "Nanjarasappa Badavane", "highway": "bus_stop", "railway": null, "public_transport": null }, "geometry": { "type": "Point", "coordinates": [ 77.528433, 12.9631773 ] } },
{ "type": "Feature", "properties": { "name": "Vidyagiri Layout", "highway": "bus_stop", "railway": null, "public_transport": "platform" }, "geometry": { "type": "Point", "coordinates": [ 77.5211911, 12.9556433 ] } },
{ "type": "Feature", "properties": { "name": "Hampinagara Post Office", "highway": "bus_stop", "railway": null, "public_transport": "platform" }, "geometry": { "type": "Point", "coordinates": [ 77.5379166, 12.9651465 ] } },
{ "type": "Feature", "properties": { "name": "Hampinagara 7th Main", "highway": "bus_stop", "railway": null, "public_transport": "platform" }, "geometry": { "type": "Point", "coordinates": [ 77.537524, 12.9619999 ] } },
{ "type": "Feature", "properties": { "name": "Industrial Area Rajajiangara", "highway": "bus_stop", "railway": null, "public_transport": "platform" }, "geometry": { "type": "Point", "coordinates": [ 77.5487803, 12.9815337 ] } },
{ "type": "Feature", "properties": { "name": "1st Block Rajajinagara", "highway": "bus_stop", "railway": null, "public_transport": "platform" }, "geometry": { "type": "Point", "coordinates": [ 77.5489221, 13.0059286 ] } },
{ "type": "Feature", "properties": { "name": "Jn Of Kanteerava Studio", "highway": "bus_stop", "railway": null, "public_transport": "platform" }, "geometry": { "type": "Point", "coordinates": [ 77.5353818, 13.0216019 ] } },
{ "type": "Feature", "properties": { "name": "Kanteerava Nagar", "highway": "bus_stop", "railway": null, "public_transport": "stop_position" }, "geometry": { "type": "Point", "coordinates": [ 77.5270781, 13.0214275 ] } },
{ "type": "Feature", "properties": { "name": "Sanjay Gandhi Nagar", "highway": "bus_stop", "railway": null, "public_transport": "stop_position" }, "geometry": { "type": "Point", "coordinates": [ 77.5261816, 13.0188369 ] } },
{ "type": "Feature", "properties": { "name": "Mahalakshmi Layout Cross", "highway": "bus_stop", "railway": null, "public_transport": null }, "geometry": { "type": "Point", "coordinates": [ 77.5429074, 13.0084213 ] } },
{ "type": "Feature", "properties": { "name": "Vidhanasoudha Layout", "highway": "bus_stop", "railway": null, "public_transport": "stop_position" }, "geometry": { "type": "Point", "coordinates": [ 77.5237044, 13.015628 ] } },
{ "type": "Feature", "properties": { "name": "SSVB Bakery", "highway": "bus_stop", "railway": null, "public_transport": "platform" }, "geometry": { "type": "Point", "coordinates": [ 77.5326604, 13.0141467 ] } },
{ "type": "Feature", "properties": { "name": "Bandi Reddy Circle", "highway": "bus_stop", "railway": null, "public_transport": "platform" }, "geometry": { "type": "Point", "coordinates": [ 77.5639773, 12.9913739 ] } },
{ "type": "Feature", "properties": { "name": "Kodandarama", "highway": "bus_stop", "railway": null, "public_transport": "stop_position" }, "geometry": { "type": "Point", "coordinates": [ 77.5605652, 13.0006281 ] } },
{ "type": "Feature", "properties": { "name": "SBM Gayathri Nagara", "highway": "bus_stop", "railway": null, "public_transport": "stop_position" }, "geometry": { "type": "Point", "coordinates": [ 77.5601837, 12.9993391 ] } },
{ "type": "Feature", "properties": { "name": "Nandini Talkies", "highway": "bus_stop", "railway": null, "public_transport": null }, "geometry": { "type": "Point", "coordinates": [ 77.543705, 13.0034097 ] } },
{ "type": "Feature", "properties": { "name": "Ravi Badavane", "highway": "bus_stop", "railway": null, "public_transport": null }, "geometry": { "type": "Point", "coordinates": [ 77.532459, 13.006795 ] } },
{ "type": "Feature", "properties": { "name": "Ashraya Nagara", "highway": "bus_stop", "railway": null, "public_transport": null }, "geometry": { "type": "Point", "coordinates": [ 77.531995, 13.0163604 ] } },
{ "type": "Feature", "properties": { "name": "Canara Bank Subramanyanagara", "highway": "bus_stop", "railway": null, "public_transport": "stop_position" }, "geometry": { "type": "Point", "coordinates": [ 77.5595007, 13.0048419 ] } },
{ "type": "Feature", "properties": { "name": "East West Public School", "highway": "bus_stop", "railway": null, "public_transport": "stop_position" }, "geometry": { "type": "Point", "coordinates": [ 77.5566833, 13.0055147 ] } },
{ "type": "Feature", "properties": { "name": "5th Cross Sriramapura", "highway": "bus_stop", "railway": null, "public_transport": "platform" }, "geometry": { "type": "Point", "coordinates": [ 77.566505, 12.9921933 ] } },
{ "type": "Feature", "properties": { "name": "Malleshwaram Railway Station", "highway": "bus_stop", "railway": null, "public_transport": "platform" }, "geometry": { "type": "Point", "coordinates": [ 77.5634219, 13.0005867 ] } },
{ "type": "Feature", "properties": { "name": "Milk Colony Malleshwaram", "highway": "bus_stop", "railway": null, "public_transport": "platform" }, "geometry": { "type": "Point", "coordinates": [ 77.5597036, 13.0092762 ] } },
{ "type": "Feature", "properties": { "name": "Binni Layout", "highway": "bus_stop", "railway": null, "public_transport": null }, "geometry": { "type": "Point", "coordinates": [ 77.546174, 12.9702217 ] } },
{ "type": "Feature", "properties": { "name": "Raliway Gate RPC Layout", "highway": "bus_stop", "railway": null, "public_transport": "platform" }, "geometry": { "type": "Point", "coordinates": [ 77.5433388, 12.9643458 ] } },
{ "type": "Feature", "properties": { "name": "JC Nagara", "highway": "bus_stop", "railway": null, "public_transport": null }, "geometry": { "type": "Point", "coordinates": [ 77.5345214, 13.0071308 ] } },
{ "type": "Feature", "properties": { "name": "Rajmahal Vilas 2nd Stage", "highway": "bus_stop", "railway": null, "public_transport": "platform" }, "geometry": { "type": "Point", "coordinates": [ 77.566503, 13.0424992 ] } },
{ "type": "Feature", "properties": { "name": "Maniksha Parade Ground", "highway": "bus_stop", "railway": null, "public_transport": "platform" }, "geometry": { "type": "Point", "coordinates": [ 77.6069444, 12.9776302 ] } },
{ "type": "Feature", "properties": { "name": "Koramangala BDA Complex", "highway": "bus_stop", "railway": null, "public_transport": "platform" }, "geometry": { "type": "Point", "coordinates": [ 77.6226083, 12.9319468 ] } },
{ "type": "Feature", "properties": { "name": "Koramangala BDA Complex", "highway": "bus_stop", "railway": null, "public_transport": "platform" }, "geometry": { "type": "Point", "coordinates": [ 77.6226028, 12.9312953 ] } },
{ "type": "Feature", "properties": { "name": "Koramangala Water Tank", "highway": "bus_stop", "railway": null, "public_transport": "platform" }, "geometry": { "type": "Point", "coordinates": [ 77.6211732, 12.9278192 ] } },
{ "type": "Feature", "properties": { "name": "Geethanjali Talkies", "highway": "bus_stop", "railway": null, "public_transport": "platform" }, "geometry": { "type": "Point", "coordinates": [ 77.5732354, 12.9970949 ] } },
{ "type": "Feature", "properties": { "name": "Kabir Ashram", "highway": "bus_stop", "railway": null, "public_transport": null }, "geometry": { "type": "Point", "coordinates": [ 77.5972265, 13.0149354 ] } },
{ "type": "Feature", "properties": { "name": "Nandidurga Road", "highway": "bus_stop", "railway": null, "public_transport": "platform" }, "geometry": { "type": "Point", "coordinates": [ 77.5995113, 13.0007693 ] } },
{ "type": "Feature", "properties": { "name": "Coles Park", "highway": "bus_stop", "railway": null, "public_transport": "platform" }, "geometry": { "type": "Point", "coordinates": [ 77.6083164, 12.9952675 ] } },
{ "type": "Feature", "properties": { "name": "Frazer Town", "highway": "bus_stop", "railway": null, "public_transport": null }, "geometry": { "type": "Point", "coordinates": [ 77.6116252, 13.000965 ] } },
{ "type": "Feature", "properties": { "name": "Doddi", "highway": "bus_stop", "railway": null, "public_transport": "platform" }, "geometry": { "type": "Point", "coordinates": [ 77.6120609, 13.0027435 ] } },
{ "type": "Feature", "properties": { "name": "Canara Bank Tannery Road", "highway": "bus_stop", "railway": null, "public_transport": "platform" }, "geometry": { "type": "Point", "coordinates": [ 77.6124859, 13.006883 ] } },
{ "type": "Feature", "properties": { "name": "Manorayana Palya", "highway": "bus_stop", "railway": null, "public_transport": null }, "geometry": { "type": "Point", "coordinates": [ 77.6016421, 13.0289327 ] } },
{ "type": "Feature", "properties": { "name": "Bangalore East", "highway": "bus_stop", "railway": null, "public_transport": "platform" }, "geometry": { "type": "Point", "coordinates": [ 77.6190244, 13.0001781 ] } },
{ "type": "Feature", "properties": { "name": "Bridge", "highway": "bus_stop", "railway": null, "public_transport": "platform" }, "geometry": { "type": "Point", "coordinates": [ 77.6210005, 13.0062403 ] } },
{ "type": "Feature", "properties": { "name": "Lingarajapura Bridge", "highway": "bus_stop", "railway": null, "public_transport": null }, "geometry": { "type": "Point", "coordinates": [ 77.6237297, 13.0097161 ] } },
{ "type": "Feature", "properties": { "name": "ITC Factory", "highway": "bus_stop", "railway": null, "public_transport": "platform" }, "geometry": { "type": "Point", "coordinates": [ 77.6225882, 12.9983044 ] } },
{ "type": "Feature", "properties": { "name": "Thomas Cafe", "highway": "bus_stop", "railway": null, "public_transport": null }, "geometry": { "type": "Point", "coordinates": [ 77.6137259, 12.9906263 ] } },
{ "type": "Feature", "properties": { "name": "Thomas Cafe", "highway": "bus_stop", "railway": null, "public_transport": null }, "geometry": { "type": "Point", "coordinates": [ 77.6137809, 12.9907252 ] } },
{ "type": "Feature", "properties": { "name": "Cox Town Circle", "highway": "bus_stop", "railway": null, "public_transport": "platform" }, "geometry": { "type": "Point", "coordinates": [ 77.6215661, 12.996517 ] } },
{ "type": "Feature", "properties": { "name": "Coxtown Water Tank", "highway": "bus_stop", "railway": null, "public_transport": null }, "geometry": { "type": "Point", "coordinates": [ 77.6265535, 12.9938503 ] } },
{ "type": "Feature", "properties": { "name": "Lavanya Talkies", "highway": "bus_stop", "railway": null, "public_transport": null }, "geometry": { "type": "Point", "coordinates": [ 77.6151038, 12.9854276 ] } },
{ "type": "Feature", "properties": { "name": "Lavanya Talkies", "highway": "bus_stop", "railway": null, "public_transport": "platform" }, "geometry": { "type": "Point", "coordinates": [ 77.615515, 12.9862525 ] } },
{ "type": "Feature", "properties": { "name": "ASC Center", "highway": "bus_stop", "railway": null, "public_transport": "platform" }, "geometry": { "type": "Point", "coordinates": [ 77.6190723, 12.9624695 ] } },
{ "type": "Feature", "properties": { "name": "Austin Town", "highway": "bus_stop", "railway": null, "public_transport": "platform" }, "geometry": { "type": "Point", "coordinates": [ 77.6144864, 12.9614905 ] } },
{ "type": "Feature", "properties": { "name": "Philomenas Hospital", "highway": "bus_stop", "railway": null, "public_transport": "platform" }, "geometry": { "type": "Point", "coordinates": [ 77.6103718, 12.9643211 ] } },
{ "type": "Feature", "properties": { "name": "Akkithimmanahalli", "highway": "bus_stop", "railway": null, "public_transport": "platform" }, "geometry": { "type": "Point", "coordinates": [ 77.5964846, 12.9621117 ] } },
{ "type": "Feature", "properties": { "name": "Subbaiah Circle", "highway": "bus_stop", "railway": null, "public_transport": null }, "geometry": { "type": "Point", "coordinates": [ 77.5906757, 12.9625607 ] } },
{ "type": "Feature", "properties": { "name": "Poornima Talkies", "highway": "bus_stop", "railway": null, "public_transport": "platform" }, "geometry": { "type": "Point", "coordinates": [ 77.5877081, 12.9610262 ] } },
{ "type": "Feature", "properties": { "name": "Jn of Suranjandas Road", "highway": "bus_stop", "railway": null, "public_transport": "platform" }, "geometry": { "type": "Point", "coordinates": [ 77.6617487, 12.9667528 ] } },
{ "type": "Feature", "properties": { "name": "Vannarapete", "highway": "bus_stop", "railway": null, "public_transport": "platform" }, "geometry": { "type": "Point", "coordinates": [ 77.6210813, 12.9563635 ] } },
{ "type": "Feature", "properties": { "name": "Vivekanagara", "highway": "bus_stop", "railway": null, "public_transport": "platform" }, "geometry": { "type": "Point", "coordinates": [ 77.6227577, 12.9542989 ] } },
{ "type": "Feature", "properties": { "name": "Ejipura", "highway": "bus_stop", "railway": null, "public_transport": "platform" }, "geometry": { "type": "Point", "coordinates": [ 77.6286805, 12.9467081 ] } },
{ "type": "Feature", "properties": { "name": "Srinivagilu", "highway": "bus_stop", "railway": null, "public_transport": null }, "geometry": { "type": "Point", "coordinates": [ 77.632838, 12.9382731 ] } },
{ "type": "Feature", "properties": { "name": "Neelasandra Rose Garden", "highway": "bus_stop", "railway": null, "public_transport": "platform" }, "geometry": { "type": "Point", "coordinates": [ 77.6173145, 12.9538342 ] } },
{ "type": "Feature", "properties": { "name": "Neelasandra Bus Stand", "highway": "bus_stop", "railway": null, "public_transport": "platform" }, "geometry": { "type": "Point", "coordinates": [ 77.6144319, 12.9576059 ] } },
{ "type": "Feature", "properties": { "name": "Railway Gate Kempapura", "highway": "bus_stop", "railway": null, "public_transport": "platform" }, "geometry": { "type": "Point", "coordinates": [ 77.5592263, 12.9688076 ] } },
{ "type": "Feature", "properties": { "name": "Bangalore Dairy Circle", "highway": "bus_stop", "railway": null, "public_transport": null }, "geometry": { "type": "Point", "coordinates": [ 77.6024426, 12.9371336 ] } },
{ "type": "Feature", "properties": { "name": "Suddaguntepalya", "highway": "bus_stop", "railway": null, "public_transport": "platform" }, "geometry": { "type": "Point", "coordinates": [ 77.6098888, 12.931045 ] } },
{ "type": "Feature", "properties": { "name": "Gurappanapalya", "highway": "bus_stop", "railway": null, "public_transport": "platform" }, "geometry": { "type": "Point", "coordinates": [ 77.6001827, 12.9198614 ] } },
{ "type": "Feature", "properties": { "name": "Gurappana Palya", "highway": "bus_stop", "railway": null, "public_transport": null }, "geometry": { "type": "Point", "coordinates": [ 77.6000083, 12.9195437 ] } },
{ "type": "Feature", "properties": { "name": "Koramangala 8th Block", "highway": "bus_stop", "railway": null, "public_transport": null }, "geometry": { "type": "Point", "coordinates": [ 77.6160146, 12.9417812 ] } },
{ "type": "Feature", "properties": { "name": "Maharaja Hotel", "highway": "bus_stop", "railway": null, "public_transport": "platform" }, "geometry": { "type": "Point", "coordinates": [ 77.6298096, 12.9343787 ] } },
{ "type": "Feature", "properties": { "name": "Byappanahalli rail gate", "highway": "bus_stop", "railway": null, "public_transport": "platform" }, "geometry": { "type": "Point", "coordinates": [ 77.643148, 12.9916493 ] } },
{ "type": "Feature", "properties": { "name": "GTRE", "highway": "bus_stop", "railway": null, "public_transport": "platform" }, "geometry": { "type": "Point", "coordinates": [ 77.6551718, 12.9765528 ] } },
{ "type": "Feature", "properties": { "name": "DRDO QTS", "highway": "bus_stop", "railway": null, "public_transport": "platform" }, "geometry": { "type": "Point", "coordinates": [ 77.6617782, 12.9874615 ] } },
{ "type": "Feature", "properties": { "name": "CV Raman Nagara", "highway": "bus_stop", "railway": null, "public_transport": "platform" }, "geometry": { "type": "Point", "coordinates": [ 77.6638971, 12.9856596 ] } },
{ "type": "Feature", "properties": { "name": "Chikkallasandra", "highway": "bus_stop", "railway": null, "public_transport": "platform" }, "geometry": { "type": "Point", "coordinates": [ 77.5520366, 12.9151076 ] } },
{ "type": "Feature", "properties": { "name": "Sarakki", "highway": "bus_stop", "railway": null, "public_transport": null }, "geometry": { "type": "Point", "coordinates": [ 77.5729625, 12.9109202 ] } },
{ "type": "Feature", "properties": { "name": "Sarakki", "highway": "bus_stop", "railway": null, "public_transport": null }, "geometry": { "type": "Point", "coordinates": [ 77.5728364, 12.9107463 ] } },
{ "type": "Feature", "properties": { "name": "Yelachenahalli", "highway": "bus_stop", "railway": null, "public_transport": null }, "geometry": { "type": "Point", "coordinates": [ 77.5714206, 12.8973609 ] } },
{ "type": "Feature", "properties": { "name": "Metro Konanakunte", "highway": "bus_stop", "railway": null, "public_transport": null }, "geometry": { "type": "Point", "coordinates": [ 77.5687546, 12.8944928 ] } },
{ "type": "Feature", "properties": { "name": "Konanakunte Cross", "highway": "bus_stop", "railway": null, "public_transport": "platform" }, "geometry": { "type": "Point", "coordinates": [ 77.5640809, 12.890447 ] } },
{ "type": "Feature", "properties": { "name": "Subramanyapura Police Station", "highway": "bus_stop", "railway": null, "public_transport": "platform" }, "geometry": { "type": "Point", "coordinates": [ 77.5441537, 12.9014036 ] } },
{ "type": "Feature", "properties": { "name": "Canara Bank", "highway": "bus_stop", "railway": null, "public_transport": null }, "geometry": { "type": "Point", "coordinates": [ 77.5598926, 12.9007967 ] } },
{ "type": "Feature", "properties": { "name": "Bekary Ganapathi Pura", "highway": "bus_stop", "railway": null, "public_transport": null }, "geometry": { "type": "Point", "coordinates": [ 77.5706409, 12.8861484 ] } },
{ "type": "Feature", "properties": { "name": "Poornapragna Layout", "highway": "bus_stop", "railway": null, "public_transport": "platform" }, "geometry": { "type": "Point", "coordinates": [ 77.5358062, 12.9022049 ] } },
{ "type": "Feature", "properties": { "name": "Gubbalala", "highway": "bus_stop", "railway": null, "public_transport": "platform" }, "geometry": { "type": "Point", "coordinates": [ 77.5417937, 12.8856256 ] } },
{ "type": "Feature", "properties": { "name": "Kumaraswamy Layout West", "highway": "bus_stop", "railway": null, "public_transport": null }, "geometry": { "type": "Point", "coordinates": [ 77.5576007, 12.9022009 ] } },
{ "type": "Feature", "properties": { "name": "Ramanjaneya Layout", "highway": "bus_stop", "railway": null, "public_transport": null }, "geometry": { "type": "Point", "coordinates": [ 77.5466357, 12.9173129 ] } },
{ "type": "Feature", "properties": { "name": "Bharath House building Co-operative Society layout", "highway": "bus_stop", "railway": null, "public_transport": null }, "geometry": { "type": "Point", "coordinates": [ 77.5493503, 12.9079387 ] } },
{ "type": "Feature", "properties": { "name": "Chandranagara Cross", "highway": "bus_stop", "railway": null, "public_transport": "platform" }, "geometry": { "type": "Point", "coordinates": [ 77.5624021, 12.9019656 ] } },
{ "type": "Feature", "properties": { "name": "Chandranagara", "highway": "bus_stop", "railway": null, "public_transport": null }, "geometry": { "type": "Point", "coordinates": [ 77.565277, 12.9007208 ] } },
{ "type": "Feature", "properties": { "name": "Raghuvanahalli Gate", "highway": "bus_stop", "railway": null, "public_transport": "platform" }, "geometry": { "type": "Point", "coordinates": [ 77.5461593, 12.8811509 ] } },
{ "type": "Feature", "properties": { "name": "Thalaghattapura", "highway": "bus_stop", "railway": null, "public_transport": "platform" }, "geometry": { "type": "Point", "coordinates": [ 77.5365553, 12.8692859 ] } },
{ "type": "Feature", "properties": { "name": "Jyothi Farm", "highway": "bus_stop", "railway": null, "public_transport": "platform" }, "geometry": { "type": "Point", "coordinates": [ 77.5286548, 12.8597084 ] } },
{ "type": "Feature", "properties": { "name": "Lakshmipura", "highway": "bus_stop", "railway": null, "public_transport": null }, "geometry": { "type": "Point", "coordinates": [ 77.5137889, 12.8333438 ] } },
{ "type": "Feature", "properties": { "name": "Saala Doddi", "highway": "bus_stop", "railway": null, "public_transport": null }, "geometry": { "type": "Point", "coordinates": [ 77.513055, 12.8301684 ] } },
{ "type": "Feature", "properties": { "name": "Kaggalipura", "highway": "bus_stop", "railway": null, "public_transport": "platform" }, "geometry": { "type": "Point", "coordinates": [ 77.5082934, 12.8001372 ] } },
{ "type": "Feature", "properties": { "name": "Gandhinagara Kaggalipura", "highway": "bus_stop", "railway": null, "public_transport": "platform" }, "geometry": { "type": "Point", "coordinates": [ 77.5044125, 12.7900321 ] } },
{ "type": "Feature", "properties": { "name": "KEB Office Somanahalli", "highway": "bus_stop", "railway": null, "public_transport": "platform" }, "geometry": { "type": "Point", "coordinates": [ 77.4994431, 12.7823184 ] } },
{ "type": "Feature", "properties": { "name": "Somanahalli gate", "highway": "bus_stop", "railway": null, "public_transport": "platform" }, "geometry": { "type": "Point", "coordinates": [ 77.4967485, 12.7804293 ] } },
{ "type": "Feature", "properties": { "name": "Vajramuneshwara Temple", "highway": "bus_stop", "railway": null, "public_transport": null }, "geometry": { "type": "Point", "coordinates": [ 77.5302443, 12.8527766 ] } },
{ "type": "Feature", "properties": { "name": "Vasudevapura", "highway": "bus_stop", "railway": null, "public_transport": "platform" }, "geometry": { "type": "Point", "coordinates": [ 77.5206294, 12.8180141 ] } },
{ "type": "Feature", "properties": { "name": "Chudahalli", "highway": "bus_stop", "railway": null, "public_transport": "platform" }, "geometry": { "type": "Point", "coordinates": [ 77.4894448, 12.7822519 ] } },
{ "type": "Feature", "properties": { "name": "Naganayakanahalli", "highway": "bus_stop", "railway": null, "public_transport": "platform" }, "geometry": { "type": "Point", "coordinates": [ 77.4777332, 12.792354 ] } },
{ "type": "Feature", "properties": { "name": "Aladamara", "highway": "bus_stop", "railway": null, "public_transport": "platform" }, "geometry": { "type": "Point", "coordinates": [ 77.4837065, 12.7887297 ] } },
{ "type": "Feature", "properties": { "name": "Mallipalya", "highway": "bus_stop", "railway": null, "public_transport": "platform" }, "geometry": { "type": "Point", "coordinates": [ 77.4740076, 12.795825 ] } },
{ "type": "Feature", "properties": { "name": "Nellagulli Cross", "highway": "bus_stop", "railway": null, "public_transport": "platform" }, "geometry": { "type": "Point", "coordinates": [ 77.4920344, 12.7741183 ] } },
{ "type": "Feature", "properties": { "name": "Sundaram Estate", "highway": "bus_stop", "railway": null, "public_transport": "platform" }, "geometry": { "type": "Point", "coordinates": [ 77.4784485, 12.7747802 ] } },
{ "type": "Feature", "properties": { "name": "Karenahalli", "highway": "bus_stop", "railway": null, "public_transport": "platform" }, "geometry": { "type": "Point", "coordinates": [ 77.4688298, 12.7824994 ] } },
{ "type": "Feature", "properties": { "name": "Gudipalya", "highway": "bus_stop", "railway": null, "public_transport": null }, "geometry": { "type": "Point", "coordinates": [ 77.4838084, 12.7941412 ] } },
{ "type": "Feature", "properties": { "name": "BCC Layout", "highway": "bus_stop", "railway": null, "public_transport": "platform" }, "geometry": { "type": "Point", "coordinates": [ 77.5487527, 12.8798877 ] } },
{ "type": "Feature", "properties": { "name": "Nettigere Gate", "highway": "bus_stop", "railway": null, "public_transport": "platform" }, "geometry": { "type": "Point", "coordinates": [ 77.4865598, 12.7612292 ] } },
{ "type": "Feature", "properties": { "name": "Bolare", "highway": "bus_stop", "railway": null, "public_transport": "platform" }, "geometry": { "type": "Point", "coordinates": [ 77.4847004, 12.7542962 ] } },
{ "type": "Feature", "properties": { "name": "Shanumangala Cross", "highway": "bus_stop", "railway": null, "public_transport": "platform" }, "geometry": { "type": "Point", "coordinates": [ 77.438897, 12.7920171 ] } },
{ "type": "Feature", "properties": { "name": "Shanumangala", "highway": "bus_stop", "railway": null, "public_transport": "platform" }, "geometry": { "type": "Point", "coordinates": [ 77.4320021, 12.7949408 ] } },
{ "type": "Feature", "properties": { "name": "Eagleton Gate", "highway": "bus_stop", "railway": null, "public_transport": "platform" }, "geometry": { "type": "Point", "coordinates": [ 77.4163524, 12.8105131 ] } },
{ "type": "Feature", "properties": { "name": "Narayanapura", "highway": "bus_stop", "railway": null, "public_transport": null }, "geometry": { "type": "Point", "coordinates": [ 77.4608619, 12.7924856 ] } },
{ "type": "Feature", "properties": { "name": "Kattalepalya", "highway": "bus_stop", "railway": null, "public_transport": null }, "geometry": { "type": "Point", "coordinates": [ 77.4642613, 12.7969777 ] } },
{ "type": "Feature", "properties": { "name": "Jogana Palya", "highway": "bus_stop", "railway": null, "public_transport": "platform" }, "geometry": { "type": "Point", "coordinates": [ 77.4394225, 12.7811904 ] } },
{ "type": "Feature", "properties": { "name": "Anchipura Colony", "highway": "bus_stop", "railway": null, "public_transport": "platform" }, "geometry": { "type": "Point", "coordinates": [ 77.4388688, 12.7673832 ] } },
{ "type": "Feature", "properties": { "name": "BHEL Gate", "highway": "bus_stop", "railway": null, "public_transport": "platform" }, "geometry": { "type": "Point", "coordinates": [ 77.5365097, 12.9495471 ] } },
{ "type": "Feature", "properties": { "name": "Banjarapalya", "highway": "bus_stop", "railway": null, "public_transport": "platform" }, "geometry": { "type": "Point", "coordinates": [ 77.4856477, 12.8305974 ] } },
{ "type": "Feature", "properties": { "name": "Gangasandra", "highway": "bus_stop", "railway": null, "public_transport": "platform" }, "geometry": { "type": "Point", "coordinates": [ 77.4705664, 12.8463637 ] } },
{ "type": "Feature", "properties": { "name": "BGS College Gate", "highway": "bus_stop", "railway": null, "public_transport": null }, "geometry": { "type": "Point", "coordinates": [ 77.4624613, 12.8466337 ] } },
{ "type": "Feature", "properties": { "name": "Gollahalli", "highway": "bus_stop", "railway": null, "public_transport": "platform" }, "geometry": { "type": "Point", "coordinates": [ 77.4515227, 12.8433644 ] } },
{ "type": "Feature", "properties": { "name": "Gonipura", "highway": "bus_stop", "railway": null, "public_transport": "platform" }, "geometry": { "type": "Point", "coordinates": [ 77.4510969, 12.8323434 ] } },
{ "type": "Feature", "properties": { "name": "New Horizon College", "highway": "bus_stop", "railway": null, "public_transport": "platform" }, "geometry": { "type": "Point", "coordinates": [ 77.6911411, 12.9352602 ] } },
{ "type": "Feature", "properties": { "name": "Thittahalli", "highway": "bus_stop", "railway": null, "public_transport": null }, "geometry": { "type": "Point", "coordinates": [ 77.4604137, 12.8217557 ] } },
{ "type": "Feature", "properties": { "name": "MRV Bricks Factory", "highway": "bus_stop", "railway": null, "public_transport": null }, "geometry": { "type": "Point", "coordinates": [ 77.4607345, 12.8194527 ] } },
{ "type": "Feature", "properties": { "name": "BGS College Cross", "highway": "bus_stop", "railway": null, "public_transport": "platform" }, "geometry": { "type": "Point", "coordinates": [ 77.4688917, 12.8474259 ] } },
{ "type": "Feature", "properties": { "name": "Kumbalagodu", "highway": "bus_stop", "railway": null, "public_transport": "platform" }, "geometry": { "type": "Point", "coordinates": [ 77.4462211, 12.8794234 ] } },
{ "type": "Feature", "properties": { "name": "Kumbalagodu", "highway": "bus_stop", "railway": null, "public_transport": "platform" }, "geometry": { "type": "Point", "coordinates": [ 77.4457076, 12.8793226 ] } },
{ "type": "Feature", "properties": { "name": "Ramohalli Cross", "highway": "bus_stop", "railway": null, "public_transport": "platform" }, "geometry": { "type": "Point", "coordinates": [ 77.4513116, 12.8868428 ] } },
{ "type": "Feature", "properties": { "name": "Ramohalli Cross", "highway": "bus_stop", "railway": null, "public_transport": "platform" }, "geometry": { "type": "Point", "coordinates": [ 77.4508184, 12.8866203 ] } },
{ "type": "Feature", "properties": { "name": "Basavanagara", "highway": "bus_stop", "railway": null, "public_transport": "platform" }, "geometry": { "type": "Point", "coordinates": [ 77.4671249, 12.900973 ] } },
{ "type": "Feature", "properties": { "name": "Basavanagara", "highway": "bus_stop", "railway": null, "public_transport": "platform" }, "geometry": { "type": "Point", "coordinates": [ 77.4676251, 12.9010645 ] } },
{ "type": "Feature", "properties": { "name": "Jettipalya", "highway": "bus_stop", "railway": null, "public_transport": "platform" }, "geometry": { "type": "Point", "coordinates": [ 77.4730145, 12.7504657 ] } },
{ "type": "Feature", "properties": { "name": "Apco Factory", "highway": "bus_stop", "railway": null, "public_transport": "platform" }, "geometry": { "type": "Point", "coordinates": [ 77.4702763, 12.7621096 ] } },
{ "type": "Feature", "properties": { "name": "Gollahalli", "highway": "bus_stop", "railway": null, "public_transport": "platform" }, "geometry": { "type": "Point", "coordinates": [ 77.4521834, 12.75352 ] } },
{ "type": "Feature", "properties": { "name": "Kodi Palya Cross", "highway": "bus_stop", "railway": null, "public_transport": "platform" }, "geometry": { "type": "Point", "coordinates": [ 77.4475539, 12.7539386 ] } },
{ "type": "Feature", "properties": { "name": "Bannigiri", "highway": "bus_stop", "railway": null, "public_transport": "platform" }, "geometry": { "type": "Point", "coordinates": [ 77.4363965, 12.7562454 ] } },
{ "type": "Feature", "properties": { "name": "Hosa Doddi", "highway": "bus_stop", "railway": null, "public_transport": "platform" }, "geometry": { "type": "Point", "coordinates": [ 77.4837514, 12.7654624 ] } },
{ "type": "Feature", "properties": { "name": "Sadanapalya gate", "highway": "bus_stop", "railway": null, "public_transport": "platform" }, "geometry": { "type": "Point", "coordinates": [ 77.4885449, 12.768029 ] } },
{ "type": "Feature", "properties": { "name": "Sadanapalya", "highway": "bus_stop", "railway": null, "public_transport": "platform" }, "geometry": { "type": "Point", "coordinates": [ 77.4829138, 12.7687806 ] } },
{ "type": "Feature", "properties": { "name": "Veerasandra", "highway": "bus_stop", "railway": null, "public_transport": "platform" }, "geometry": { "type": "Point", "coordinates": [ 77.4806078, 12.7567375 ] } },
{ "type": "Feature", "properties": { "name": "Gulaka Malai", "highway": "bus_stop", "railway": null, "public_transport": null }, "geometry": { "type": "Point", "coordinates": [ 77.5241965, 12.7977364 ] } },
{ "type": "Feature", "properties": { "name": "Gadipalya", "highway": "bus_stop", "railway": null, "public_transport": null }, "geometry": { "type": "Point", "coordinates": [ 77.5284248, 12.7663591 ] } },
{ "type": "Feature", "properties": { "name": "Avalahalli", "highway": "bus_stop", "railway": null, "public_transport": "platform" }, "geometry": { "type": "Point", "coordinates": [ 77.5665732, 12.8728416 ] } },
{ "type": "Feature", "properties": { "name": "Anjanapura Cross", "highway": "bus_stop", "railway": null, "public_transport": "platform" }, "geometry": { "type": "Point", "coordinates": [ 77.5607972, 12.861752 ] } },
{ "type": "Feature", "properties": { "name": "Vajragiri Estate", "highway": "bus_stop", "railway": null, "public_transport": "platform" }, "geometry": { "type": "Point", "coordinates": [ 77.5567241, 12.8577176 ] } },
{ "type": "Feature", "properties": { "name": "Amruth Nagara", "highway": "bus_stop", "railway": null, "public_transport": null }, "geometry": { "type": "Point", "coordinates": [ 77.5496693, 12.8395442 ] } },
{ "type": "Feature", "properties": { "name": "Harinagara", "highway": "bus_stop", "railway": null, "public_transport": null }, "geometry": { "type": "Point", "coordinates": [ 77.5706271, 12.8772768 ] } },
{ "type": "Feature", "properties": { "name": "Kothnuru Last Bus stop", "highway": "bus_stop", "railway": null, "public_transport": "platform" }, "geometry": { "type": "Point", "coordinates": [ 77.577147, 12.876558 ] } },
{ "type": "Feature", "properties": { "name": "Avalahalli BDA Layout", "highway": "bus_stop", "railway": null, "public_transport": null }, "geometry": { "type": "Point", "coordinates": [ 77.5606665, 12.8725257 ] } },
{ "type": "Feature", "properties": { "name": "Brigade Millennium", "highway": "bus_stop", "railway": null, "public_transport": "platform" }, "geometry": { "type": "Point", "coordinates": [ 77.5818304, 12.8922892 ] } },
{ "type": "Feature", "properties": { "name": "RBI Layout", "highway": "bus_stop", "railway": null, "public_transport": "platform" }, "geometry": { "type": "Point", "coordinates": [ 77.5818506, 12.8879987 ] } },
{ "type": "Feature", "properties": { "name": "Gowrava Nagar", "highway": "bus_stop", "railway": null, "public_transport": "platform" }, "geometry": { "type": "Point", "coordinates": [ 77.582685, 12.8847863 ] } },
{ "type": "Feature", "properties": { "name": "Navodaya Nagara", "highway": "bus_stop", "railway": null, "public_transport": "platform" }, "geometry": { "type": "Point", "coordinates": [ 77.5838693, 12.8812821 ] } },
{ "type": "Feature", "properties": { "name": "Narayana Nagara", "highway": "bus_stop", "railway": null, "public_transport": "platform" }, "geometry": { "type": "Point", "coordinates": [ 77.5546431, 12.8836579 ] } },
{ "type": "Feature", "properties": { "name": "Vaddarapalya Cross", "highway": "bus_stop", "railway": null, "public_transport": "platform" }, "geometry": { "type": "Point", "coordinates": [ 77.5752249, 12.8642338 ] } },
{ "type": "Feature", "properties": { "name": "Chamundeshwari Temple", "highway": "bus_stop", "railway": null, "public_transport": null }, "geometry": { "type": "Point", "coordinates": [ 77.5701666, 12.8592461 ] } },
{ "type": "Feature", "properties": { "name": "J Srinivasa Reddy Layout", "highway": "bus_stop", "railway": null, "public_transport": null }, "geometry": { "type": "Point", "coordinates": [ 77.563068, 12.864703 ] } },
{ "type": "Feature", "properties": { "name": "Ganapathipura Cross", "highway": "bus_stop", "railway": null, "public_transport": null }, "geometry": { "type": "Point", "coordinates": [ 77.571877, 12.8943642 ] } },
{ "type": "Feature", "properties": { "name": "Maruthi School", "highway": "bus_stop", "railway": null, "public_transport": null }, "geometry": { "type": "Point", "coordinates": [ 77.575728, 12.8814877 ] } },
{ "type": "Feature", "properties": { "name": "Kalyani Magnum JP Nagara", "highway": "bus_stop", "railway": null, "public_transport": null }, "geometry": { "type": "Point", "coordinates": [ 77.5949811, 12.9019552 ] } },
{ "type": "Feature", "properties": { "name": "Arekere MICO Layout", "highway": "bus_stop", "railway": null, "public_transport": null }, "geometry": { "type": "Point", "coordinates": [ 77.5938362, 12.8894455 ] } },
{ "type": "Feature", "properties": { "name": "Tulasipura", "highway": "bus_stop", "railway": null, "public_transport": "platform" }, "geometry": { "type": "Point", "coordinates": [ 77.5578836, 12.8450136 ] } },
{ "type": "Feature", "properties": { "name": "Auto Gas/Royal School", "highway": "bus_stop", "railway": null, "public_transport": "platform" }, "geometry": { "type": "Point", "coordinates": [ 77.5859397, 12.9010682 ] } },
{ "type": "Feature", "properties": { "name": "Kulumepalya", "highway": "bus_stop", "railway": null, "public_transport": "platform" }, "geometry": { "type": "Point", "coordinates": [ 77.55296, 12.8326743 ] } },
{ "type": "Feature", "properties": { "name": "Byatarayana Doddi Cross", "highway": "bus_stop", "railway": null, "public_transport": null }, "geometry": { "type": "Point", "coordinates": [ 77.5508276, 12.8162708 ] } },
{ "type": "Feature", "properties": { "name": "Kenchanayakanadoddi", "highway": "bus_stop", "railway": null, "public_transport": null }, "geometry": { "type": "Point", "coordinates": [ 77.5570748, 12.8225001 ] } },
{ "type": "Feature", "properties": { "name": "Bilavaradahalli", "highway": "bus_stop", "railway": null, "public_transport": "platform" }, "geometry": { "type": "Point", "coordinates": [ 77.5767564, 12.8362516 ] } },
{ "type": "Feature", "properties": { "name": "Koli Farm Gate", "highway": "bus_stop", "railway": null, "public_transport": "platform" }, "geometry": { "type": "Point", "coordinates": [ 77.5886734, 12.8413015 ] } },
{ "type": "Feature", "properties": { "name": "Tulip Resort Cross", "highway": "bus_stop", "railway": null, "public_transport": "platform" }, "geometry": { "type": "Point", "coordinates": [ 77.5891575, 12.8346247 ] } },
{ "type": "Feature", "properties": { "name": "Vijaya Bank Bannerughatta", "highway": "bus_stop", "railway": null, "public_transport": "platform" }, "geometry": { "type": "Point", "coordinates": [ 77.5832022, 12.8156657 ] } },
{ "type": "Feature", "properties": { "name": "Mantapa Cross", "highway": "bus_stop", "railway": null, "public_transport": null }, "geometry": { "type": "Point", "coordinates": [ 77.6009812, 12.7987987 ] } },
{ "type": "Feature", "properties": { "name": "Begihalli", "highway": "bus_stop", "railway": null, "public_transport": "platform" }, "geometry": { "type": "Point", "coordinates": [ 77.6037363, 12.7978222 ] } },
{ "type": "Feature", "properties": { "name": "Koppa Gate", "highway": "bus_stop", "railway": null, "public_transport": "platform" }, "geometry": { "type": "Point", "coordinates": [ 77.6158042, 12.796407 ] } },
{ "type": "Feature", "properties": { "name": "Harapanahalli", "highway": "bus_stop", "railway": null, "public_transport": "platform" }, "geometry": { "type": "Point", "coordinates": [ 77.6232997, 12.7919251 ] } },
{ "type": "Feature", "properties": { "name": "Jigani Tent", "highway": "bus_stop", "railway": null, "public_transport": "platform" }, "geometry": { "type": "Point", "coordinates": [ 77.6328992, 12.7874886 ] } },
{ "type": "Feature", "properties": { "name": "Jigani", "highway": "bus_stop", "railway": null, "public_transport": "platform" }, "geometry": { "type": "Point", "coordinates": [ 77.6401008, 12.7844194 ] } },
{ "type": "Feature", "properties": { "name": "Jigani Bus Stand", "highway": "bus_stop", "railway": null, "public_transport": "platform" }, "geometry": { "type": "Point", "coordinates": [ 77.6435615, 12.7792774 ] } },
{ "type": "Feature", "properties": { "name": "KEB", "highway": "bus_stop", "railway": null, "public_transport": "platform" }, "geometry": { "type": "Point", "coordinates": [ 77.6451729, 12.7763471 ] } },
{ "type": "Feature", "properties": { "name": "Madapatna", "highway": "bus_stop", "railway": null, "public_transport": "platform" }, "geometry": { "type": "Point", "coordinates": [ 77.6484691, 12.7721552 ] } },
{ "type": "Feature", "properties": { "name": "Haragadde", "highway": "bus_stop", "railway": null, "public_transport": "platform" }, "geometry": { "type": "Point", "coordinates": [ 77.6539918, 12.7643649 ] } },
{ "type": "Feature", "properties": { "name": "Dinnepalya", "highway": "bus_stop", "railway": null, "public_transport": "platform" }, "geometry": { "type": "Point", "coordinates": [ 77.4923823, 12.811453 ] } },
{ "type": "Feature", "properties": { "name": "Thimmegowdana Palya", "highway": "bus_stop", "railway": null, "public_transport": "platform" }, "geometry": { "type": "Point", "coordinates": [ 77.4845607, 12.8245059 ] } },
{ "type": "Feature", "properties": { "name": "Manjunatha Kalyana Mantapa", "highway": "bus_stop", "railway": null, "public_transport": "platform" }, "geometry": { "type": "Point", "coordinates": [ 77.5374892, 12.8749283 ] } },
{ "type": "Feature", "properties": { "name": "Ganigara Palya", "highway": "bus_stop", "railway": null, "public_transport": null }, "geometry": { "type": "Point", "coordinates": [ 77.5332439, 12.8759616 ] } },
{ "type": "Feature", "properties": { "name": "Chikkegowdana Palya", "highway": "bus_stop", "railway": null, "public_transport": null }, "geometry": { "type": "Point", "coordinates": [ 77.5151455, 12.8785727 ] } },
{ "type": "Feature", "properties": { "name": "Gattigere Palya", "highway": "bus_stop", "railway": null, "public_transport": null }, "geometry": { "type": "Point", "coordinates": [ 77.5013924, 12.8820003 ] } },
{ "type": "Feature", "properties": { "name": "Sompura", "highway": "bus_stop", "railway": null, "public_transport": null }, "geometry": { "type": "Point", "coordinates": [ 77.4966267, 12.8778149 ] } },
{ "type": "Feature", "properties": { "name": "Dasegowdana Palya", "highway": "bus_stop", "railway": null, "public_transport": null }, "geometry": { "type": "Point", "coordinates": [ 77.5055475, 12.8805375 ] } },
{ "type": "Feature", "properties": { "name": "Lakshmi Devastana", "highway": "bus_stop", "railway": null, "public_transport": null }, "geometry": { "type": "Point", "coordinates": [ 77.4983439, 12.8863796 ] } },
{ "type": "Feature", "properties": { "name": "Sridhara Gudda", "highway": "bus_stop", "railway": null, "public_transport": null }, "geometry": { "type": "Point", "coordinates": [ 77.4876092, 12.8991288 ] } },
{ "type": "Feature", "properties": { "name": "Jn of Gollahalli Road", "highway": "bus_stop", "railway": null, "public_transport": "platform" }, "geometry": { "type": "Point", "coordinates": [ 77.4889005, 12.9075203 ] } },
{ "type": "Feature", "properties": { "name": "Konasandra Cross", "highway": "bus_stop", "railway": null, "public_transport": null }, "geometry": { "type": "Point", "coordinates": [ 77.4863349, 12.892572 ] } },
{ "type": "Feature", "properties": { "name": "Madarasa School", "highway": "bus_stop", "railway": null, "public_transport": "platform" }, "geometry": { "type": "Point", "coordinates": [ 77.4594177, 12.8808129 ] } },
{ "type": "Feature", "properties": { "name": "St Bentic School", "highway": "bus_stop", "railway": null, "public_transport": "platform" }, "geometry": { "type": "Point", "coordinates": [ 77.4588222, 12.8871039 ] } },
{ "type": "Feature", "properties": { "name": "Kambipura", "highway": "bus_stop", "railway": null, "public_transport": "platform" }, "geometry": { "type": "Point", "coordinates": [ 77.4617673, 12.8718914 ] } },
{ "type": "Feature", "properties": { "name": "Jandemara", "highway": "bus_stop", "railway": null, "public_transport": "platform" }, "geometry": { "type": "Point", "coordinates": [ 77.4612498, 12.8748044 ] } },
{ "type": "Feature", "properties": { "name": "Dubasi Palya Cross", "highway": "bus_stop", "railway": null, "public_transport": "platform" }, "geometry": { "type": "Point", "coordinates": [ 77.4961638, 12.9227574 ] } },
{ "type": "Feature", "properties": { "name": "Dubasi Palya Cross", "highway": "bus_stop", "railway": null, "public_transport": "platform" }, "geometry": { "type": "Point", "coordinates": [ 77.495504, 12.9227444 ] } },
{ "type": "Feature", "properties": { "name": "Bangalore University Gate", "highway": "bus_stop", "railway": null, "public_transport": "platform" }, "geometry": { "type": "Point", "coordinates": [ 77.5132857, 12.9357958 ] } },
{ "type": "Feature", "properties": { "name": "Rajarajeshwarinagara Gate", "highway": "bus_stop", "railway": null, "public_transport": "platform" }, "geometry": { "type": "Point", "coordinates": [ 77.5182304, 12.9364872 ] } },
{ "type": "Feature", "properties": { "name": "Rajarajeshwarinagara Gate", "highway": "bus_stop", "railway": null, "public_transport": "platform" }, "geometry": { "type": "Point", "coordinates": [ 77.5175665, 12.9362323 ] } },
{ "type": "Feature", "properties": { "name": "BWSSB Quarters", "highway": "bus_stop", "railway": null, "public_transport": "platform" }, "geometry": { "type": "Point", "coordinates": [ 77.5233361, 12.9392534 ] } },
{ "type": "Feature", "properties": { "name": "Nayandahalli", "highway": "bus_stop", "railway": null, "public_transport": "platform" }, "geometry": { "type": "Point", "coordinates": [ 77.5262823, 12.9429714 ] } },
{ "type": "Feature", "properties": { "name": "Kengeri RWS Gate", "highway": "bus_stop", "railway": null, "public_transport": "platform" }, "geometry": { "type": "Point", "coordinates": [ 77.4757893, 12.9041118 ] } },
{ "type": "Feature", "properties": { "name": "Jn of Kommaghatta Road", "highway": "bus_stop", "railway": null, "public_transport": "platform" }, "geometry": { "type": "Point", "coordinates": [ 77.4816161, 12.9146219 ] } },
{ "type": "Feature", "properties": { "name": "Robin Talkies", "highway": "bus_stop", "railway": null, "public_transport": "platform" }, "geometry": { "type": "Point", "coordinates": [ 77.4797513, 12.9160549 ] } },
{ "type": "Feature", "properties": { "name": "Kengeri Bande Mata", "highway": "bus_stop", "railway": null, "public_transport": "platform" }, "geometry": { "type": "Point", "coordinates": [ 77.4767902, 12.9198409 ] } },
{ "type": "Feature", "properties": { "name": "Sulikere Cross", "highway": "bus_stop", "railway": null, "public_transport": "platform" }, "geometry": { "type": "Point", "coordinates": [ 77.4462092, 12.9348358 ] } },
{ "type": "Feature", "properties": { "name": "Byrohalli Cross", "highway": "bus_stop", "railway": null, "public_transport": "platform" }, "geometry": { "type": "Point", "coordinates": [ 77.4483297, 12.9342683 ] } },
{ "type": "Feature", "properties": { "name": "Maragondanahalli Cross", "highway": "bus_stop", "railway": null, "public_transport": null }, "geometry": { "type": "Point", "coordinates": [ 77.4169025, 12.9224812 ] } },
{ "type": "Feature", "properties": { "name": "Gulganjanahall", "highway": "bus_stop", "railway": null, "public_transport": null }, "geometry": { "type": "Point", "coordinates": [ 77.4189266, 12.9367766 ] } },
{ "type": "Feature", "properties": { "name": "Maragondanahalli Cross", "highway": "bus_stop", "railway": null, "public_transport": "platform" }, "geometry": { "type": "Point", "coordinates": [ 77.4318703, 12.9346351 ] } },
{ "type": "Feature", "properties": { "name": "Krishnasagara", "highway": "bus_stop", "railway": null, "public_transport": "platform" }, "geometry": { "type": "Point", "coordinates": [ 77.4283936, 12.936358 ] } },
{ "type": "Feature", "properties": { "name": "Tavarekere", "highway": "bus_stop", "railway": null, "public_transport": "platform" }, "geometry": { "type": "Point", "coordinates": [ 77.4001213, 12.9658432 ] } },
{ "type": "Feature", "properties": { "name": "Hunisemarada Palya", "highway": "bus_stop", "railway": null, "public_transport": "platform" }, "geometry": { "type": "Point", "coordinates": [ 77.4505312, 12.9134597 ] } },
{ "type": "Feature", "properties": { "name": "New Byrohalli", "highway": "bus_stop", "railway": null, "public_transport": "platform" }, "geometry": { "type": "Point", "coordinates": [ 77.4559033, 12.9194369 ] } },
{ "type": "Feature", "properties": { "name": "Archakara Badavane", "highway": "bus_stop", "railway": null, "public_transport": "platform" }, "geometry": { "type": "Point", "coordinates": [ 77.4528882, 12.9189628 ] } },
{ "type": "Feature", "properties": { "name": "Hosa Palya", "highway": "bus_stop", "railway": null, "public_transport": "platform" }, "geometry": { "type": "Point", "coordinates": [ 77.4501754, 12.9108209 ] } },
{ "type": "Feature", "properties": { "name": "Bettana Palya", "highway": "bus_stop", "railway": null, "public_transport": null }, "geometry": { "type": "Point", "coordinates": [ 77.4430529, 12.9119274 ] } },
{ "type": "Feature", "properties": { "name": "Bhimanakuppe", "highway": "bus_stop", "railway": null, "public_transport": "platform" }, "geometry": { "type": "Point", "coordinates": [ 77.4383518, 12.9040883 ] } },
{ "type": "Feature", "properties": { "name": "Dodda Aladamara Cross", "highway": "bus_stop", "railway": null, "public_transport": "platform" }, "geometry": { "type": "Point", "coordinates": [ 77.4072508, 12.9639014 ] } },
{ "type": "Feature", "properties": { "name": "Metipalya", "highway": "bus_stop", "railway": null, "public_transport": "platform" }, "geometry": { "type": "Point", "coordinates": [ 77.4024592, 12.9934544 ] } },
{ "type": "Feature", "properties": { "name": "Gerahalli", "highway": "bus_stop", "railway": null, "public_transport": "platform" }, "geometry": { "type": "Point", "coordinates": [ 77.390473, 13.0372107 ] } },
{ "type": "Feature", "properties": { "name": "Hunnigere Cross", "highway": "bus_stop", "railway": null, "public_transport": "platform" }, "geometry": { "type": "Point", "coordinates": [ 77.3910061, 13.0392623 ] } },
{ "type": "Feature", "properties": { "name": "Lakkenahalli Junction Sondekoppa Road", "highway": "bus_stop", "railway": null, "public_transport": "platform" }, "geometry": { "type": "Point", "coordinates": [ 77.392639, 13.0447767 ] } },
{ "type": "Feature", "properties": { "name": "Bairegowdana Halli Colony", "highway": "bus_stop", "railway": null, "public_transport": "platform" }, "geometry": { "type": "Point", "coordinates": [ 77.3936663, 13.0644629 ] } },
{ "type": "Feature", "properties": { "name": "Mallapura Gate", "highway": "bus_stop", "railway": null, "public_transport": "platform" }, "geometry": { "type": "Point", "coordinates": [ 77.3936133, 13.0728371 ] } },
{ "type": "Feature", "properties": { "name": "Siddaganga College", "highway": "bus_stop", "railway": null, "public_transport": "platform" }, "geometry": { "type": "Point", "coordinates": [ 77.3927142, 13.0825308 ] } },
{ "type": "Feature", "properties": { "name": "Lakshmi Devastana Nelamangala", "highway": "bus_stop", "railway": null, "public_transport": "platform" }, "geometry": { "type": "Point", "coordinates": [ 77.3927094, 13.0786129 ] } },
{ "type": "Feature", "properties": { "name": "Kengeri Railway Station", "highway": "bus_stop", "railway": null, "public_transport": "platform" }, "geometry": { "type": "Point", "coordinates": [ 77.4823461, 12.9165843 ] } },
{ "type": "Feature", "properties": { "name": "Society Kengeri Satellite Town", "highway": "bus_stop", "railway": null, "public_transport": "platform" }, "geometry": { "type": "Point", "coordinates": [ 77.4832425, 12.9189691 ] } },
{ "type": "Feature", "properties": { "name": "Nagadevanahalli RR Temple", "highway": "bus_stop", "railway": null, "public_transport": "platform" }, "geometry": { "type": "Point", "coordinates": [ 77.4924157, 12.935699 ] } },
{ "type": "Feature", "properties": { "name": "BEML Complex", "highway": "bus_stop", "railway": null, "public_transport": "platform" }, "geometry": { "type": "Point", "coordinates": [ 77.5204954, 12.920158 ] } },
{ "type": "Feature", "properties": { "name": "Double Road BEML Layout", "highway": "bus_stop", "railway": null, "public_transport": "platform" }, "geometry": { "type": "Point", "coordinates": [ 77.5207669, 12.914526 ] } },
{ "type": "Feature", "properties": { "name": "Petrol Bunk RR Nagar", "highway": "bus_stop", "railway": null, "public_transport": "platform" }, "geometry": { "type": "Point", "coordinates": [ 77.5162034, 12.932582 ] } },
{ "type": "Feature", "properties": { "name": "Vinayaka Nagara", "highway": "bus_stop", "railway": null, "public_transport": "platform" }, "geometry": { "type": "Point", "coordinates": [ 77.4301728, 12.9029695 ] } },
{ "type": "Feature", "properties": { "name": "Ramohalli", "highway": "bus_stop", "railway": null, "public_transport": "platform" }, "geometry": { "type": "Point", "coordinates": [ 77.4182239, 12.9073287 ] } },
{ "type": "Feature", "properties": { "name": "Kethohalli", "highway": "bus_stop", "railway": null, "public_transport": "platform" }, "geometry": { "type": "Point", "coordinates": [ 77.4034803, 12.9073134 ] } },
{ "type": "Feature", "properties": { "name": "Karekal Palya", "highway": "bus_stop", "railway": null, "public_transport": null }, "geometry": { "type": "Point", "coordinates": [ 77.3815134, 12.9340734 ] } },
{ "type": "Feature", "properties": { "name": "Jodi Aladamara", "highway": "bus_stop", "railway": null, "public_transport": null }, "geometry": { "type": "Point", "coordinates": [ 77.3779166, 12.9401952 ] } },
{ "type": "Feature", "properties": { "name": "Puradapalya", "highway": "bus_stop", "railway": null, "public_transport": null }, "geometry": { "type": "Point", "coordinates": [ 77.3811912, 12.9471171 ] } },
{ "type": "Feature", "properties": { "name": "SLN City", "highway": "bus_stop", "railway": null, "public_transport": null }, "geometry": { "type": "Point", "coordinates": [ 77.3864838, 12.9519719 ] } },
{ "type": "Feature", "properties": { "name": "Peddanapalya School", "highway": "bus_stop", "railway": null, "public_transport": null }, "geometry": { "type": "Point", "coordinates": [ 77.3893807, 12.9597165 ] } },
{ "type": "Feature", "properties": { "name": "Jnana Bharthi Layout", "highway": "bus_stop", "railway": null, "public_transport": "platform" }, "geometry": { "type": "Point", "coordinates": [ 77.4897507, 12.9313242 ] } },
{ "type": "Feature", "properties": { "name": "Ladies Hostel University Campus", "highway": "bus_stop", "railway": null, "public_transport": "platform" }, "geometry": { "type": "Point", "coordinates": [ 77.505853, 12.9422645 ] } },
{ "type": "Feature", "properties": { "name": "Library University", "highway": "bus_stop", "railway": null, "public_transport": "platform" }, "geometry": { "type": "Point", "coordinates": [ 77.5044462, 12.9443231 ] } },
{ "type": "Feature", "properties": { "name": "Administrative Block", "highway": "bus_stop", "railway": null, "public_transport": "platform" }, "geometry": { "type": "Point", "coordinates": [ 77.501359, 12.9491302 ] } },
{ "type": "Feature", "properties": { "name": "PVP School", "highway": "bus_stop", "railway": null, "public_transport": "platform" }, "geometry": { "type": "Point", "coordinates": [ 77.4972184, 12.9486439 ] } },
{ "type": "Feature", "properties": { "name": "Sonnenahalli Bridge", "highway": "bus_stop", "railway": null, "public_transport": "platform" }, "geometry": { "type": "Point", "coordinates": [ 77.4833693, 12.9420013 ] } },
{ "type": "Feature", "properties": { "name": "Sonnenahalli", "highway": "bus_stop", "railway": null, "public_transport": "platform" }, "geometry": { "type": "Point", "coordinates": [ 77.4801004, 12.9421151 ] } },
{ "type": "Feature", "properties": { "name": "Kengunte Circle", "highway": "bus_stop", "railway": null, "public_transport": "platform" }, "geometry": { "type": "Point", "coordinates": [ 77.5042973, 12.9602707 ] } },
{ "type": "Feature", "properties": { "name": "Deepa Complex", "highway": "bus_stop", "railway": null, "public_transport": "platform" }, "geometry": { "type": "Point", "coordinates": [ 77.5051865, 12.9666747 ] } },
{ "type": "Feature", "properties": { "name": "Deepa Complex", "highway": "bus_stop", "railway": null, "public_transport": null }, "geometry": { "type": "Point", "coordinates": [ 77.5051018, 12.9668119 ] } },
{ "type": "Feature", "properties": { "name": "Maruthi Nagara", "highway": "bus_stop", "railway": null, "public_transport": null }, "geometry": { "type": "Point", "coordinates": [ 77.4790752, 12.9383443 ] } },
{ "type": "Feature", "properties": { "name": "Balaji Badavane", "highway": "bus_stop", "railway": null, "public_transport": null }, "geometry": { "type": "Point", "coordinates": [ 77.4957742, 12.9586133 ] } },
{ "type": "Feature", "properties": { "name": "Jnana Jyothi Nagara 2nd Phase", "highway": "bus_stop", "railway": null, "public_transport": null }, "geometry": { "type": "Point", "coordinates": [ 77.4954054, 12.9572123 ] } },
{ "type": "Feature", "properties": { "name": "Nagarabhavi Circle", "highway": "bus_stop", "railway": null, "public_transport": "platform" }, "geometry": { "type": "Point", "coordinates": [ 77.5186179, 12.9580712 ] } },
{ "type": "Feature", "properties": { "name": "H Gollahalli", "highway": "bus_stop", "railway": null, "public_transport": "platform" }, "geometry": { "type": "Point", "coordinates": [ 77.4801467, 12.8760451 ] } },
{ "type": "Feature", "properties": { "name": "Channaveeraiahna Palya", "highway": "bus_stop", "railway": null, "public_transport": null }, "geometry": { "type": "Point", "coordinates": [ 77.4870034, 12.8756058 ] } },
{ "type": "Feature", "properties": { "name": "Varahasandra", "highway": "bus_stop", "railway": null, "public_transport": null }, "geometry": { "type": "Point", "coordinates": [ 77.4902322, 12.8774351 ] } },
{ "type": "Feature", "properties": { "name": "Doddipalya", "highway": "bus_stop", "railway": null, "public_transport": null }, "geometry": { "type": "Point", "coordinates": [ 77.4726031, 12.8578812 ] } },
{ "type": "Feature", "properties": { "name": "Bengaluru Children Hospital", "highway": "bus_stop", "railway": null, "public_transport": "platform" }, "geometry": { "type": "Point", "coordinates": [ 77.5134738, 12.9097783 ] } },
{ "type": "Feature", "properties": { "name": "Double Road", "highway": "bus_stop", "railway": null, "public_transport": "platform" }, "geometry": { "type": "Point", "coordinates": [ 77.5135577, 12.9151912 ] } },
{ "type": "Feature", "properties": { "name": "Halage Vaderahalli", "highway": "bus_stop", "railway": null, "public_transport": "platform" }, "geometry": { "type": "Point", "coordinates": [ 77.5139568, 12.919989 ] } },
{ "type": "Feature", "properties": { "name": "Halage Vaderahalli", "highway": "bus_stop", "railway": null, "public_transport": null }, "geometry": { "type": "Point", "coordinates": [ 77.5144605, 12.9224408 ] } },
{ "type": "Feature", "properties": { "name": "JSS College", "highway": "bus_stop", "railway": null, "public_transport": "platform" }, "geometry": { "type": "Point", "coordinates": [ 77.5094821, 12.9039299 ] } },
{ "type": "Feature", "properties": { "name": "BEML Layout 5th Stage", "highway": "bus_stop", "railway": null, "public_transport": "platform" }, "geometry": { "type": "Point", "coordinates": [ 77.5215371, 12.9066721 ] } },
{ "type": "Feature", "properties": { "name": "BHEL Layout Cross", "highway": "bus_stop", "railway": null, "public_transport": null }, "geometry": { "type": "Point", "coordinates": [ 77.5107921, 12.9157937 ] } },
{ "type": "Feature", "properties": { "name": "Krishna Garden", "highway": "bus_stop", "railway": null, "public_transport": null }, "geometry": { "type": "Point", "coordinates": [ 77.5071063, 12.9132498 ] } },
{ "type": "Feature", "properties": { "name": "Javaregowdanagara Cross", "highway": "bus_stop", "railway": null, "public_transport": null }, "geometry": { "type": "Point", "coordinates": [ 77.5206938, 12.9299784 ] } },
{ "type": "Feature", "properties": { "name": "Bangarappa Nagara", "highway": "bus_stop", "railway": null, "public_transport": null }, "geometry": { "type": "Point", "coordinates": [ 77.5263047, 12.924845 ] } },
{ "type": "Feature", "properties": { "name": "Shakthi Hill Resorts", "highway": "bus_stop", "railway": null, "public_transport": null }, "geometry": { "type": "Point", "coordinates": [ 77.5274468, 12.9115009 ] } },
{ "type": "Feature", "properties": { "name": "Shanmuka Temple", "highway": "bus_stop", "railway": null, "public_transport": null }, "geometry": { "type": "Point", "coordinates": [ 77.5283118, 12.9132268 ] } },
{ "type": "Feature", "properties": { "name": "Javaregowda Nagara", "highway": "bus_stop", "railway": null, "public_transport": null }, "geometry": { "type": "Point", "coordinates": [ 77.5243085, 12.9298898 ] } },
{ "type": "Feature", "properties": { "name": "Kaniminike", "highway": "bus_stop", "railway": null, "public_transport": "platform" }, "geometry": { "type": "Point", "coordinates": [ 77.43384, 12.8631592 ] } },
{ "type": "Feature", "properties": { "name": "Kaniminike Colony", "highway": "bus_stop", "railway": null, "public_transport": "platform" }, "geometry": { "type": "Point", "coordinates": [ 77.4291287, 12.8580771 ] } },
{ "type": "Feature", "properties": { "name": "Hejjala Cross", "highway": "bus_stop", "railway": null, "public_transport": "platform" }, "geometry": { "type": "Point", "coordinates": [ 77.4269368, 12.8550579 ] } },
{ "type": "Feature", "properties": { "name": "Hejjala Cross", "highway": "bus_stop", "railway": null, "public_transport": "platform" }, "geometry": { "type": "Point", "coordinates": [ 77.426377, 12.855291 ] } },
{ "type": "Feature", "properties": { "name": "Manchanayakanahalli Gate", "highway": "bus_stop", "railway": null, "public_transport": "platform" }, "geometry": { "type": "Point", "coordinates": [ 77.4146461, 12.8343257 ] } },
{ "type": "Feature", "properties": { "name": "Manchanayakanahalli Gate", "highway": "bus_stop", "railway": null, "public_transport": "platform" }, "geometry": { "type": "Point", "coordinates": [ 77.4140239, 12.8346215 ] } },
{ "type": "Feature", "properties": { "name": "Veeranjaneya Temple", "highway": "bus_stop", "railway": null, "public_transport": "platform" }, "geometry": { "type": "Point", "coordinates": [ 77.4123046, 12.8297726 ] } },
{ "type": "Feature", "properties": { "name": "Billa Kempanahalli", "highway": "bus_stop", "railway": null, "public_transport": null }, "geometry": { "type": "Point", "coordinates": [ 77.4064424, 12.8102832 ] } },
{ "type": "Feature", "properties": { "name": "Hampapura", "highway": "bus_stop", "railway": null, "public_transport": "platform" }, "geometry": { "type": "Point", "coordinates": [ 77.4289288, 12.8307318 ] } },
{ "type": "Feature", "properties": { "name": "J. U. Industrial Training Institute", "highway": "bus_stop", "railway": null, "public_transport": "platform" }, "geometry": { "type": "Point", "coordinates": [ 77.4104438, 12.8366277 ] } },
{ "type": "Feature", "properties": { "name": "Vajara Halli", "highway": "bus_stop", "railway": null, "public_transport": null }, "geometry": { "type": "Point", "coordinates": [ 77.391568, 12.8239118 ] } },
{ "type": "Feature", "properties": { "name": "KHB Colony", "highway": "bus_stop", "railway": null, "public_transport": null }, "geometry": { "type": "Point", "coordinates": [ 77.3864275, 12.8025383 ] } },
{ "type": "Feature", "properties": { "name": "Billakempanahalli", "highway": "bus_stop", "railway": null, "public_transport": null }, "geometry": { "type": "Point", "coordinates": [ 77.4040288, 12.8121239 ] } },
{ "type": "Feature", "properties": { "name": "Billakempana Halli", "highway": "bus_stop", "railway": null, "public_transport": "platform" }, "geometry": { "type": "Point", "coordinates": [ 77.403806, 12.8119936 ] } },
{ "type": "Feature", "properties": { "name": "Karenahalli", "highway": "bus_stop", "railway": null, "public_transport": "platform" }, "geometry": { "type": "Point", "coordinates": [ 77.3657068, 12.8179332 ] } },
{ "type": "Feature", "properties": { "name": "Devagere Cross", "highway": "bus_stop", "railway": null, "public_transport": "platform" }, "geometry": { "type": "Point", "coordinates": [ 77.4569097, 12.864357 ] } },
{ "type": "Feature", "properties": { "name": "Bychohalli", "highway": "bus_stop", "railway": null, "public_transport": "platform" }, "geometry": { "type": "Point", "coordinates": [ 77.438157, 12.8062693 ] } },
{ "type": "Feature", "properties": { "name": "Pichaguntarya Palya", "highway": "bus_stop", "railway": null, "public_transport": "platform" }, "geometry": { "type": "Point", "coordinates": [ 77.4223172, 12.8049754 ] } },
{ "type": "Feature", "properties": { "name": "Anchipura", "highway": "bus_stop", "railway": null, "public_transport": "platform" }, "geometry": { "type": "Point", "coordinates": [ 77.4320434, 12.770235 ] } },
{ "type": "Feature", "properties": { "name": "Kenchanakuppe", "highway": "bus_stop", "railway": null, "public_transport": null }, "geometry": { "type": "Point", "coordinates": [ 77.3752494, 12.795461 ] } },
{ "type": "Feature", "properties": { "name": "Ittamadu", "highway": "bus_stop", "railway": null, "public_transport": null }, "geometry": { "type": "Point", "coordinates": [ 77.4045923, 12.7566154 ] } },
{ "type": "Feature", "properties": { "name": "Koli Farm", "highway": "bus_stop", "railway": null, "public_transport": "platform" }, "geometry": { "type": "Point", "coordinates": [ 77.4974244, 12.951812 ] } },
{ "type": "Feature", "properties": { "name": "Amma Ashrama Cross", "highway": "bus_stop", "railway": null, "public_transport": "platform" }, "geometry": { "type": "Point", "coordinates": [ 77.4886482, 12.9494923 ] } },
{ "type": "Feature", "properties": { "name": "Chunchanakuppe", "highway": "bus_stop", "railway": null, "public_transport": "platform" }, "geometry": { "type": "Point", "coordinates": [ 77.3862278, 12.9102758 ] } },
{ "type": "Feature", "properties": { "name": "Chikkaluru Cross", "highway": "bus_stop", "railway": null, "public_transport": null }, "geometry": { "type": "Point", "coordinates": [ 77.4217798, 12.8918045 ] } },
{ "type": "Feature", "properties": { "name": "Lakkayyanapalya", "highway": "bus_stop", "railway": null, "public_transport": null }, "geometry": { "type": "Point", "coordinates": [ 77.4024734, 12.8894582 ] } },
{ "type": "Feature", "properties": { "name": "Ram pura", "highway": "bus_stop", "railway": null, "public_transport": null }, "geometry": { "type": "Point", "coordinates": [ 77.3988205, 12.8902501 ] } },
{ "type": "Feature", "properties": { "name": "Donnenahalli", "highway": "bus_stop", "railway": null, "public_transport": null }, "geometry": { "type": "Point", "coordinates": [ 77.392031, 12.8921937 ] } },
{ "type": "Feature", "properties": { "name": "Chandrappa Circle Aralimara", "highway": "bus_stop", "railway": null, "public_transport": null }, "geometry": { "type": "Point", "coordinates": [ 77.3728129, 12.9101139 ] } },
{ "type": "Feature", "properties": { "name": "Chandrappa Circle", "highway": "bus_stop", "railway": null, "public_transport": null }, "geometry": { "type": "Point", "coordinates": [ 77.3696985, 12.9105186 ] } },
{ "type": "Feature", "properties": { "name": "Huluvenahalli Cross", "highway": "bus_stop", "railway": null, "public_transport": null }, "geometry": { "type": "Point", "coordinates": [ 77.3685616, 12.9197303 ] } },
{ "type": "Feature", "properties": { "name": "I.S.R.O. Center", "highway": "bus_stop", "railway": null, "public_transport": null }, "geometry": { "type": "Point", "coordinates": [ 77.3674027, 12.9023368 ] } },
{ "type": "Feature", "properties": { "name": "Chikkanahalli", "highway": "bus_stop", "railway": null, "public_transport": null }, "geometry": { "type": "Point", "coordinates": [ 77.3551555, 12.8813296 ] } },
{ "type": "Feature", "properties": { "name": "Hunnigere", "highway": "bus_stop", "railway": null, "public_transport": null }, "geometry": { "type": "Point", "coordinates": [ 77.3688379, 12.9233403 ] } },
{ "type": "Feature", "properties": { "name": "Gangappanahalli", "highway": "bus_stop", "railway": null, "public_transport": "platform" }, "geometry": { "type": "Point", "coordinates": [ 77.3516912, 12.9581359 ] } },
{ "type": "Feature", "properties": { "name": "Kenchanapalya", "highway": "bus_stop", "railway": null, "public_transport": null }, "geometry": { "type": "Point", "coordinates": [ 77.4453831, 12.8443722 ] } },
{ "type": "Feature", "properties": { "name": "Kallegoudana Palya", "highway": "bus_stop", "railway": null, "public_transport": null }, "geometry": { "type": "Point", "coordinates": [ 77.4471008, 12.8468691 ] } },
{ "type": "Feature", "properties": { "name": "Gaviyana Palya", "highway": "bus_stop", "railway": null, "public_transport": null }, "geometry": { "type": "Point", "coordinates": [ 77.4700551, 12.8408987 ] } },
{ "type": "Feature", "properties": { "name": "Aladamara", "highway": "bus_stop", "railway": null, "public_transport": null }, "geometry": { "type": "Point", "coordinates": [ 77.48989, 12.8244819 ] } },
{ "type": "Feature", "properties": { "name": "Muthurayana Pura", "highway": "bus_stop", "railway": null, "public_transport": null }, "geometry": { "type": "Point", "coordinates": [ 77.4005088, 12.8595929 ] } },
{ "type": "Feature", "properties": { "name": "Karenahalli Cross", "highway": "bus_stop", "railway": null, "public_transport": null }, "geometry": { "type": "Point", "coordinates": [ 77.3950577, 12.8620188 ] } },
{ "type": "Feature", "properties": { "name": "CK Thandya Cross", "highway": "bus_stop", "railway": null, "public_transport": null }, "geometry": { "type": "Point", "coordinates": [ 77.3922746, 12.8653248 ] } },
{ "type": "Feature", "properties": { "name": "Dodderei Colony", "highway": "bus_stop", "railway": null, "public_transport": null }, "geometry": { "type": "Point", "coordinates": [ 77.3840262, 12.8673631 ] } },
{ "type": "Feature", "properties": { "name": "Siddabovipalya", "highway": "bus_stop", "railway": null, "public_transport": null }, "geometry": { "type": "Point", "coordinates": [ 77.3718863, 12.8545495 ] } },
{ "type": "Feature", "properties": { "name": "Muthurayanagudi Palya", "highway": "bus_stop", "railway": null, "public_transport": null }, "geometry": { "type": "Point", "coordinates": [ 77.367289, 12.8486044 ] } },
{ "type": "Feature", "properties": { "name": "Mallata Halli", "highway": "bus_stop", "railway": null, "public_transport": null }, "geometry": { "type": "Point", "coordinates": [ 77.3616752, 12.8671169 ] } },
{ "type": "Feature", "properties": { "name": "Kempadyapanahalli", "highway": "bus_stop", "railway": null, "public_transport": null }, "geometry": { "type": "Point", "coordinates": [ 77.3543342, 12.8669579 ] } },
{ "type": "Feature", "properties": { "name": "Ganakkal", "highway": "bus_stop", "railway": null, "public_transport": "platform" }, "geometry": { "type": "Point", "coordinates": [ 77.3572513, 12.8523531 ] } },
{ "type": "Feature", "properties": { "name": "Ullalu Upanagara", "highway": "bus_stop", "railway": null, "public_transport": "platform" }, "geometry": { "type": "Point", "coordinates": [ 77.4750841, 12.9623714 ] } },
{ "type": "Feature", "properties": { "name": "Byraveshwaranagara Bank Colony", "highway": "bus_stop", "railway": null, "public_transport": "platform" }, "geometry": { "type": "Point", "coordinates": [ 77.5234607, 12.9648841 ] } },
{ "type": "Feature", "properties": { "name": "Kalyana Nagara", "highway": "bus_stop", "railway": null, "public_transport": "platform" }, "geometry": { "type": "Point", "coordinates": [ 77.5238617, 12.9676588 ] } },
{ "type": "Feature", "properties": { "name": "Priyadarshini Layout", "highway": "bus_stop", "railway": null, "public_transport": "platform" }, "geometry": { "type": "Point", "coordinates": [ 77.5267719, 12.971471 ] } },
{ "type": "Feature", "properties": { "name": "Bhavani Nagara 2nd Stage", "highway": "bus_stop", "railway": null, "public_transport": null }, "geometry": { "type": "Point", "coordinates": [ 77.4871568, 12.9567368 ] } },
{ "type": "Feature", "properties": { "name": "National Law College, Jnana Bharathi", "highway": "bus_stop", "railway": null, "public_transport": null }, "geometry": { "type": "Point", "coordinates": [ 77.5163913, 12.9528101 ] } },
{ "type": "Feature", "properties": { "name": "Bande Maramma Bus Station", "highway": "bus_stop", "railway": null, "public_transport": null }, "geometry": { "type": "Point", "coordinates": [ 77.5158357, 12.9669671 ] } },
{ "type": "Feature", "properties": { "name": "Nagarabhavi 12th Block", "highway": "bus_stop", "railway": null, "public_transport": "platform" }, "geometry": { "type": "Point", "coordinates": [ 77.5123818, 12.9607501 ] } },
{ "type": "Feature", "properties": { "name": "Patteghar Circle", "highway": "bus_stop", "railway": null, "public_transport": null }, "geometry": { "type": "Point", "coordinates": [ 77.5258159, 12.9763305 ] } },
{ "type": "Feature", "properties": { "name": "Panchsheela Nagara", "highway": "bus_stop", "railway": null, "public_transport": null }, "geometry": { "type": "Point", "coordinates": [ 77.5208194, 12.9743262 ] } },
{ "type": "Feature", "properties": { "name": "Malagala", "highway": "bus_stop", "railway": null, "public_transport": null }, "geometry": { "type": "Point", "coordinates": [ 77.515267, 12.9754631 ] } },
{ "type": "Feature", "properties": { "name": "Ramakrishnappa Layout", "highway": "bus_stop", "railway": null, "public_transport": null }, "geometry": { "type": "Point", "coordinates": [ 77.5164792, 12.9778951 ] } },
{ "type": "Feature", "properties": { "name": null, "highway": "bus_stop", "railway": null, "public_transport": "platform" }, "geometry": { "type": "Point", "coordinates": [ 77.5148639, 12.9694666 ] } },
{ "type": "Feature", "properties": { "name": "Annapoorneshwari Nagara", "highway": "bus_stop", "railway": null, "public_transport": null }, "geometry": { "type": "Point", "coordinates": [ 77.5069825, 12.9807721 ] } },
{ "type": "Feature", "properties": { "name": "Srigandha Kaval", "highway": "bus_stop", "railway": null, "public_transport": null }, "geometry": { "type": "Point", "coordinates": [ 77.5017501, 12.9787344 ] } },
{ "type": "Feature", "properties": { "name": "D Group Employees Layout", "highway": "bus_stop", "railway": null, "public_transport": null }, "geometry": { "type": "Point", "coordinates": [ 77.4986652, 12.9782389 ] } },
{ "type": "Feature", "properties": { "name": "Narasipura", "highway": "bus_stop", "railway": null, "public_transport": null }, "geometry": { "type": "Point", "coordinates": [ 77.494631, 12.9770105 ] } },
{ "type": "Feature", "properties": { "name": "Amma Ashrama", "highway": "bus_stop", "railway": null, "public_transport": null }, "geometry": { "type": "Point", "coordinates": [ 77.4868805, 12.9463898 ] } },
{ "type": "Feature", "properties": { "name": "Herohalli Cross", "highway": "bus_stop", "railway": null, "public_transport": "platform" }, "geometry": { "type": "Point", "coordinates": [ 77.4932046, 12.9876847 ] } },
{ "type": "Feature", "properties": { "name": "Anjananagar Gollarahatti", "highway": "bus_stop", "railway": null, "public_transport": null }, "geometry": { "type": "Point", "coordinates": [ 77.4885444, 12.9862442 ] } },
{ "type": "Feature", "properties": { "name": "College Stop Gollarahatti", "highway": "bus_stop", "railway": null, "public_transport": null }, "geometry": { "type": "Point", "coordinates": [ 77.4779524, 12.9861912 ] } },
{ "type": "Feature", "properties": { "name": "Gollarahatti", "highway": "bus_stop", "railway": null, "public_transport": null }, "geometry": { "type": "Point", "coordinates": [ 77.4741074, 12.9879822 ] } },
{ "type": "Feature", "properties": { "name": "Chikka Gollarahatti", "highway": "bus_stop", "railway": null, "public_transport": null }, "geometry": { "type": "Point", "coordinates": [ 77.4657955, 12.9914136 ] } },
{ "type": "Feature", "properties": { "name": "Machohalli Colony", "highway": "bus_stop", "railway": null, "public_transport": null }, "geometry": { "type": "Point", "coordinates": [ 77.451548, 12.9973548 ] } },
{ "type": "Feature", "properties": { "name": "Vinayaka Talkies", "highway": "bus_stop", "railway": null, "public_transport": null }, "geometry": { "type": "Point", "coordinates": [ 77.5081883, 12.9925949 ] } },
{ "type": "Feature", "properties": { "name": "Siddartha Badavane", "highway": "bus_stop", "railway": null, "public_transport": null }, "geometry": { "type": "Point", "coordinates": [ 77.5112021, 12.9945673 ] } },
{ "type": "Feature", "properties": { "name": "Kachohalli Cross", "highway": "bus_stop", "railway": null, "public_transport": null }, "geometry": { "type": "Point", "coordinates": [ 77.4689491, 12.990475 ] } },
{ "type": "Feature", "properties": { "name": "Bylakonenahalli", "highway": "bus_stop", "railway": null, "public_transport": null }, "geometry": { "type": "Point", "coordinates": [ 77.4598985, 13.0109535 ] } },
{ "type": "Feature", "properties": { "name": "TCI", "highway": "bus_stop", "railway": null, "public_transport": "platform" }, "geometry": { "type": "Point", "coordinates": [ 77.4661321, 13.0586246 ] } },
{ "type": "Feature", "properties": { "name": "Madanayakanahalli", "highway": "bus_stop", "railway": null, "public_transport": "platform" }, "geometry": { "type": "Point", "coordinates": [ 77.4609941, 13.060974 ] } },
{ "type": "Feature", "properties": { "name": "Makali", "highway": "bus_stop", "railway": null, "public_transport": "platform" }, "geometry": { "type": "Point", "coordinates": [ 77.4533438, 13.0655449 ] } },
{ "type": "Feature", "properties": { "name": "Adakimaranahalli", "highway": "bus_stop", "railway": null, "public_transport": "platform" }, "geometry": { "type": "Point", "coordinates": [ 77.4445812, 13.0703692 ] } },
{ "type": "Feature", "properties": { "name": "Devannanapalya", "highway": "bus_stop", "railway": null, "public_transport": "platform" }, "geometry": { "type": "Point", "coordinates": [ 77.4323231, 13.0769185 ] } },
{ "type": "Feature", "properties": { "name": "Arishinakunte", "highway": "bus_stop", "railway": null, "public_transport": "platform" }, "geometry": { "type": "Point", "coordinates": [ 77.4245821, 13.0795115 ] } },
{ "type": "Feature", "properties": { "name": "Binnamangala", "highway": "bus_stop", "railway": null, "public_transport": "platform" }, "geometry": { "type": "Point", "coordinates": [ 77.4124488, 13.0873917 ] } },
{ "type": "Feature", "properties": { "name": "Nursery Nelamangala", "highway": "bus_stop", "railway": null, "public_transport": "platform" }, "geometry": { "type": "Point", "coordinates": [ 77.4089299, 13.0904032 ] } },
{ "type": "Feature", "properties": { "name": "Weavers Colony Nelamangala", "highway": "bus_stop", "railway": null, "public_transport": "platform" }, "geometry": { "type": "Point", "coordinates": [ 77.4054492, 13.0941771 ] } },
{ "type": "Feature", "properties": { "name": "Arishinakunte", "highway": "bus_stop", "railway": null, "public_transport": "platform" }, "geometry": { "type": "Point", "coordinates": [ 77.4246609, 13.0799703 ] } },
{ "type": "Feature", "properties": { "name": "Devannana Palya", "highway": "bus_stop", "railway": null, "public_transport": "platform" }, "geometry": { "type": "Point", "coordinates": [ 77.4323023, 13.0773717 ] } },
{ "type": "Feature", "properties": { "name": "TCI", "highway": "bus_stop", "railway": null, "public_transport": null }, "geometry": { "type": "Point", "coordinates": [ 77.4659882, 13.0590498 ] } },
{ "type": "Feature", "properties": { "name": "Adakimaranahalli", "highway": "bus_stop", "railway": null, "public_transport": "platform" }, "geometry": { "type": "Point", "coordinates": [ 77.444609, 13.0708771 ] } },
{ "type": "Feature", "properties": { "name": "Madanayakanahalli", "highway": "bus_stop", "railway": null, "public_transport": null }, "geometry": { "type": "Point", "coordinates": [ 77.4612791, 13.0612674 ] } },
{ "type": "Feature", "properties": { "name": "Makali", "highway": "bus_stop", "railway": null, "public_transport": "platform" }, "geometry": { "type": "Point", "coordinates": [ 77.4533884, 13.0659494 ] } },
{ "type": "Feature", "properties": { "name": "Madeshwara Nagara", "highway": "bus_stop", "railway": null, "public_transport": "platform" }, "geometry": { "type": "Point", "coordinates": [ 77.4943652, 12.9923026 ] } },
{ "type": "Feature", "properties": { "name": "Prasanna Layout", "highway": "bus_stop", "railway": null, "public_transport": null }, "geometry": { "type": "Point", "coordinates": [ 77.4967859, 12.9972668 ] } },
{ "type": "Feature", "properties": { "name": "Nagaravale", "highway": "bus_stop", "railway": null, "public_transport": null }, "geometry": { "type": "Point", "coordinates": [ 77.4961909, 12.9992771 ] } },
{ "type": "Feature", "properties": { "name": "Sigehalli Gate", "highway": "bus_stop", "railway": null, "public_transport": null }, "geometry": { "type": "Point", "coordinates": [ 77.4440112, 12.9841702 ] } },
{ "type": "Feature", "properties": { "name": "Hamsa Farm", "highway": "bus_stop", "railway": null, "public_transport": null }, "geometry": { "type": "Point", "coordinates": [ 77.4398431, 12.9818471 ] } },
{ "type": "Feature", "properties": { "name": "Channenahalli", "highway": "bus_stop", "railway": null, "public_transport": null }, "geometry": { "type": "Point", "coordinates": [ 77.4305361, 12.9779212 ] } },
{ "type": "Feature", "properties": { "name": "Honnagana Hatti", "highway": "bus_stop", "railway": null, "public_transport": null }, "geometry": { "type": "Point", "coordinates": [ 77.4210658, 12.9742391 ] } },
{ "type": "Feature", "properties": { "name": "Channadasi Palya", "highway": "bus_stop", "railway": null, "public_transport": null }, "geometry": { "type": "Point", "coordinates": [ 77.414868, 12.970958 ] } },
{ "type": "Feature", "properties": { "name": "Sub Register Office, Lakkuppe", "highway": "bus_stop", "railway": null, "public_transport": null }, "geometry": { "type": "Point", "coordinates": [ 77.4101371, 12.970023 ] } },
{ "type": "Feature", "properties": { "name": "Ganesha Temple", "highway": "bus_stop", "railway": null, "public_transport": null }, "geometry": { "type": "Point", "coordinates": [ 77.4029049, 12.966868 ] } },
{ "type": "Feature", "properties": { "name": "Kannalli", "highway": "bus_stop", "railway": null, "public_transport": "platform" }, "geometry": { "type": "Point", "coordinates": [ 77.4590501, 12.9672288 ] } },
{ "type": "Feature", "properties": { "name": "Bharathnagar 2nd Stage", "highway": "bus_stop", "railway": null, "public_transport": null }, "geometry": { "type": "Point", "coordinates": [ 77.4778584, 12.9785713 ] } },
{ "type": "Feature", "properties": { "name": "Gnanashakti Nagar", "highway": "bus_stop", "railway": null, "public_transport": null }, "geometry": { "type": "Point", "coordinates": [ 77.4586502, 12.9855416 ] } },
{ "type": "Feature", "properties": { "name": "Eshwari Form", "highway": "bus_stop", "railway": null, "public_transport": null }, "geometry": { "type": "Point", "coordinates": [ 77.4663643, 12.9885211 ] } },
{ "type": "Feature", "properties": { "name": "Sulikere Palya", "highway": "bus_stop", "railway": null, "public_transport": null }, "geometry": { "type": "Point", "coordinates": [ 77.4495942, 12.9445732 ] } },
{ "type": "Feature", "properties": { "name": "Tunganagara Cross", "highway": "bus_stop", "railway": null, "public_transport": null }, "geometry": { "type": "Point", "coordinates": [ 77.485068, 12.985503 ] } },
{ "type": "Feature", "properties": { "name": "Thunga Nagara", "highway": "bus_stop", "railway": null, "public_transport": null }, "geometry": { "type": "Point", "coordinates": [ 77.4851534, 12.991877 ] } },
{ "type": "Feature", "properties": { "name": "Manchenahalli", "highway": "bus_stop", "railway": null, "public_transport": null }, "geometry": { "type": "Point", "coordinates": [ 77.357889, 13.0349232 ] } },
{ "type": "Feature", "properties": { "name": "Ajeez Palya", "highway": "bus_stop", "railway": null, "public_transport": null }, "geometry": { "type": "Point", "coordinates": [ 77.366856, 13.0271084 ] } },
{ "type": "Feature", "properties": { "name": "Gowdana Palya", "highway": "bus_stop", "railway": null, "public_transport": null }, "geometry": { "type": "Point", "coordinates": [ 77.3599184, 13.0291017 ] } },
{ "type": "Feature", "properties": { "name": "Hunnigere", "highway": "bus_stop", "railway": null, "public_transport": null }, "geometry": { "type": "Point", "coordinates": [ 77.3963032, 13.0328536 ] } },
{ "type": "Feature", "properties": { "name": "Mantanakurchi", "highway": "bus_stop", "railway": null, "public_transport": null }, "geometry": { "type": "Point", "coordinates": [ 77.3850231, 13.0438093 ] } },
{ "type": "Feature", "properties": { "name": "Nagasandra Palya", "highway": "bus_stop", "railway": null, "public_transport": null }, "geometry": { "type": "Point", "coordinates": [ 77.3776907, 13.0014529 ] } },
{ "type": "Feature", "properties": { "name": "Banasawadi", "highway": "bus_stop", "railway": null, "public_transport": null }, "geometry": { "type": "Point", "coordinates": [ 77.3652561, 13.0152253 ] } },
{ "type": "Feature", "properties": { "name": "Soladevana Halli", "highway": "bus_stop", "railway": null, "public_transport": null }, "geometry": { "type": "Point", "coordinates": [ 77.3513515, 13.0070717 ] } },
{ "type": "Feature", "properties": { "name": "Hosa Palya Gate", "highway": "bus_stop", "railway": null, "public_transport": null }, "geometry": { "type": "Point", "coordinates": [ 77.3871528, 12.9834751 ] } },
{ "type": "Feature", "properties": { "name": "Vidyamanyanagar", "highway": "bus_stop", "railway": null, "public_transport": "platform" }, "geometry": { "type": "Point", "coordinates": [ 77.4872663, 13.0047026 ] } },
{ "type": "Feature", "properties": { "name": "Muddinapalya", "highway": "bus_stop", "railway": null, "public_transport": "platform" }, "geometry": { "type": "Point", "coordinates": [ 77.4878545, 12.9663246 ] } },
{ "type": "Feature", "properties": { "name": "Venkateshwara Layout", "highway": "bus_stop", "railway": null, "public_transport": "platform" }, "geometry": { "type": "Point", "coordinates": [ 77.4885321, 12.9933298 ] } },
{ "type": "Feature", "properties": { "name": "Vidyamanyanagar", "highway": "bus_stop", "railway": null, "public_transport": "platform" }, "geometry": { "type": "Point", "coordinates": [ 77.4874872, 13.0046069 ] } },
{ "type": "Feature", "properties": { "name": "Anjaneya Temple Thigalarapalya", "highway": "bus_stop", "railway": null, "public_transport": "platform" }, "geometry": { "type": "Point", "coordinates": [ 77.4834344, 13.0137744 ] } },
{ "type": "Feature", "properties": { "name": "Upkar Residency Layout", "highway": "bus_stop", "railway": null, "public_transport": null }, "geometry": { "type": "Point", "coordinates": [ 77.4877338, 12.959248 ] } },
{ "type": "Feature", "properties": { "name": "Lingadeeranahalli", "highway": "bus_stop", "railway": null, "public_transport": "platform" }, "geometry": { "type": "Point", "coordinates": [ 77.4793945, 13.0000996 ] } },
{ "type": "Feature", "properties": { "name": "Nagarabhavi 2nd Phase 11th Block", "highway": "bus_stop", "railway": null, "public_transport": null }, "geometry": { "type": "Point", "coordinates": [ 77.5138386, 12.9777974 ] } },
{ "type": "Feature", "properties": { "name": "Bayyandahalli", "highway": "bus_stop", "railway": null, "public_transport": "platform" }, "geometry": { "type": "Point", "coordinates": [ 77.4424779, 13.0070265 ] } },
{ "type": "Feature", "properties": { "name": "Bettahalli Cross", "highway": "bus_stop", "railway": null, "public_transport": "platform" }, "geometry": { "type": "Point", "coordinates": [ 77.4349299, 13.0081299 ] } },
{ "type": "Feature", "properties": { "name": "Kittanahalli", "highway": "bus_stop", "railway": null, "public_transport": "platform" }, "geometry": { "type": "Point", "coordinates": [ 77.421661, 13.0090369 ] } },
{ "type": "Feature", "properties": { "name": "Kadirenahalli Village", "highway": "bus_stop", "railway": null, "public_transport": "platform" }, "geometry": { "type": "Point", "coordinates": [ 77.4482852, 13.0418661 ] } },
{ "type": "Feature", "properties": { "name": "Kammasandra", "highway": "bus_stop", "railway": null, "public_transport": "platform" }, "geometry": { "type": "Point", "coordinates": [ 77.4395654, 13.0346342 ] } },
{ "type": "Feature", "properties": { "name": "Kamadenu Kshetra", "highway": "bus_stop", "railway": null, "public_transport": "platform" }, "geometry": { "type": "Point", "coordinates": [ 77.4391367, 13.0298454 ] } },
{ "type": "Feature", "properties": { "name": "Kamadhenu Kshethra", "highway": "bus_stop", "railway": null, "public_transport": "platform" }, "geometry": { "type": "Point", "coordinates": [ 77.4476441, 13.0256601 ] } },
{ "type": "Feature", "properties": { "name": "Vaddarahalli BMTC Training Centre", "highway": "bus_stop", "railway": null, "public_transport": "platform" }, "geometry": { "type": "Point", "coordinates": [ 77.448566, 13.0201687 ] } },
{ "type": "Feature", "properties": { "name": "Vaddarahalli Cross", "highway": "bus_stop", "railway": null, "public_transport": "platform" }, "geometry": { "type": "Point", "coordinates": [ 77.4471027, 13.0150369 ] } },
{ "type": "Feature", "properties": { "name": "Bettahalli Cross", "highway": "bus_stop", "railway": null, "public_transport": "platform" }, "geometry": { "type": "Point", "coordinates": [ 77.4434612, 13.0154005 ] } },
{ "type": "Feature", "properties": { "name": "Bettenahalli", "highway": "bus_stop", "railway": null, "public_transport": "platform" }, "geometry": { "type": "Point", "coordinates": [ 77.4372605, 13.0168799 ] } },
{ "type": "Feature", "properties": { "name": "Vaddarahalli", "highway": "bus_stop", "railway": null, "public_transport": null }, "geometry": { "type": "Point", "coordinates": [ 77.4496166, 13.0146034 ] } },
{ "type": "Feature", "properties": { "name": "Averehalli Cross", "highway": "bus_stop", "railway": null, "public_transport": "platform" }, "geometry": { "type": "Point", "coordinates": [ 77.4218979, 13.0334071 ] } },
{ "type": "Feature", "properties": { "name": "Averahalli", "highway": "bus_stop", "railway": null, "public_transport": "platform" }, "geometry": { "type": "Point", "coordinates": [ 77.4160517, 13.0349289 ] } },
{ "type": "Feature", "properties": { "name": "Papaiahnapalya", "highway": "bus_stop", "railway": null, "public_transport": "platform" }, "geometry": { "type": "Point", "coordinates": [ 77.404131, 13.0657122 ] } },
{ "type": "Feature", "properties": { "name": "Mallapura Tavare Kere", "highway": "bus_stop", "railway": null, "public_transport": "platform" }, "geometry": { "type": "Point", "coordinates": [ 77.3995507, 13.0745717 ] } },
{ "type": "Feature", "properties": { "name": "Baleveerana Halli", "highway": "bus_stop", "railway": null, "public_transport": null }, "geometry": { "type": "Point", "coordinates": [ 77.3939341, 13.0190461 ] } },
{ "type": "Feature", "properties": { "name": "Dairy Hegganahalli", "highway": "bus_stop", "railway": null, "public_transport": null }, "geometry": { "type": "Point", "coordinates": [ 77.5056125, 13.0082282 ] } },
{ "type": "Feature", "properties": { "name": "Peenya 14th Cross", "highway": "bus_stop", "railway": null, "public_transport": "platform" }, "geometry": { "type": "Point", "coordinates": [ 77.5057386, 13.0164785 ] } },
{ "type": "Feature", "properties": { "name": "Brundavana Peenya 2nd Stage", "highway": "bus_stop", "railway": null, "public_transport": "platform" }, "geometry": { "type": "Point", "coordinates": [ 77.5081111, 13.0202404 ] } },
{ "type": "Feature", "properties": { "name": "NTTF", "highway": "bus_stop", "railway": null, "public_transport": "platform" }, "geometry": { "type": "Point", "coordinates": [ 77.5108657, 13.0246025 ] } },
{ "type": "Feature", "properties": { "name": "Rolling Mill", "highway": "bus_stop", "railway": null, "public_transport": "platform" }, "geometry": { "type": "Point", "coordinates": [ 77.5147174, 13.0265402 ] } },
{ "type": "Feature", "properties": { "name": "TVS Cross Peenya 2nd Stage", "highway": "bus_stop", "railway": null, "public_transport": "platform" }, "geometry": { "type": "Point", "coordinates": [ 77.519548, 13.0285288 ] } },
{ "type": "Feature", "properties": { "name": "Systems Peenya", "highway": "bus_stop", "railway": null, "public_transport": "platform" }, "geometry": { "type": "Point", "coordinates": [ 77.5181727, 13.0354412 ] } },
{ "type": "Feature", "properties": { "name": "System Jalahalli Cross", "highway": "bus_stop", "railway": null, "public_transport": null }, "geometry": { "type": "Point", "coordinates": [ 77.5179665, 13.0349433 ] } },
{ "type": "Feature", "properties": { "name": "Jalahalli Cross", "highway": "bus_stop", "railway": null, "public_transport": "platform" }, "geometry": { "type": "Point", "coordinates": [ 77.5183133, 13.0398186 ] } },
{ "type": "Feature", "properties": { "name": "T Dasarahalli", "highway": "bus_stop", "railway": null, "public_transport": "platform" }, "geometry": { "type": "Point", "coordinates": [ 77.5130488, 13.0430177 ] } },
{ "type": "Feature", "properties": { "name": "T Dasarahalli", "highway": "bus_stop", "railway": null, "public_transport": "platform" }, "geometry": { "type": "Point", "coordinates": [ 77.5129645, 13.0427796 ] } },
{ "type": "Feature", "properties": { "name": "8th Mile Dasarahalli", "highway": "bus_stop", "railway": null, "public_transport": "platform" }, "geometry": { "type": "Point", "coordinates": [ 77.5055104, 13.0455636 ] } },
{ "type": "Feature", "properties": { "name": "8th Mile Dasarahalli", "highway": "bus_stop", "railway": null, "public_transport": "platform" }, "geometry": { "type": "Point", "coordinates": [ 77.5076896, 13.0450201 ] } },
{ "type": "Feature", "properties": { "name": "Rukmini Nagara", "highway": "bus_stop", "railway": null, "public_transport": "platform" }, "geometry": { "type": "Point", "coordinates": [ 77.5048282, 13.0410361 ] } },
{ "type": "Feature", "properties": { "name": "Nagasandra Cross Bus Stop", "highway": "bus_stop", "railway": null, "public_transport": "platform" }, "geometry": { "type": "Point", "coordinates": [ 77.5045157, 13.0385761 ] } },
{ "type": "Feature", "properties": { "name": "HMT Layout", "highway": "bus_stop", "railway": null, "public_transport": "platform" }, "geometry": { "type": "Point", "coordinates": [ 77.5040962, 13.0337754 ] } },
{ "type": "Feature", "properties": { "name": "Nelagedaranahalli", "highway": "bus_stop", "railway": null, "public_transport": "platform" }, "geometry": { "type": "Point", "coordinates": [ 77.5034567, 13.0315243 ] } },
{ "type": "Feature", "properties": { "name": "Gruhalaxmi Layout", "highway": "bus_stop", "railway": null, "public_transport": "platform" }, "geometry": { "type": "Point", "coordinates": [ 77.4997531, 13.0298063 ] } },
{ "type": "Feature", "properties": { "name": "Indiranagara", "highway": "bus_stop", "railway": null, "public_transport": "platform" }, "geometry": { "type": "Point", "coordinates": [ 77.4937718, 13.0277238 ] } },
{ "type": "Feature", "properties": { "name": "Shanthinagara", "highway": "bus_stop", "railway": null, "public_transport": null }, "geometry": { "type": "Point", "coordinates": [ 77.4731558, 13.0262298 ] } },
{ "type": "Feature", "properties": { "name": "Thippenahalli Cross", "highway": "bus_stop", "railway": null, "public_transport": "platform" }, "geometry": { "type": "Point", "coordinates": [ 77.4835383, 13.0293894 ] } },
{ "type": "Feature", "properties": { "name": "Gangondanahalli Colony", "highway": "bus_stop", "railway": null, "public_transport": "platform" }, "geometry": { "type": "Point", "coordinates": [ 77.4708342, 13.024254 ] } },
{ "type": "Feature", "properties": { "name": "KG Lakkenahalli Cross", "highway": "bus_stop", "railway": null, "public_transport": "platform" }, "geometry": { "type": "Point", "coordinates": [ 77.4596723, 13.0258508 ] } },
{ "type": "Feature", "properties": { "name": "Jyothinagar", "highway": "bus_stop", "railway": null, "public_transport": "platform" }, "geometry": { "type": "Point", "coordinates": [ 77.4589838, 13.0237039 ] } },
{ "type": "Feature", "properties": { "name": "KG Lakkenahalli", "highway": "bus_stop", "railway": null, "public_transport": "platform" }, "geometry": { "type": "Point", "coordinates": [ 77.4565858, 13.0161627 ] } },
{ "type": "Feature", "properties": { "name": "Laggere Cross", "highway": "bus_stop", "railway": null, "public_transport": null }, "geometry": { "type": "Point", "coordinates": [ 77.5235453, 13.0226124 ] } },
{ "type": "Feature", "properties": { "name": "Parvathi Nagara", "highway": "bus_stop", "railway": null, "public_transport": null }, "geometry": { "type": "Point", "coordinates": [ 77.5203387, 13.0163723 ] } },
{ "type": "Feature", "properties": { "name": "Laggere", "highway": "bus_stop", "railway": null, "public_transport": null }, "geometry": { "type": "Point", "coordinates": [ 77.5208472, 13.0139134 ] } },
{ "type": "Feature", "properties": { "name": "Widia School", "highway": "bus_stop", "railway": null, "public_transport": "platform" }, "geometry": { "type": "Point", "coordinates": [ 77.4967136, 13.0486783 ] } },
{ "type": "Feature", "properties": { "name": "Morision Factory", "highway": "bus_stop", "railway": null, "public_transport": null }, "geometry": { "type": "Point", "coordinates": [ 77.492188, 13.0507435 ] } },
{ "type": "Feature", "properties": { "name": "Marison Factory", "highway": "bus_stop", "railway": null, "public_transport": "platform" }, "geometry": { "type": "Point", "coordinates": [ 77.4918735, 13.0504136 ] } },
{ "type": "Feature", "properties": { "name": "Chikka Bidarakallu", "highway": "bus_stop", "railway": null, "public_transport": null }, "geometry": { "type": "Point", "coordinates": [ 77.4877306, 13.0523528 ] } },
{ "type": "Feature", "properties": { "name": "Chikkabidarakallu", "highway": "bus_stop", "railway": null, "public_transport": "platform" }, "geometry": { "type": "Point", "coordinates": [ 77.4877084, 13.0519047 ] } },
{ "type": "Feature", "properties": { "name": "Jindal", "highway": "bus_stop", "railway": null, "public_transport": null }, "geometry": { "type": "Point", "coordinates": [ 77.4840545, 13.0536615 ] } },
{ "type": "Feature", "properties": { "name": "Jindal", "highway": "bus_stop", "railway": null, "public_transport": "platform" }, "geometry": { "type": "Point", "coordinates": [ 77.4838143, 13.0532831 ] } },
{ "type": "Feature", "properties": { "name": "Anchepalya", "highway": "bus_stop", "railway": null, "public_transport": "platform" }, "geometry": { "type": "Point", "coordinates": [ 77.4789572, 13.0550002 ] } },
{ "type": "Feature", "properties": { "name": "Madavara", "highway": "bus_stop", "railway": null, "public_transport": "platform" }, "geometry": { "type": "Point", "coordinates": [ 77.4731579, 13.0572169 ] } },
{ "type": "Feature", "properties": { "name": "Widia School Bagalagunte", "highway": "bus_stop", "railway": null, "public_transport": "platform" }, "geometry": { "type": "Point", "coordinates": [ 77.5077223, 13.0510007 ] } },
{ "type": "Feature", "properties": { "name": "Bagalagunte", "highway": "bus_stop", "railway": null, "public_transport": "platform" }, "geometry": { "type": "Point", "coordinates": [ 77.5072784, 13.0564209 ] } },
{ "type": "Feature", "properties": { "name": "Bone Mill", "highway": "bus_stop", "railway": null, "public_transport": "platform" }, "geometry": { "type": "Point", "coordinates": [ 77.5048674, 13.0640151 ] } },
{ "type": "Feature", "properties": { "name": "Sapthagiri College", "highway": "bus_stop", "railway": null, "public_transport": "platform" }, "geometry": { "type": "Point", "coordinates": [ 77.5032715, 13.0669701 ] } },
{ "type": "Feature", "properties": { "name": "Janapriya Apartments", "highway": "bus_stop", "railway": null, "public_transport": "platform" }, "geometry": { "type": "Point", "coordinates": [ 77.5030691, 13.0734812 ] } },
{ "type": "Feature", "properties": { "name": "Chikkabanawara", "highway": "bus_stop", "railway": null, "public_transport": null }, "geometry": { "type": "Point", "coordinates": [ 77.500118, 13.0825565 ] } },
{ "type": "Feature", "properties": { "name": "Tharabana Halli Hesaraghatta", "highway": "bus_stop", "railway": null, "public_transport": null }, "geometry": { "type": "Point", "coordinates": [ 77.4806781, 13.1012792 ] } },
{ "type": "Feature", "properties": { "name": "Huruli Chikkanahalli", "highway": "bus_stop", "railway": null, "public_transport": null }, "geometry": { "type": "Point", "coordinates": [ 77.4827892, 13.1160504 ] } },
{ "type": "Feature", "properties": { "name": "Thirumalapura Gate", "highway": "bus_stop", "railway": null, "public_transport": null }, "geometry": { "type": "Point", "coordinates": [ 77.4835931, 13.1252792 ] } },
{ "type": "Feature", "properties": { "name": "Hesaraghatta TB Cross", "highway": "bus_stop", "railway": null, "public_transport": null }, "geometry": { "type": "Point", "coordinates": [ 77.4843686, 13.1303632 ] } },
{ "type": "Feature", "properties": { "name": "Ayyappa Temple", "highway": "bus_stop", "railway": null, "public_transport": "platform" }, "geometry": { "type": "Point", "coordinates": [ 77.5222447, 13.045979 ] } },
{ "type": "Feature", "properties": { "name": "Shetty Halli Cross", "highway": "bus_stop", "railway": null, "public_transport": null }, "geometry": { "type": "Point", "coordinates": [ 77.525675, 13.0502833 ] } },
{ "type": "Feature", "properties": { "name": "KG Halli Bridge", "highway": "bus_stop", "railway": null, "public_transport": null }, "geometry": { "type": "Point", "coordinates": [ 77.5327276, 13.0545787 ] } },
{ "type": "Feature", "properties": { "name": "HMT Shopping Complex", "highway": "bus_stop", "railway": null, "public_transport": null }, "geometry": { "type": "Point", "coordinates": [ 77.5377099, 13.0496284 ] } },
{ "type": "Feature", "properties": { "name": "HMT Post Office", "highway": "bus_stop", "railway": null, "public_transport": null }, "geometry": { "type": "Point", "coordinates": [ 77.5418155, 13.0507035 ] } },
{ "type": "Feature", "properties": { "name": "HMT Auditorium", "highway": "bus_stop", "railway": null, "public_transport": null }, "geometry": { "type": "Point", "coordinates": [ 77.5447654, 13.0493824 ] } },
{ "type": "Feature", "properties": { "name": "Jalahalli Police Station", "highway": "bus_stop", "railway": null, "public_transport": "platform" }, "geometry": { "type": "Point", "coordinates": [ 77.5499149, 13.0489639 ] } },
{ "type": "Feature", "properties": { "name": "State Bank BEL Circle", "highway": "bus_stop", "railway": null, "public_transport": "platform" }, "geometry": { "type": "Point", "coordinates": [ 77.5535761, 13.0497863 ] } },
{ "type": "Feature", "properties": { "name": "BEL Circle", "highway": "bus_stop", "railway": null, "public_transport": null }, "geometry": { "type": "Point", "coordinates": [ 77.5561862, 13.045969 ] } },
{ "type": "Feature", "properties": { "name": "Nagaland Circle", "highway": "bus_stop", "railway": null, "public_transport": "platform" }, "geometry": { "type": "Point", "coordinates": [ 77.5578439, 13.0559749 ] } },
{ "type": "Feature", "properties": { "name": "Dodda Bommasandra Arch", "highway": "bus_stop", "railway": null, "public_transport": "platform" }, "geometry": { "type": "Point", "coordinates": [ 77.5592891, 13.0588346 ] } },
{ "type": "Feature", "properties": { "name": "Dodda Bommasandra", "highway": "bus_stop", "railway": null, "public_transport": "platform" }, "geometry": { "type": "Point", "coordinates": [ 77.55882, 13.0601068 ] } },
{ "type": "Feature", "properties": { "name": "Vidhyaranyapura 1st Block", "highway": "bus_stop", "railway": null, "public_transport": "platform" }, "geometry": { "type": "Point", "coordinates": [ 77.5555305, 13.0703462 ] } },
{ "type": "Feature", "properties": { "name": "Canara Bank Vidyaranyapura", "highway": "bus_stop", "railway": null, "public_transport": "platform" }, "geometry": { "type": "Point", "coordinates": [ 77.5564491, 13.072187 ] } },
{ "type": "Feature", "properties": { "name": "Vidyaranyapura Post Office", "highway": "bus_stop", "railway": null, "public_transport": "platform" }, "geometry": { "type": "Point", "coordinates": [ 77.5582754, 13.0762084 ] } },
{ "type": "Feature", "properties": { "name": "Durgaparmeshwari Temple", "highway": "bus_stop", "railway": null, "public_transport": "platform" }, "geometry": { "type": "Point", "coordinates": [ 77.5598389, 13.0818224 ] } },
{ "type": "Feature", "properties": { "name": "Aralimara", "highway": "bus_stop", "railway": null, "public_transport": null }, "geometry": { "type": "Point", "coordinates": [ 77.5046705, 12.992196 ] } },
{ "type": "Feature", "properties": { "name": "Sheshadri Nagara", "highway": "bus_stop", "railway": null, "public_transport": null }, "geometry": { "type": "Point", "coordinates": [ 77.4886424, 13.0642011 ] } },
{ "type": "Feature", "properties": { "name": "T B Hesaraghatta", "highway": "bus_stop", "railway": null, "public_transport": null }, "geometry": { "type": "Point", "coordinates": [ 77.4909127, 13.1352937 ] } },
{ "type": "Feature", "properties": { "name": "Kakolu", "highway": "bus_stop", "railway": null, "public_transport": null }, "geometry": { "type": "Point", "coordinates": [ 77.5200736, 13.1870345 ] } },
{ "type": "Feature", "properties": { "name": "Kirloskar Badavane", "highway": "bus_stop", "railway": null, "public_transport": null }, "geometry": { "type": "Point", "coordinates": [ 77.5001184, 13.0673669 ] } },
{ "type": "Feature", "properties": { "name": "Nagasandra", "highway": "bus_stop", "railway": null, "public_transport": null }, "geometry": { "type": "Point", "coordinates": [ 77.4997629, 13.0395465 ] } },
{ "type": "Feature", "properties": { "name": "KRS Gowda Layout", "highway": "bus_stop", "railway": null, "public_transport": null }, "geometry": { "type": "Point", "coordinates": [ 77.4992483, 13.0345127 ] } },
{ "type": "Feature", "properties": { "name": "Nagaroor Cross", "highway": "bus_stop", "railway": null, "public_transport": "platform" }, "geometry": { "type": "Point", "coordinates": [ 77.445307, 13.0919732 ] } },
{ "type": "Feature", "properties": { "name": "Vaderahalli", "highway": "bus_stop", "railway": null, "public_transport": "platform" }, "geometry": { "type": "Point", "coordinates": [ 77.4448549, 13.0993798 ] } },
{ "type": "Feature", "properties": { "name": "Pillahalli", "highway": "bus_stop", "railway": null, "public_transport": "platform" }, "geometry": { "type": "Point", "coordinates": [ 77.4289397, 13.1028053 ] } },
{ "type": "Feature", "properties": { "name": "Guddadahalli Hesaraghatta Road", "highway": "bus_stop", "railway": null, "public_transport": "platform" }, "geometry": { "type": "Point", "coordinates": [ 77.4622125, 13.1413529 ] } },
{ "type": "Feature", "properties": { "name": "Basavanna Temple", "highway": "bus_stop", "railway": null, "public_transport": "platform" }, "geometry": { "type": "Point", "coordinates": [ 77.4534902, 13.1381746 ] } },
{ "type": "Feature", "properties": { "name": "Kodihalli Hesarugatta", "highway": "bus_stop", "railway": null, "public_transport": "platform" }, "geometry": { "type": "Point", "coordinates": [ 77.4537946, 13.1897449 ] } },
{ "type": "Feature", "properties": { "name": "CMTI Goragunte Palya", "highway": "bus_stop", "railway": null, "public_transport": null }, "geometry": { "type": "Point", "coordinates": [ 77.5367142, 13.0308067 ] } },
{ "type": "Feature", "properties": { "name": "CMTI Goragunte Palya", "highway": "bus_stop", "railway": null, "public_transport": "platform" }, "geometry": { "type": "Point", "coordinates": [ 77.5364087, 13.0306607 ] } },
{ "type": "Feature", "properties": { "name": "Goraguntepalya", "highway": "bus_stop", "railway": null, "public_transport": "platform" }, "geometry": { "type": "Point", "coordinates": [ 77.5417654, 13.0280852 ] } },
{ "type": "Feature", "properties": { "name": "MEI Factory", "highway": "bus_stop", "railway": null, "public_transport": "platform" }, "geometry": { "type": "Point", "coordinates": [ 77.5441369, 13.0266947 ] } },
{ "type": "Feature", "properties": { "name": "MEI Factory", "highway": "bus_stop", "railway": null, "public_transport": "platform" }, "geometry": { "type": "Point", "coordinates": [ 77.543916, 13.0265783 ] } },
{ "type": "Feature", "properties": { "name": "Mallasandra", "highway": "bus_stop", "railway": null, "public_transport": "platform" }, "geometry": { "type": "Point", "coordinates": [ 77.5098468, 13.0572477 ] } },
{ "type": "Feature", "properties": { "name": "Ghanigara Halli", "highway": "bus_stop", "railway": null, "public_transport": "platform" }, "geometry": { "type": "Point", "coordinates": [ 77.5103914, 13.0891518 ] } },
{ "type": "Feature", "properties": { "name": "Chimney Hills", "highway": "bus_stop", "railway": null, "public_transport": null }, "geometry": { "type": "Point", "coordinates": [ 77.4995979, 13.0720035 ] } },
{ "type": "Feature", "properties": { "name": "Kudhurgere Madhanayakanahalli", "highway": "bus_stop", "railway": null, "public_transport": null }, "geometry": { "type": "Point", "coordinates": [ 77.4726196, 13.0757683 ] } },
{ "type": "Feature", "properties": { "name": "Soundarya Layout", "highway": "bus_stop", "railway": null, "public_transport": null }, "geometry": { "type": "Point", "coordinates": [ 77.497335, 13.06697 ] } },
{ "type": "Feature", "properties": { "name": "Bireshwara Circle", "highway": "bus_stop", "railway": null, "public_transport": null }, "geometry": { "type": "Point", "coordinates": [ 77.4948226, 13.0654638 ] } },
{ "type": "Feature", "properties": { "name": "Ganapathi Nagara", "highway": "bus_stop", "railway": null, "public_transport": null }, "geometry": { "type": "Point", "coordinates": [ 77.4969976, 13.0791187 ] } },
{ "type": "Feature", "properties": { "name": "Muthkur Cross", "highway": "bus_stop", "railway": null, "public_transport": null }, "geometry": { "type": "Point", "coordinates": [ 77.5023435, 13.1430123 ] } },
{ "type": "Feature", "properties": { "name": "Muthkuru", "highway": "bus_stop", "railway": null, "public_transport": "platform" }, "geometry": { "type": "Point", "coordinates": [ 77.5084305, 13.1557209 ] } },
{ "type": "Feature", "properties": { "name": "Seetha Kempanahalli Cross", "highway": "bus_stop", "railway": null, "public_transport": null }, "geometry": { "type": "Point", "coordinates": [ 77.5216448, 13.1709308 ] } },
{ "type": "Feature", "properties": { "name": "Seethakempanahalli Gate", "highway": "bus_stop", "railway": null, "public_transport": "platform" }, "geometry": { "type": "Point", "coordinates": [ 77.525477, 13.1735702 ] } },
{ "type": "Feature", "properties": { "name": "Cable Factory Ittagalapura", "highway": "bus_stop", "railway": null, "public_transport": "platform" }, "geometry": { "type": "Point", "coordinates": [ 77.5403676, 13.1740381 ] } },
{ "type": "Feature", "properties": { "name": "Rajanukunte", "highway": "bus_stop", "railway": null, "public_transport": "platform" }, "geometry": { "type": "Point", "coordinates": [ 77.5642789, 13.1728522 ] } },
{ "type": "Feature", "properties": { "name": "Rajiv Gandhi Nagara", "highway": "bus_stop", "railway": null, "public_transport": null }, "geometry": { "type": "Point", "coordinates": [ 77.5178149, 13.0128664 ] } },
{ "type": "Feature", "properties": { "name": "Sonnenahalli", "highway": "bus_stop", "railway": null, "public_transport": "platform" }, "geometry": { "type": "Point", "coordinates": [ 77.5001654, 13.197828 ] } },
{ "type": "Feature", "properties": { "name": "Gangenahalli", "highway": "bus_stop", "railway": null, "public_transport": "platform" }, "geometry": { "type": "Point", "coordinates": [ 77.5839061, 13.0233794 ] } },
{ "type": "Feature", "properties": { "name": "Annapurna Nagara", "highway": "bus_stop", "railway": null, "public_transport": null }, "geometry": { "type": "Point", "coordinates": [ 77.5173591, 13.0000654 ] } },
{ "type": "Feature", "properties": { "name": "Indo Danish Farm", "highway": "bus_stop", "railway": null, "public_transport": null }, "geometry": { "type": "Point", "coordinates": [ 77.4809922, 13.1625348 ] } },
{ "type": "Feature", "properties": { "name": "Central Seed Production Farm", "highway": "bus_stop", "railway": null, "public_transport": null }, "geometry": { "type": "Point", "coordinates": [ 77.4896005, 13.1785956 ] } },
{ "type": "Feature", "properties": { "name": "Thore Nagasandra", "highway": "bus_stop", "railway": null, "public_transport": null }, "geometry": { "type": "Point", "coordinates": [ 77.4745876, 13.1147717 ] } },
{ "type": "Feature", "properties": { "name": "Bili Jaji", "highway": "bus_stop", "railway": null, "public_transport": null }, "geometry": { "type": "Point", "coordinates": [ 77.4757041, 13.1258356 ] } },
{ "type": "Feature", "properties": { "name": "Bandaiahana Palya", "highway": "bus_stop", "railway": null, "public_transport": "platform" }, "geometry": { "type": "Point", "coordinates": [ 77.452873, 13.1764861 ] } },
{ "type": "Feature", "properties": { "name": "Shastri Palya", "highway": "bus_stop", "railway": null, "public_transport": "platform" }, "geometry": { "type": "Point", "coordinates": [ 77.4359968, 13.1717023 ] } },
{ "type": "Feature", "properties": { "name": "Kallodu", "highway": "bus_stop", "railway": null, "public_transport": "platform" }, "geometry": { "type": "Point", "coordinates": [ 77.4344939, 13.1779435 ] } },
{ "type": "Feature", "properties": { "name": "Doddakukkanahalli Cross", "highway": "bus_stop", "railway": null, "public_transport": null }, "geometry": { "type": "Point", "coordinates": [ 77.4411673, 13.1755668 ] } },
{ "type": "Feature", "properties": { "name": "Hosahalli Palya", "highway": "bus_stop", "railway": null, "public_transport": null }, "geometry": { "type": "Point", "coordinates": [ 77.46234, 13.129919 ] } },
{ "type": "Feature", "properties": { "name": "Birrayanapalya Mori", "highway": "bus_stop", "railway": null, "public_transport": "platform" }, "geometry": { "type": "Point", "coordinates": [ 77.4516328, 13.1696762 ] } },
{ "type": "Feature", "properties": { "name": "Thammarasanahalli", "highway": "bus_stop", "railway": null, "public_transport": null }, "geometry": { "type": "Point", "coordinates": [ 77.4973356, 13.1259799 ] } },
{ "type": "Feature", "properties": { "name": "Shabari Nagara", "highway": "bus_stop", "railway": null, "public_transport": "platform" }, "geometry": { "type": "Point", "coordinates": [ 77.4919747, 13.1093076 ] } },
{ "type": "Feature", "properties": { "name": "Shiluvepura", "highway": "bus_stop", "railway": null, "public_transport": null }, "geometry": { "type": "Point", "coordinates": [ 77.5011419, 13.1142743 ] } },
{ "type": "Feature", "properties": { "name": "Raghavendra Dhama", "highway": "bus_stop", "railway": null, "public_transport": null }, "geometry": { "type": "Point", "coordinates": [ 77.5149723, 13.1147116 ] } },
{ "type": "Feature", "properties": { "name": "Dodda Byalakere", "highway": "bus_stop", "railway": null, "public_transport": "platform" }, "geometry": { "type": "Point", "coordinates": [ 77.5251056, 13.1127922 ] } },
{ "type": "Feature", "properties": { "name": "Mavallipura", "highway": "bus_stop", "railway": null, "public_transport": "platform" }, "geometry": { "type": "Point", "coordinates": [ 77.5290563, 13.1276253 ] } },
{ "type": "Feature", "properties": { "name": "Kumbarahalli", "highway": "bus_stop", "railway": null, "public_transport": null }, "geometry": { "type": "Point", "coordinates": [ 77.4915779, 13.1026851 ] } },
{ "type": "Feature", "properties": { "name": "Kempapura", "highway": "bus_stop", "railway": null, "public_transport": null }, "geometry": { "type": "Point", "coordinates": [ 77.4996401, 13.0954722 ] } },
{ "type": "Feature", "properties": { "name": "Matthahalli", "highway": "bus_stop", "railway": null, "public_transport": "platform" }, "geometry": { "type": "Point", "coordinates": [ 77.4571906, 13.1081864 ] } },
{ "type": "Feature", "properties": { "name": "Pillahalli Cross", "highway": "bus_stop", "railway": null, "public_transport": "platform" }, "geometry": { "type": "Point", "coordinates": [ 77.438243, 13.1114723 ] } },
{ "type": "Feature", "properties": { "name": "Huskur Cross", "highway": "bus_stop", "railway": null, "public_transport": "platform" }, "geometry": { "type": "Point", "coordinates": [ 77.4231509, 13.1204919 ] } },
{ "type": "Feature", "properties": { "name": "Vaderahalli", "highway": "bus_stop", "railway": null, "public_transport": null }, "geometry": { "type": "Point", "coordinates": [ 77.4521473, 13.0992483 ] } },
{ "type": "Feature", "properties": { "name": "Nagaroor", "highway": "bus_stop", "railway": null, "public_transport": "platform" }, "geometry": { "type": "Point", "coordinates": [ 77.434661, 13.0911094 ] } },
{ "type": "Feature", "properties": { "name": "Narasipura", "highway": "bus_stop", "railway": null, "public_transport": "platform" }, "geometry": { "type": "Point", "coordinates": [ 77.4635531, 13.110033 ] } },
{ "type": "Feature", "properties": { "name": "Bommshetty Halli Gate", "highway": "bus_stop", "railway": null, "public_transport": "platform" }, "geometry": { "type": "Point", "coordinates": [ 77.4169073, 13.1255978 ] } },
{ "type": "Feature", "properties": { "name": "Hyadalu", "highway": "bus_stop", "railway": null, "public_transport": "platform" }, "geometry": { "type": "Point", "coordinates": [ 77.4102876, 13.14026 ] } },
{ "type": "Feature", "properties": { "name": "Arch Railway Gollahalli", "highway": "bus_stop", "railway": null, "public_transport": "platform" }, "geometry": { "type": "Point", "coordinates": [ 77.4117771, 13.1485825 ] } },
{ "type": "Feature", "properties": { "name": "Betthanagere", "highway": "bus_stop", "railway": null, "public_transport": "platform" }, "geometry": { "type": "Point", "coordinates": [ 77.4109772, 13.114626 ] } },
{ "type": "Feature", "properties": { "name": "Govinda Pura", "highway": "bus_stop", "railway": null, "public_transport": null }, "geometry": { "type": "Point", "coordinates": [ 77.4606517, 13.1179174 ] } },
{ "type": "Feature", "properties": { "name": "Honnasandra", "highway": "bus_stop", "railway": null, "public_transport": null }, "geometry": { "type": "Point", "coordinates": [ 77.447162, 13.1169765 ] } },
{ "type": "Feature", "properties": { "name": "Bhakthana Palya", "highway": "bus_stop", "railway": null, "public_transport": "platform" }, "geometry": { "type": "Point", "coordinates": [ 77.4106477, 13.1003819 ] } },
{ "type": "Feature", "properties": { "name": "Aluru", "highway": "bus_stop", "railway": null, "public_transport": "platform" }, "geometry": { "type": "Point", "coordinates": [ 77.4656131, 13.0854158 ] } },
{ "type": "Feature", "properties": { "name": "Aluru Palya", "highway": "bus_stop", "railway": null, "public_transport": "platform" }, "geometry": { "type": "Point", "coordinates": [ 77.4706801, 13.0972385 ] } },
{ "type": "Feature", "properties": { "name": "Gejjagadahalli Cross", "highway": "bus_stop", "railway": null, "public_transport": "platform" }, "geometry": { "type": "Point", "coordinates": [ 77.4228309, 13.0714274 ] } },
{ "type": "Feature", "properties": { "name": "Adarshanagara", "highway": "bus_stop", "railway": null, "public_transport": "platform" }, "geometry": { "type": "Point", "coordinates": [ 77.4238654, 13.0764997 ] } },
{ "type": "Feature", "properties": { "name": "Vinayaka Nagara", "highway": "bus_stop", "railway": null, "public_transport": "platform" }, "geometry": { "type": "Point", "coordinates": [ 77.4208264, 13.067515 ] } },
{ "type": "Feature", "properties": { "name": "Thimmabhovi Palya", "highway": "bus_stop", "railway": null, "public_transport": "platform" }, "geometry": { "type": "Point", "coordinates": [ 77.4193132, 13.0596837 ] } },
{ "type": "Feature", "properties": { "name": "Shivanapura", "highway": "bus_stop", "railway": null, "public_transport": "platform" }, "geometry": { "type": "Point", "coordinates": [ 77.4214289, 13.0493086 ] } },
{ "type": "Feature", "properties": { "name": "Gejjagadahalli", "highway": "bus_stop", "railway": null, "public_transport": "platform" }, "geometry": { "type": "Point", "coordinates": [ 77.4280874, 13.0609325 ] } },
{ "type": "Feature", "properties": { "name": "Gejjagadahalli Colony", "highway": "bus_stop", "railway": null, "public_transport": "platform" }, "geometry": { "type": "Point", "coordinates": [ 77.430505, 13.0654002 ] } },
{ "type": "Feature", "properties": { "name": "Muniswamappa Layout", "highway": "bus_stop", "railway": null, "public_transport": null }, "geometry": { "type": "Point", "coordinates": [ 77.4906379, 13.0441349 ] } },
{ "type": "Feature", "properties": { "name": "Anjaneya Temple", "highway": "bus_stop", "railway": null, "public_transport": null }, "geometry": { "type": "Point", "coordinates": [ 77.4844357, 13.0357452 ] } },
{ "type": "Feature", "properties": { "name": "Shivanapura gate", "highway": "bus_stop", "railway": null, "public_transport": "platform" }, "geometry": { "type": "Point", "coordinates": [ 77.42896, 13.0432754 ] } },
{ "type": "Feature", "properties": { "name": "Cement Factory Nelamangala", "highway": "bus_stop", "railway": null, "public_transport": "platform" }, "geometry": { "type": "Point", "coordinates": [ 77.3762876, 13.0897105 ] } },
{ "type": "Feature", "properties": { "name": "Mallara Banavadi Cross", "highway": "bus_stop", "railway": null, "public_transport": "platform" }, "geometry": { "type": "Point", "coordinates": [ 77.3716757, 13.0827441 ] } },
{ "type": "Feature", "properties": { "name": "Srinivasapura", "highway": "bus_stop", "railway": null, "public_transport": null }, "geometry": { "type": "Point", "coordinates": [ 77.3648751, 13.0749527 ] } },
{ "type": "Feature", "properties": { "name": "Karekallu Cross", "highway": "bus_stop", "railway": null, "public_transport": "platform" }, "geometry": { "type": "Point", "coordinates": [ 77.3626987, 13.0704303 ] } },
{ "type": "Feature", "properties": { "name": "Hegde Devanapura", "highway": "bus_stop", "railway": null, "public_transport": "platform" }, "geometry": { "type": "Point", "coordinates": [ 77.4585122, 13.0764541 ] } },
{ "type": "Feature", "properties": { "name": "Harokyatanahalli", "highway": "bus_stop", "railway": null, "public_transport": "platform" }, "geometry": { "type": "Point", "coordinates": [ 77.4454029, 13.0499185 ] } },
{ "type": "Feature", "properties": { "name": "Shivajyothi Nagara", "highway": "bus_stop", "railway": null, "public_transport": "platform" }, "geometry": { "type": "Point", "coordinates": [ 77.4487864, 13.0594664 ] } },
{ "type": "Feature", "properties": { "name": "Adakimaranahalli", "highway": "bus_stop", "railway": null, "public_transport": "platform" }, "geometry": { "type": "Point", "coordinates": [ 77.4434208, 13.0648967 ] } },
{ "type": "Feature", "properties": { "name": "Nelamangala Bypass", "highway": "bus_stop", "railway": null, "public_transport": "platform" }, "geometry": { "type": "Point", "coordinates": [ 77.386495, 13.0982387 ] } },
{ "type": "Feature", "properties": { "name": "Bommanahalli", "highway": "bus_stop", "railway": null, "public_transport": "platform" }, "geometry": { "type": "Point", "coordinates": [ 77.3682779, 13.1212325 ] } },
{ "type": "Feature", "properties": { "name": "Papabhovipalya Cross", "highway": "bus_stop", "railway": null, "public_transport": null }, "geometry": { "type": "Point", "coordinates": [ 77.3674201, 13.1283675 ] } },
{ "type": "Feature", "properties": { "name": "Veerananjipura", "highway": "bus_stop", "railway": null, "public_transport": null }, "geometry": { "type": "Point", "coordinates": [ 77.3683888, 13.1307116 ] } },
{ "type": "Feature", "properties": { "name": "Dinnepalya", "highway": "bus_stop", "railway": null, "public_transport": null }, "geometry": { "type": "Point", "coordinates": [ 77.3733508, 13.1337547 ] } },
{ "type": "Feature", "properties": { "name": "Papabhovipalya", "highway": "bus_stop", "railway": null, "public_transport": null }, "geometry": { "type": "Point", "coordinates": [ 77.3779132, 13.137213 ] } },
{ "type": "Feature", "properties": { "name": "Narayana Rao Palya", "highway": "bus_stop", "railway": null, "public_transport": null }, "geometry": { "type": "Point", "coordinates": [ 77.3812123, 13.141562 ] } },
{ "type": "Feature", "properties": { "name": "Machanayakanahalli", "highway": "bus_stop", "railway": null, "public_transport": null }, "geometry": { "type": "Point", "coordinates": [ 77.3804801, 13.1450568 ] } },
{ "type": "Feature", "properties": { "name": "Pillahalli colony", "highway": "bus_stop", "railway": null, "public_transport": "platform" }, "geometry": { "type": "Point", "coordinates": [ 77.4344668, 13.1045677 ] } },
{ "type": "Feature", "properties": { "name": "Vajarahalli", "highway": "bus_stop", "railway": null, "public_transport": "platform" }, "geometry": { "type": "Point", "coordinates": [ 77.4057263, 13.1011285 ] } },
{ "type": "Feature", "properties": { "name": "Basavanahalli", "highway": "bus_stop", "railway": null, "public_transport": "platform" }, "geometry": { "type": "Point", "coordinates": [ 77.3881252, 13.1106017 ] } },
{ "type": "Feature", "properties": { "name": "Mylanahalli", "highway": "bus_stop", "railway": null, "public_transport": null }, "geometry": { "type": "Point", "coordinates": [ 77.3990142, 13.1338905 ] } },
{ "type": "Feature", "properties": { "name": "Shivanapura Cross", "highway": "bus_stop", "railway": null, "public_transport": "platform" }, "geometry": { "type": "Point", "coordinates": [ 77.4222746, 13.0414303 ] } },
{ "type": "Feature", "properties": { "name": "Guruvanahalli", "highway": "bus_stop", "railway": null, "public_transport": null }, "geometry": { "type": "Point", "coordinates": [ 77.3618386, 13.0503209 ] } },
{ "type": "Feature", "properties": { "name": "Bommashetta Halli", "highway": "bus_stop", "railway": null, "public_transport": null }, "geometry": { "type": "Point", "coordinates": [ 77.4190932, 13.1308842 ] } },
{ "type": "Feature", "properties": { "name": "Budihal Gate", "highway": "bus_stop", "railway": null, "public_transport": "platform" }, "geometry": { "type": "Point", "coordinates": [ 77.3590523, 13.1312337 ] } },
{ "type": "Feature", "properties": { "name": "Budihal Gate", "highway": "bus_stop", "railway": null, "public_transport": "platform" }, "geometry": { "type": "Point", "coordinates": [ 77.3585932, 13.1312241 ] } },
{ "type": "Feature", "properties": { "name": "Islampura", "highway": "bus_stop", "railway": null, "public_transport": "platform" }, "geometry": { "type": "Point", "coordinates": [ 77.3850934, 13.1222747 ] } },
{ "type": "Feature", "properties": { "name": "Kanegowdanahalli", "highway": "bus_stop", "railway": null, "public_transport": "platform" }, "geometry": { "type": "Point", "coordinates": [ 77.3845994, 13.1295814 ] } },
{ "type": "Feature", "properties": { "name": "Kannamangala Gate", "highway": "bus_stop", "railway": null, "public_transport": "platform" }, "geometry": { "type": "Point", "coordinates": [ 77.4194507, 13.1903251 ] } },
{ "type": "Feature", "properties": { "name": "Ramadevanahalli", "highway": "bus_stop", "railway": null, "public_transport": "platform" }, "geometry": { "type": "Point", "coordinates": [ 77.4326705, 13.1898368 ] } },
{ "type": "Feature", "properties": { "name": "Vajrakatte Palya", "highway": "bus_stop", "railway": null, "public_transport": "platform" }, "geometry": { "type": "Point", "coordinates": [ 77.3813493, 13.1578657 ] } },
{ "type": "Feature", "properties": { "name": "Betta Halli Palya", "highway": "bus_stop", "railway": null, "public_transport": "platform" }, "geometry": { "type": "Point", "coordinates": [ 77.3947193, 13.1652744 ] } },
{ "type": "Feature", "properties": { "name": "Byranayakana Halli Railway Bridge", "highway": "bus_stop", "railway": null, "public_transport": "platform" }, "geometry": { "type": "Point", "coordinates": [ 77.3798283, 13.1974852 ] } },
{ "type": "Feature", "properties": { "name": "Byranayakana Palya", "highway": "bus_stop", "railway": null, "public_transport": "platform" }, "geometry": { "type": "Point", "coordinates": [ 77.3757113, 13.1987261 ] } },
{ "type": "Feature", "properties": { "name": "Byranayakana Halli", "highway": "bus_stop", "railway": null, "public_transport": "platform" }, "geometry": { "type": "Point", "coordinates": [ 77.3658247, 13.1917955 ] } },
{ "type": "Feature", "properties": { "name": "Hisuvanahalli", "highway": "bus_stop", "railway": null, "public_transport": "platform" }, "geometry": { "type": "Point", "coordinates": [ 77.3572942, 13.1929738 ] } },
{ "type": "Feature", "properties": { "name": "Chenuvalli", "highway": "bus_stop", "railway": null, "public_transport": "platform" }, "geometry": { "type": "Point", "coordinates": [ 77.3510779, 13.194903 ] } },
{ "type": "Feature", "properties": { "name": "Kannamangala", "highway": "bus_stop", "railway": null, "public_transport": "platform" }, "geometry": { "type": "Point", "coordinates": [ 77.4104349, 13.1967101 ] } },
{ "type": "Feature", "properties": { "name": "Arjuna Bettahalli", "highway": "bus_stop", "railway": null, "public_transport": "platform" }, "geometry": { "type": "Point", "coordinates": [ 77.4190011, 13.1597644 ] } },
{ "type": "Feature", "properties": { "name": "Uddichikkanahalli", "highway": "bus_stop", "railway": null, "public_transport": "platform" }, "geometry": { "type": "Point", "coordinates": [ 77.3997762, 13.1774589 ] } },
{ "type": "Feature", "properties": { "name": "Bairegowdana Halli", "highway": "bus_stop", "railway": null, "public_transport": null }, "geometry": { "type": "Point", "coordinates": [ 77.3884437, 13.0602161 ] } },
{ "type": "Feature", "properties": { "name": "Kodappanahalli", "highway": "bus_stop", "railway": null, "public_transport": null }, "geometry": { "type": "Point", "coordinates": [ 77.3814888, 13.0638492 ] } },
{ "type": "Feature", "properties": { "name": "Kakke Palya", "highway": "bus_stop", "railway": null, "public_transport": null }, "geometry": { "type": "Point", "coordinates": [ 77.3799907, 13.0609924 ] } },
{ "type": "Feature", "properties": { "name": "Kulume Kempanahalli", "highway": "bus_stop", "railway": null, "public_transport": null }, "geometry": { "type": "Point", "coordinates": [ 77.3726187, 13.0479106 ] } },
{ "type": "Feature", "properties": { "name": "Gorenabele Colony", "highway": "bus_stop", "railway": null, "public_transport": null }, "geometry": { "type": "Point", "coordinates": [ 77.3680133, 13.0426952 ] } },
{ "type": "Feature", "properties": { "name": "Gorinabele", "highway": "bus_stop", "railway": null, "public_transport": null }, "geometry": { "type": "Point", "coordinates": [ 77.3646069, 13.0419793 ] } },
{ "type": "Feature", "properties": { "name": "Goravanahalli Cross", "highway": "bus_stop", "railway": null, "public_transport": "platform" }, "geometry": { "type": "Point", "coordinates": [ 77.3580121, 13.0563544 ] } },
{ "type": "Feature", "properties": { "name": "Chikkalonad", "highway": "bus_stop", "railway": null, "public_transport": "platform" }, "geometry": { "type": "Point", "coordinates": [ 77.3500827, 13.0378297 ] } },
{ "type": "Feature", "properties": { "name": "Gorinabelle", "highway": "bus_stop", "railway": null, "public_transport": "platform" }, "geometry": { "type": "Point", "coordinates": [ 77.3527419, 13.0443432 ] } },
{ "type": "Feature", "properties": { "name": "Sondekoppa Cross", "highway": "bus_stop", "railway": null, "public_transport": null }, "geometry": { "type": "Point", "coordinates": [ 77.350818, 13.0193856 ] } },
{ "type": "Feature", "properties": { "name": "Yelachagere Cross", "highway": "bus_stop", "railway": null, "public_transport": "platform" }, "geometry": { "type": "Point", "coordinates": [ 77.3593689, 13.0926506 ] } },
{ "type": "Feature", "properties": { "name": "Mallara Banavadi", "highway": "bus_stop", "railway": null, "public_transport": null }, "geometry": { "type": "Point", "coordinates": [ 77.3802555, 13.0745297 ] } },
{ "type": "Feature", "properties": { "name": "Hanchipura", "highway": "bus_stop", "railway": null, "public_transport": null }, "geometry": { "type": "Point", "coordinates": [ 77.3721963, 13.0668721 ] } },
{ "type": "Feature", "properties": { "name": "Muthyalaya Nagar Cross", "highway": "bus_stop", "railway": null, "public_transport": null }, "geometry": { "type": "Point", "coordinates": [ 77.5534819, 13.0383666 ] } },
{ "type": "Feature", "properties": { "name": "Muthyalaya Nagar", "highway": "bus_stop", "railway": null, "public_transport": null }, "geometry": { "type": "Point", "coordinates": [ 77.5489424, 13.0413234 ] } },
{ "type": "Feature", "properties": { "name": "Rockline Studio", "highway": "bus_stop", "railway": null, "public_transport": null }, "geometry": { "type": "Point", "coordinates": [ 77.4960981, 13.0406363 ] } },
{ "type": "Feature", "properties": { "name": "Venugopala Nagara", "highway": "bus_stop", "railway": null, "public_transport": null }, "geometry": { "type": "Point", "coordinates": [ 77.4940725, 13.0396553 ] } },
{ "type": "Feature", "properties": { "name": "Sri Shaneshwara Swamy Temple", "highway": "bus_stop", "railway": null, "public_transport": null }, "geometry": { "type": "Point", "coordinates": [ 77.4938686, 13.0379874 ] } },
{ "type": "Feature", "properties": { "name": "Doddabidarakallu", "highway": "bus_stop", "railway": null, "public_transport": "platform" }, "geometry": { "type": "Point", "coordinates": [ 77.4937472, 13.0358455 ] } },
{ "type": "Feature", "properties": { "name": "Old Police Station Rajajinagara", "highway": "bus_stop", "railway": null, "public_transport": "platform" }, "geometry": { "type": "Point", "coordinates": [ 77.5551054, 12.9899699 ] } },
{ "type": "Feature", "properties": { "name": "Ganesh Circle Vaddarahalli", "highway": "bus_stop", "railway": null, "public_transport": "platform" }, "geometry": { "type": "Point", "coordinates": [ 77.4550167, 13.0257039 ] } },
{ "type": "Feature", "properties": { "name": "Maranna Layout", "highway": "bus_stop", "railway": null, "public_transport": null }, "geometry": { "type": "Point", "coordinates": [ 77.4884874, 13.0368521 ] } },
{ "type": "Feature", "properties": { "name": "Indiranagara", "highway": "bus_stop", "railway": null, "public_transport": null }, "geometry": { "type": "Point", "coordinates": [ 77.4894359, 13.0283303 ] } },
{ "type": "Feature", "properties": { "name": "Channa Nayakanapalya", "highway": "bus_stop", "railway": null, "public_transport": null }, "geometry": { "type": "Point", "coordinates": [ 77.4850998, 13.0438902 ] } },
{ "type": "Feature", "properties": { "name": "Sapthagiri Layout", "highway": "bus_stop", "railway": null, "public_transport": null }, "geometry": { "type": "Point", "coordinates": [ 77.497501, 13.0360433 ] } },
{ "type": "Feature", "properties": { "name": "Gokula", "highway": "bus_stop", "railway": null, "public_transport": "platform" }, "geometry": { "type": "Point", "coordinates": [ 77.5572903, 13.0413848 ] } },
{ "type": "Feature", "properties": { "name": "MS Ramaiah College", "highway": "bus_stop", "railway": null, "public_transport": "platform" }, "geometry": { "type": "Point", "coordinates": [ 77.5615789, 13.0288705 ] } },
{ "type": "Feature", "properties": { "name": "Yeshwanthpura Tollgate", "highway": "bus_stop", "railway": null, "public_transport": "platform" }, "geometry": { "type": "Point", "coordinates": [ 77.5613281, 13.0185104 ] } },
{ "type": "Feature", "properties": { "name": "GCL Factory", "highway": "bus_stop", "railway": null, "public_transport": null }, "geometry": { "type": "Point", "coordinates": [ 77.5036103, 13.0129632 ] } },
{ "type": "Feature", "properties": { "name": "Manjushree Garments", "highway": "bus_stop", "railway": null, "public_transport": "platform" }, "geometry": { "type": "Point", "coordinates": [ 77.5004995, 13.0144888 ] } },
{ "type": "Feature", "properties": { "name": "Shiva Bar", "highway": "bus_stop", "railway": null, "public_transport": null }, "geometry": { "type": "Point", "coordinates": [ 77.4892996, 13.0137269 ] } },
{ "type": "Feature", "properties": { "name": "Vigneshwara Nagara", "highway": "bus_stop", "railway": null, "public_transport": "platform" }, "geometry": { "type": "Point", "coordinates": [ 77.4995913, 12.993314 ] } },
{ "type": "Feature", "properties": { "name": "BEL Market", "highway": "bus_stop", "railway": null, "public_transport": "platform" }, "geometry": { "type": "Point", "coordinates": [ 77.552177, 13.0516932 ] } },
{ "type": "Feature", "properties": { "name": "HMT House", "highway": "bus_stop", "railway": null, "public_transport": "platform" }, "geometry": { "type": "Point", "coordinates": [ 77.5492754, 13.0546293 ] } },
{ "type": "Feature", "properties": { "name": "Gangamma Circle", "highway": "bus_stop", "railway": null, "public_transport": "platform" }, "geometry": { "type": "Point", "coordinates": [ 77.5462216, 13.0578317 ] } },
{ "type": "Feature", "properties": { "name": "MS Palya", "highway": "bus_stop", "railway": null, "public_transport": null }, "geometry": { "type": "Point", "coordinates": [ 77.5482326, 13.0816572 ] } },
{ "type": "Feature", "properties": { "name": "MS Palya", "highway": "bus_stop", "railway": null, "public_transport": null }, "geometry": { "type": "Point", "coordinates": [ 77.5483978, 13.0815439 ] } },
{ "type": "Feature", "properties": { "name": "Sambhram College", "highway": "bus_stop", "railway": null, "public_transport": "platform" }, "geometry": { "type": "Point", "coordinates": [ 77.5464663, 13.0883716 ] } },
{ "type": "Feature", "properties": { "name": "Nethravathi", "highway": "bus_stop", "railway": null, "public_transport": null }, "geometry": { "type": "Point", "coordinates": [ 77.5424946, 13.0898321 ] } },
{ "type": "Feature", "properties": { "name": "Lakshmipura Cross", "highway": "bus_stop", "railway": null, "public_transport": null }, "geometry": { "type": "Point", "coordinates": [ 77.533964, 13.0921813 ] } },
{ "type": "Feature", "properties": { "name": "Meda Agrahara Cross", "highway": "bus_stop", "railway": null, "public_transport": null }, "geometry": { "type": "Point", "coordinates": [ 77.5305966, 13.1013948 ] } },
{ "type": "Feature", "properties": { "name": "Chikka Byalakere", "highway": "bus_stop", "railway": null, "public_transport": null }, "geometry": { "type": "Point", "coordinates": [ 77.5215523, 13.1196231 ] } },
{ "type": "Feature", "properties": { "name": "Kurubarahalli Cross", "highway": "bus_stop", "railway": null, "public_transport": null }, "geometry": { "type": "Point", "coordinates": [ 77.5196707, 13.1265226 ] } },
{ "type": "Feature", "properties": { "name": "Kalenahalli", "highway": "bus_stop", "railway": null, "public_transport": null }, "geometry": { "type": "Point", "coordinates": [ 77.5117797, 13.1471635 ] } },
{ "type": "Feature", "properties": { "name": "Mylappanahalli", "highway": "bus_stop", "railway": null, "public_transport": "stop_position" }, "geometry": { "type": "Point", "coordinates": [ 77.5353369, 13.137133 ] } },
{ "type": "Feature", "properties": { "name": "Gangamma Circle", "highway": "bus_stop", "railway": null, "public_transport": "platform" }, "geometry": { "type": "Point", "coordinates": [ 77.5463003, 13.0563674 ] } },
{ "type": "Feature", "properties": { "name": "KG Halli Bridge", "highway": "bus_stop", "railway": null, "public_transport": "platform" }, "geometry": { "type": "Point", "coordinates": [ 77.5345227, 13.054916 ] } },
{ "type": "Feature", "properties": { "name": "KG Halli Post Office", "highway": "bus_stop", "railway": null, "public_transport": null }, "geometry": { "type": "Point", "coordinates": [ 77.5327052, 13.0568608 ] } },
{ "type": "Feature", "properties": { "name": "SRS Mathikere", "highway": "bus_stop", "railway": null, "public_transport": null }, "geometry": { "type": "Point", "coordinates": [ 77.5311682, 13.0611724 ] } },
{ "type": "Feature", "properties": { "name": "Rama Temple", "highway": "bus_stop", "railway": null, "public_transport": null }, "geometry": { "type": "Point", "coordinates": [ 77.5306365, 13.0637498 ] } },
{ "type": "Feature", "properties": { "name": "Abbigere Dinne", "highway": "bus_stop", "railway": null, "public_transport": "platform" }, "geometry": { "type": "Point", "coordinates": [ 77.5280137, 13.0710107 ] } },
{ "type": "Feature", "properties": { "name": "Abbigere Gate", "highway": "bus_stop", "railway": null, "public_transport": "platform" }, "geometry": { "type": "Point", "coordinates": [ 77.5235219, 13.0724477 ] } },
{ "type": "Feature", "properties": { "name": "RMG", "highway": "bus_stop", "railway": null, "public_transport": null }, "geometry": { "type": "Point", "coordinates": [ 77.5171325, 13.0759197 ] } },
{ "type": "Feature", "properties": { "name": "Kere Guddadahalli", "highway": "bus_stop", "railway": null, "public_transport": null }, "geometry": { "type": "Point", "coordinates": [ 77.5155027, 13.0794507 ] } },
{ "type": "Feature", "properties": { "name": "Gangadhara Kalyana Mantapa", "highway": "bus_stop", "railway": null, "public_transport": null }, "geometry": { "type": "Point", "coordinates": [ 77.5124437, 13.0798991 ] } },
{ "type": "Feature", "properties": { "name": "Dasappana Palya", "highway": "bus_stop", "railway": null, "public_transport": null }, "geometry": { "type": "Point", "coordinates": [ 77.5059746, 13.0793144 ] } },
{ "type": "Feature", "properties": { "name": "Layout Guniagrahara", "highway": "bus_stop", "railway": null, "public_transport": null }, "geometry": { "type": "Point", "coordinates": [ 77.5279929, 13.0935051 ] } },
{ "type": "Feature", "properties": { "name": "Vinayaka Nagara", "highway": "bus_stop", "railway": null, "public_transport": null }, "geometry": { "type": "Point", "coordinates": [ 77.5447231, 13.082878 ] } },
{ "type": "Feature", "properties": { "name": "Singapura", "highway": "bus_stop", "railway": null, "public_transport": "platform" }, "geometry": { "type": "Point", "coordinates": [ 77.5384544, 13.0797045 ] } },
{ "type": "Feature", "properties": { "name": "Kuvempu Nagara 2nd Stage", "highway": "bus_stop", "railway": null, "public_transport": null }, "geometry": { "type": "Point", "coordinates": [ 77.5414076, 13.0730693 ] } },
{ "type": "Feature", "properties": { "name": "Kuvempu Nagara 1st Stage", "highway": "bus_stop", "railway": null, "public_transport": null }, "geometry": { "type": "Point", "coordinates": [ 77.5414283, 13.0692401 ] } },
{ "type": "Feature", "properties": { "name": "Dibburu", "highway": "bus_stop", "railway": null, "public_transport": null }, "geometry": { "type": "Point", "coordinates": [ 77.5286513, 13.1668209 ] } },
{ "type": "Feature", "properties": { "name": "Shanabhoganahalli Dibbur", "highway": "bus_stop", "railway": null, "public_transport": "platform" }, "geometry": { "type": "Point", "coordinates": [ 77.5313953, 13.1794035 ] } },
{ "type": "Feature", "properties": { "name": "Madappanahalli Cross", "highway": "bus_stop", "railway": null, "public_transport": "platform" }, "geometry": { "type": "Point", "coordinates": [ 77.5518855, 13.1485589 ] } },
{ "type": "Feature", "properties": { "name": "Madappanahalli", "highway": "bus_stop", "railway": null, "public_transport": "platform" }, "geometry": { "type": "Point", "coordinates": [ 77.5401493, 13.1541086 ] } },
{ "type": "Feature", "properties": { "name": "Kempegowda Arch", "highway": "bus_stop", "railway": null, "public_transport": "stop_position" }, "geometry": { "type": "Point", "coordinates": [ 77.5257484, 13.0025448 ] } },
{ "type": "Feature", "properties": { "name": "Laggere", "highway": "bus_stop", "railway": null, "public_transport": null }, "geometry": { "type": "Point", "coordinates": [ 77.522013, 13.0110786 ] } },
{ "type": "Feature", "properties": { "name": "LB Samudaya Bhavana", "highway": "bus_stop", "railway": null, "public_transport": "platform" }, "geometry": { "type": "Point", "coordinates": [ 77.5233832, 12.9977242 ] } },
{ "type": "Feature", "properties": { "name": "LB Samudaya Bhavana", "highway": "bus_stop", "railway": null, "public_transport": "platform" }, "geometry": { "type": "Point", "coordinates": [ 77.5234883, 12.9972017 ] } },
{ "type": "Feature", "properties": { "name": "Jelly Machine Yalahanka", "highway": "bus_stop", "railway": null, "public_transport": "platform" }, "geometry": { "type": "Point", "coordinates": [ 77.5557916, 13.0858951 ] } },
{ "type": "Feature", "properties": { "name": "Betta Halli Layout", "highway": "bus_stop", "railway": null, "public_transport": "platform" }, "geometry": { "type": "Point", "coordinates": [ 77.5595763, 13.0925076 ] } },
{ "type": "Feature", "properties": { "name": "Chikkabettahalli", "highway": "bus_stop", "railway": null, "public_transport": "platform" }, "geometry": { "type": "Point", "coordinates": [ 77.556171, 13.0894554 ] } },
{ "type": "Feature", "properties": { "name": "Chikkabettahalli", "highway": "bus_stop", "railway": null, "public_transport": "platform" }, "geometry": { "type": "Point", "coordinates": [ 77.5563736, 13.0895199 ] } },
{ "type": "Feature", "properties": { "name": "Thirumala Daba", "highway": "bus_stop", "railway": null, "public_transport": "platform" }, "geometry": { "type": "Point", "coordinates": [ 77.5630915, 13.0976356 ] } },
{ "type": "Feature", "properties": { "name": "Thirumala Daba", "highway": "bus_stop", "railway": null, "public_transport": "platform" }, "geometry": { "type": "Point", "coordinates": [ 77.563123, 13.0978139 ] } },
{ "type": "Feature", "properties": { "name": "Atturu Layout Yelahanka Road", "highway": "bus_stop", "railway": null, "public_transport": "platform" }, "geometry": { "type": "Point", "coordinates": [ 77.5677646, 13.0977865 ] } },
{ "type": "Feature", "properties": { "name": "Atturu Layout Yelahanka Road", "highway": "bus_stop", "railway": null, "public_transport": "stop_position" }, "geometry": { "type": "Point", "coordinates": [ 77.5677182, 13.0979322 ] } },
{ "type": "Feature", "properties": { "name": "Dairy Circle", "highway": "bus_stop", "railway": null, "public_transport": "platform" }, "geometry": { "type": "Point", "coordinates": [ 77.576873, 13.0995253 ] } },
{ "type": "Feature", "properties": { "name": "Dairy Circle", "highway": "bus_stop", "railway": null, "public_transport": "platform" }, "geometry": { "type": "Point", "coordinates": [ 77.576988, 13.0992974 ] } },
{ "type": "Feature", "properties": { "name": "Manjunatha tent", "highway": "bus_stop", "railway": null, "public_transport": null }, "geometry": { "type": "Point", "coordinates": [ 77.5513823, 13.0578201 ] } },
{ "type": "Feature", "properties": { "name": "Ramachandrapura", "highway": "bus_stop", "railway": null, "public_transport": null }, "geometry": { "type": "Point", "coordinates": [ 77.5509701, 13.0621926 ] } },
{ "type": "Feature", "properties": { "name": "Bloomfield Garden", "highway": "bus_stop", "railway": null, "public_transport": null }, "geometry": { "type": "Point", "coordinates": [ 77.5527057, 13.0656401 ] } },
{ "type": "Feature", "properties": { "name": "Vishweshwaraiah Enclave", "highway": "bus_stop", "railway": null, "public_transport": null }, "geometry": { "type": "Point", "coordinates": [ 77.5319695, 13.0669703 ] } },
{ "type": "Feature", "properties": { "name": "Double Tank", "highway": "bus_stop", "railway": null, "public_transport": null }, "geometry": { "type": "Point", "coordinates": [ 77.5445642, 13.0677872 ] } },
{ "type": "Feature", "properties": { "name": "Veerasagara", "highway": "bus_stop", "railway": null, "public_transport": null }, "geometry": { "type": "Point", "coordinates": [ 77.5544339, 13.1054402 ] } },
{ "type": "Feature", "properties": { "name": "Lakshmipura", "highway": "bus_stop", "railway": null, "public_transport": null }, "geometry": { "type": "Point", "coordinates": [ 77.5307839, 13.0863992 ] } },
{ "type": "Feature", "properties": { "name": "Muthkuru", "highway": "bus_stop", "railway": null, "public_transport": null }, "geometry": { "type": "Point", "coordinates": [ 77.5303478, 13.0776134 ] } },
{ "type": "Feature", "properties": { "name": "Somashettihalli Gate", "highway": "bus_stop", "railway": null, "public_transport": null }, "geometry": { "type": "Point", "coordinates": [ 77.523654, 13.0928999 ] } },
{ "type": "Feature", "properties": { "name": "Sharada Nagara", "highway": "bus_stop", "railway": null, "public_transport": null }, "geometry": { "type": "Point", "coordinates": [ 77.5411561, 13.0456908 ] } },
{ "type": "Feature", "properties": { "name": "ISRO Quarters", "highway": "bus_stop", "railway": null, "public_transport": null }, "geometry": { "type": "Point", "coordinates": [ 77.5350757, 13.0452511 ] } },
{ "type": "Feature", "properties": { "name": "BEL Hospital", "highway": "bus_stop", "railway": null, "public_transport": "platform" }, "geometry": { "type": "Point", "coordinates": [ 77.5575751, 13.0493075 ] } },
{ "type": "Feature", "properties": { "name": "Lottegollahalli", "highway": "bus_stop", "railway": null, "public_transport": null }, "geometry": { "type": "Point", "coordinates": [ 77.5675364, 13.0494251 ] } },
{ "type": "Feature", "properties": { "name": "Kuvempu Circle", "highway": "bus_stop", "railway": null, "public_transport": "platform" }, "geometry": { "type": "Point", "coordinates": [ 77.5624386, 13.0446478 ] } },
{ "type": "Feature", "properties": { "name": "Bhadrappa Layout", "highway": "bus_stop", "railway": null, "public_transport": "platform" }, "geometry": { "type": "Point", "coordinates": [ 77.5758689, 13.0472172 ] } },
{ "type": "Feature", "properties": { "name": "Tata Nagara", "highway": "bus_stop", "railway": null, "public_transport": null }, "geometry": { "type": "Point", "coordinates": [ 77.5732512, 13.0554604 ] } },
{ "type": "Feature", "properties": { "name": "Kabir Ashrama", "highway": "bus_stop", "railway": null, "public_transport": null }, "geometry": { "type": "Point", "coordinates": [ 77.5644207, 13.0578971 ] } },
{ "type": "Feature", "properties": { "name": "Shivananda Stores", "highway": "bus_stop", "railway": null, "public_transport": "platform" }, "geometry": { "type": "Point", "coordinates": [ 77.5804542, 12.9878186 ] } },
{ "type": "Feature", "properties": { "name": "Tirumagondanahalli", "highway": "bus_stop", "railway": null, "public_transport": "platform" }, "geometry": { "type": "Point", "coordinates": [ 77.7221084, 12.7936754 ] } },
{ "type": "Feature", "properties": { "name": "Neraluru", "highway": "bus_stop", "railway": null, "public_transport": "platform" }, "geometry": { "type": "Point", "coordinates": [ 77.729168, 12.7918444 ] } },
{ "type": "Feature", "properties": { "name": "Yadavanahalli", "highway": "bus_stop", "railway": null, "public_transport": "platform" }, "geometry": { "type": "Point", "coordinates": [ 77.7507431, 12.7853264 ] } },
{ "type": "Feature", "properties": { "name": "Allalasandra Gate", "highway": "bus_stop", "railway": null, "public_transport": "platform" }, "geometry": { "type": "Point", "coordinates": [ 77.5936872, 13.0865172 ] } },
{ "type": "Feature", "properties": { "name": "Allalasandra Gate", "highway": "bus_stop", "railway": null, "public_transport": "platform" }, "geometry": { "type": "Point", "coordinates": [ 77.5938823, 13.086963 ] } },
{ "type": "Feature", "properties": { "name": "Yelahanka Police Station", "highway": "bus_stop", "railway": null, "public_transport": "platform" }, "geometry": { "type": "Point", "coordinates": [ 77.5942646, 13.0945671 ] } },
{ "type": "Feature", "properties": { "name": "Yelahanka Police Station", "highway": "bus_stop", "railway": null, "public_transport": "platform" }, "geometry": { "type": "Point", "coordinates": [ 77.5944354, 13.0947687 ] } },
{ "type": "Feature", "properties": { "name": "Kendriya Vihara", "highway": "bus_stop", "railway": null, "public_transport": "platform" }, "geometry": { "type": "Point", "coordinates": [ 77.6005477, 13.1067756 ] } },
{ "type": "Feature", "properties": { "name": "Yelahanka", "highway": "bus_stop", "railway": null, "public_transport": null }, "geometry": { "type": "Point", "coordinates": [ 77.5978794, 13.1000877 ] } },
{ "type": "Feature", "properties": { "name": "Kogilu Cross Kannur", "highway": "bus_stop", "railway": null, "public_transport": "platform" }, "geometry": { "type": "Point", "coordinates": [ 77.6016005, 13.1038369 ] } },
{ "type": "Feature", "properties": { "name": "Maruthi Nagara Kannur Road", "highway": "bus_stop", "railway": null, "public_transport": null }, "geometry": { "type": "Point", "coordinates": [ 77.6048905, 13.1044592 ] } },
{ "type": "Feature", "properties": { "name": "Maruthi Nagara", "highway": "bus_stop", "railway": null, "public_transport": "platform" }, "geometry": { "type": "Point", "coordinates": [ 77.60623, 13.1043513 ] } },
{ "type": "Feature", "properties": { "name": "Sapthagiri Layout", "highway": "bus_stop", "railway": null, "public_transport": "platform" }, "geometry": { "type": "Point", "coordinates": [ 77.6106394, 13.1046147 ] } },
{ "type": "Feature", "properties": { "name": "Spathagiri Layout", "highway": "bus_stop", "railway": null, "public_transport": "platform" }, "geometry": { "type": "Point", "coordinates": [ 77.6108031, 13.1044792 ] } },
{ "type": "Feature", "properties": { "name": "Srinivasapura Kogilu", "highway": "bus_stop", "railway": null, "public_transport": "platform" }, "geometry": { "type": "Point", "coordinates": [ 77.6236014, 13.1033376 ] } },
{ "type": "Feature", "properties": { "name": "Ittige Factory", "highway": "bus_stop", "railway": null, "public_transport": "platform" }, "geometry": { "type": "Point", "coordinates": [ 77.6282994, 13.1025776 ] } },
{ "type": "Feature", "properties": { "name": "Agrahara Layout", "highway": "bus_stop", "railway": null, "public_transport": null }, "geometry": { "type": "Point", "coordinates": [ 77.6273422, 13.0985096 ] } },
{ "type": "Feature", "properties": { "name": "Kannuru", "highway": "bus_stop", "railway": null, "public_transport": "platform" }, "geometry": { "type": "Point", "coordinates": [ 77.6543491, 13.0932824 ] } },
{ "type": "Feature", "properties": { "name": "Byrathi Bande", "highway": "bus_stop", "railway": null, "public_transport": "platform" }, "geometry": { "type": "Point", "coordinates": [ 77.653306, 13.0780135 ] } },
{ "type": "Feature", "properties": { "name": "Chikkagubbi Cross", "highway": "bus_stop", "railway": null, "public_transport": null }, "geometry": { "type": "Point", "coordinates": [ 77.6535517, 13.0780448 ] } },
{ "type": "Feature", "properties": { "name": "Kyalasanahalli", "highway": "bus_stop", "railway": null, "public_transport": null }, "geometry": { "type": "Point", "coordinates": [ 77.6586481, 13.0563629 ] } },
{ "type": "Feature", "properties": { "name": "Bileshivale", "highway": "bus_stop", "railway": null, "public_transport": null }, "geometry": { "type": "Point", "coordinates": [ 77.6710295, 13.0544797 ] } },
{ "type": "Feature", "properties": { "name": "Jn of Channasandra", "highway": "bus_stop", "railway": null, "public_transport": null }, "geometry": { "type": "Point", "coordinates": [ 77.6811267, 13.0520794 ] } },
{ "type": "Feature", "properties": { "name": "Rampura", "highway": "bus_stop", "railway": null, "public_transport": null }, "geometry": { "type": "Point", "coordinates": [ 77.6908858, 13.0516355 ] } },
{ "type": "Feature", "properties": { "name": "Bidrahalli Cross", "highway": "bus_stop", "railway": null, "public_transport": null }, "geometry": { "type": "Point", "coordinates": [ 77.7149969, 13.0568947 ] } },
{ "type": "Feature", "properties": { "name": "Hirandahalli", "highway": "bus_stop", "railway": null, "public_transport": null }, "geometry": { "type": "Point", "coordinates": [ 77.7235974, 13.0454466 ] } },
{ "type": "Feature", "properties": { "name": "BPL", "highway": "bus_stop", "railway": null, "public_transport": null }, "geometry": { "type": "Point", "coordinates": [ 77.7444709, 13.0421114 ] } },
{ "type": "Feature", "properties": { "name": "BPL", "highway": "bus_stop", "railway": null, "public_transport": null }, "geometry": { "type": "Point", "coordinates": [ 77.7443991, 13.0416228 ] } },
{ "type": "Feature", "properties": { "name": "Boodigere Cross", "highway": "bus_stop", "railway": null, "public_transport": null }, "geometry": { "type": "Point", "coordinates": [ 77.7506815, 13.0461708 ] } },
{ "type": "Feature", "properties": { "name": "Hosakote Kodi", "highway": "bus_stop", "railway": null, "public_transport": null }, "geometry": { "type": "Point", "coordinates": [ 77.7680303, 13.0563996 ] } },
{ "type": "Feature", "properties": { "name": "Hosakote High School", "highway": "bus_stop", "railway": null, "public_transport": "platform" }, "geometry": { "type": "Point", "coordinates": [ 77.7832483, 13.0699034 ] } },
{ "type": "Feature", "properties": { "name": "Channabyregowda Circle", "highway": "bus_stop", "railway": null, "public_transport": null }, "geometry": { "type": "Point", "coordinates": [ 77.7867457, 13.0721589 ] } },
{ "type": "Feature", "properties": { "name": "Hosakote Bus Stand", "highway": "bus_stop", "railway": null, "public_transport": null }, "geometry": { "type": "Point", "coordinates": [ 77.7882339, 13.0786934 ] } },
{ "type": "Feature", "properties": { "name": "Hosuru Bande", "highway": "bus_stop", "railway": null, "public_transport": "platform" }, "geometry": { "type": "Point", "coordinates": [ 77.660751, 13.1061519 ] } },
{ "type": "Feature", "properties": { "name": "Mitaganahalli", "highway": "bus_stop", "railway": null, "public_transport": null }, "geometry": { "type": "Point", "coordinates": [ 77.6436835, 13.1095022 ] } },
{ "type": "Feature", "properties": { "name": "Oasis School", "highway": "bus_stop", "railway": null, "public_transport": null }, "geometry": { "type": "Point", "coordinates": [ 77.6658879, 13.0891136 ] } },
{ "type": "Feature", "properties": { "name": "Yarappana Bande", "highway": "bus_stop", "railway": null, "public_transport": null }, "geometry": { "type": "Point", "coordinates": [ 77.6833256, 13.0946973 ] } },
{ "type": "Feature", "properties": { "name": "D Group Layout", "highway": "bus_stop", "railway": null, "public_transport": null }, "geometry": { "type": "Point", "coordinates": [ 77.6936376, 13.0951323 ] } },
{ "type": "Feature", "properties": { "name": "Agrahara Cross", "highway": "bus_stop", "railway": null, "public_transport": null }, "geometry": { "type": "Point", "coordinates": [ 77.6183872, 13.0979764 ] } },
{ "type": "Feature", "properties": { "name": "Venkatala", "highway": "bus_stop", "railway": null, "public_transport": "platform" }, "geometry": { "type": "Point", "coordinates": [ 77.6043597, 13.1111301 ] } },
{ "type": "Feature", "properties": { "name": "Bagaluru Cross", "highway": "bus_stop", "railway": null, "public_transport": "platform" }, "geometry": { "type": "Point", "coordinates": [ 77.6107191, 13.1223144 ] } },
{ "type": "Feature", "properties": { "name": "Hunasamaranahalli", "highway": "bus_stop", "railway": null, "public_transport": "platform" }, "geometry": { "type": "Point", "coordinates": [ 77.6177894, 13.1439953 ] } },
{ "type": "Feature", "properties": { "name": "Bettahalasuru Cross", "highway": "bus_stop", "railway": null, "public_transport": "platform" }, "geometry": { "type": "Point", "coordinates": [ 77.6234657, 13.1563195 ] } },
{ "type": "Feature", "properties": { "name": "Vidya Nagara Cross", "highway": "bus_stop", "railway": null, "public_transport": "platform" }, "geometry": { "type": "Point", "coordinates": [ 77.6268453, 13.1608425 ] } },
{ "type": "Feature", "properties": { "name": "Chikkajala", "highway": "bus_stop", "railway": null, "public_transport": "platform" }, "geometry": { "type": "Point", "coordinates": [ 77.6335819, 13.1725347 ] } },
{ "type": "Feature", "properties": { "name": "Kadiganahalli Cross", "highway": "bus_stop", "railway": null, "public_transport": "platform" }, "geometry": { "type": "Point", "coordinates": [ 77.6316075, 13.1680513 ] } },
{ "type": "Feature", "properties": { "name": "Minakunte Hosuru", "highway": "bus_stop", "railway": null, "public_transport": null }, "geometry": { "type": "Point", "coordinates": [ 77.642183, 13.1806075 ] } },
{ "type": "Feature", "properties": { "name": "Dodda Jala", "highway": "bus_stop", "railway": null, "public_transport": "platform" }, "geometry": { "type": "Point", "coordinates": [ 77.6516917, 13.1776563 ] } },
{ "type": "Feature", "properties": { "name": "Shettigere Chikkajala", "highway": "bus_stop", "railway": null, "public_transport": "platform" }, "geometry": { "type": "Point", "coordinates": [ 77.666534, 13.179022 ] } },
{ "type": "Feature", "properties": { "name": "Muthugadahalli", "highway": "bus_stop", "railway": null, "public_transport": "platform" }, "geometry": { "type": "Point", "coordinates": [ 77.6730751, 13.1822457 ] } },
{ "type": "Feature", "properties": { "name": "Gollarahalli", "highway": "bus_stop", "railway": null, "public_transport": "platform" }, "geometry": { "type": "Point", "coordinates": [ 77.6325203, 13.1410616 ] } },
{ "type": "Feature", "properties": { "name": "Hosahalli", "highway": "bus_stop", "railway": null, "public_transport": null }, "geometry": { "type": "Point", "coordinates": [ 77.641885, 13.140234 ] } },
{ "type": "Feature", "properties": { "name": "Venkateshwara College", "highway": "bus_stop", "railway": null, "public_transport": null }, "geometry": { "type": "Point", "coordinates": [ 77.6366378, 13.1603983 ] } },
{ "type": "Feature", "properties": { "name": "Meesaganahalli", "highway": "bus_stop", "railway": null, "public_transport": "platform" }, "geometry": { "type": "Point", "coordinates": [ 77.6684732, 13.1651476 ] } },
{ "type": "Feature", "properties": { "name": "Razak Palya", "highway": "bus_stop", "railway": null, "public_transport": null }, "geometry": { "type": "Point", "coordinates": [ 77.6588039, 13.1496675 ] } },
{ "type": "Feature", "properties": { "name": "Suggatta", "highway": "bus_stop", "railway": null, "public_transport": "platform" }, "geometry": { "type": "Point", "coordinates": [ 77.6033988, 13.1446528 ] } },
{ "type": "Feature", "properties": { "name": "Ramagere School", "highway": "bus_stop", "railway": null, "public_transport": "platform" }, "geometry": { "type": "Point", "coordinates": [ 77.5988951, 13.1717607 ] } },
{ "type": "Feature", "properties": { "name": "Yelahanka Old Town", "highway": "bus_stop", "railway": null, "public_transport": "platform" }, "geometry": { "type": "Point", "coordinates": [ 77.5947821, 13.1010198 ] } },
{ "type": "Feature", "properties": { "name": "Chikkabommasandra Cross", "highway": "bus_stop", "railway": null, "public_transport": "platform" }, "geometry": { "type": "Point", "coordinates": [ 77.5827706, 13.0941545 ] } },
{ "type": "Feature", "properties": { "name": "Wheel And Axle Plant", "highway": "bus_stop", "railway": null, "public_transport": "platform" }, "geometry": { "type": "Point", "coordinates": [ 77.5821043, 13.1059972 ] } },
{ "type": "Feature", "properties": { "name": "Jn of 8th Main 14th Cross", "highway": "bus_stop", "railway": null, "public_transport": "stop_position" }, "geometry": { "type": "Point", "coordinates": [ 77.5890389, 13.08802 ] } },
{ "type": "Feature", "properties": { "name": "Judicial Layout", "highway": "bus_stop", "railway": null, "public_transport": null }, "geometry": { "type": "Point", "coordinates": [ 77.5823852, 13.0887623 ] } },
{ "type": "Feature", "properties": { "name": "Nagenahalli Gate", "highway": "bus_stop", "railway": null, "public_transport": "platform" }, "geometry": { "type": "Point", "coordinates": [ 77.5713619, 13.1301805 ] } },
{ "type": "Feature", "properties": { "name": "CRPF", "highway": "bus_stop", "railway": null, "public_transport": "platform" }, "geometry": { "type": "Point", "coordinates": [ 77.5755887, 13.1229022 ] } },
{ "type": "Feature", "properties": { "name": "Anantapura Gate", "highway": "bus_stop", "railway": null, "public_transport": "platform" }, "geometry": { "type": "Point", "coordinates": [ 77.579023, 13.1149667 ] } },
{ "type": "Feature", "properties": { "name": "Anantapura Gate", "highway": "bus_stop", "railway": null, "public_transport": "platform" }, "geometry": { "type": "Point", "coordinates": [ 77.5789648, 13.1146253 ] } },
{ "type": "Feature", "properties": { "name": "Nagenahalli Gate", "highway": "bus_stop", "railway": null, "public_transport": "platform" }, "geometry": { "type": "Point", "coordinates": [ 77.5713825, 13.1297645 ] } },
{ "type": "Feature", "properties": { "name": "Domlur Flyover", "highway": "bus_stop", "railway": null, "public_transport": "platform" }, "geometry": { "type": "Point", "coordinates": [ 77.6412963, 12.956961 ] } },
{ "type": "Feature", "properties": { "name": "Singanayakanahalli Gate", "highway": "bus_stop", "railway": null, "public_transport": "platform" }, "geometry": { "type": "Point", "coordinates": [ 77.5696141, 13.1478136 ] } },
{ "type": "Feature", "properties": { "name": "Honnenahalli", "highway": "bus_stop", "railway": null, "public_transport": "platform" }, "geometry": { "type": "Point", "coordinates": [ 77.566521, 13.1598735 ] } },
{ "type": "Feature", "properties": { "name": "Addiganahalli Extension", "highway": "bus_stop", "railway": null, "public_transport": "platform" }, "geometry": { "type": "Point", "coordinates": [ 77.5710643, 13.1728266 ] } },
{ "type": "Feature", "properties": { "name": "Shriramanahalli Gate", "highway": "bus_stop", "railway": null, "public_transport": "platform" }, "geometry": { "type": "Point", "coordinates": [ 77.5628783, 13.1950027 ] } },
{ "type": "Feature", "properties": { "name": "Ittagalapura", "highway": "bus_stop", "railway": null, "public_transport": "platform" }, "geometry": { "type": "Point", "coordinates": [ 77.5417921, 13.1708197 ] } },
{ "type": "Feature", "properties": { "name": "Chokkanahalli Cross", "highway": "bus_stop", "railway": null, "public_transport": null }, "geometry": { "type": "Point", "coordinates": [ 77.5402894, 13.1859376 ] } },
{ "type": "Feature", "properties": { "name": "Budamanahalli", "highway": "bus_stop", "railway": null, "public_transport": null }, "geometry": { "type": "Point", "coordinates": [ 77.5277535, 13.1909444 ] } },
{ "type": "Feature", "properties": { "name": "Sadenahalli", "highway": "bus_stop", "railway": null, "public_transport": null }, "geometry": { "type": "Point", "coordinates": [ 77.5728845, 13.1947093 ] } },
{ "type": "Feature", "properties": { "name": "Sri Banashankri Layout", "highway": "bus_stop", "railway": null, "public_transport": "platform" }, "geometry": { "type": "Point", "coordinates": [ 77.5581007, 13.1715485 ] } },
{ "type": "Feature", "properties": { "name": "Yadiyurappa Nagara", "highway": "bus_stop", "railway": null, "public_transport": "platform" }, "geometry": { "type": "Point", "coordinates": [ 77.5609588, 13.1504829 ] } },
{ "type": "Feature", "properties": { "name": "Rto Office", "highway": "bus_stop", "railway": null, "public_transport": "platform" }, "geometry": { "type": "Point", "coordinates": [ 77.5552642, 13.1508314 ] } },
{ "type": "Feature", "properties": { "name": "Byatarayanapura", "highway": "bus_stop", "railway": null, "public_transport": "platform" }, "geometry": { "type": "Point", "coordinates": [ 77.5934526, 13.0672536 ] } },
{ "type": "Feature", "properties": { "name": "Government School", "highway": "bus_stop", "railway": null, "public_transport": null }, "geometry": { "type": "Point", "coordinates": [ 77.6061759, 13.0775849 ] } },
{ "type": "Feature", "properties": { "name": "Jakkuru", "highway": "bus_stop", "railway": null, "public_transport": "platform" }, "geometry": { "type": "Point", "coordinates": [ 77.607557, 13.0793576 ] } },
{ "type": "Feature", "properties": { "name": "Srirampura Cross", "highway": "bus_stop", "railway": null, "public_transport": "platform" }, "geometry": { "type": "Point", "coordinates": [ 77.6095205, 13.0667622 ] } },
{ "type": "Feature", "properties": { "name": "Telecom Layout", "highway": "bus_stop", "railway": null, "public_transport": null }, "geometry": { "type": "Point", "coordinates": [ 77.6165935, 13.0679751 ] } },
{ "type": "Feature", "properties": { "name": "Venkateshwara Nagara", "highway": "bus_stop", "railway": null, "public_transport": null }, "geometry": { "type": "Point", "coordinates": [ 77.6189885, 13.0748888 ] } },
{ "type": "Feature", "properties": { "name": "Jn of Srirampura Road", "highway": "bus_stop", "railway": null, "public_transport": "platform" }, "geometry": { "type": "Point", "coordinates": [ 77.6193949, 13.0716969 ] } },
{ "type": "Feature", "properties": { "name": "SBI", "highway": "bus_stop", "railway": null, "public_transport": null }, "geometry": { "type": "Point", "coordinates": [ 77.6288486, 13.0683062 ] } },
{ "type": "Feature", "properties": { "name": "SBI Bank", "highway": "bus_stop", "railway": null, "public_transport": null }, "geometry": { "type": "Point", "coordinates": [ 77.6287637, 13.0682412 ] } },
{ "type": "Feature", "properties": { "name": "K Narayanapura Cross", "highway": "bus_stop", "railway": null, "public_transport": null }, "geometry": { "type": "Point", "coordinates": [ 77.6338612, 13.0675374 ] } },
{ "type": "Feature", "properties": { "name": "Amarajyothi Nagara", "highway": "bus_stop", "railway": null, "public_transport": null }, "geometry": { "type": "Point", "coordinates": [ 77.5969821, 13.035853 ] } },
{ "type": "Feature", "properties": { "name": "Vishwanatha Nagenahalli", "highway": "bus_stop", "railway": null, "public_transport": null }, "geometry": { "type": "Point", "coordinates": [ 77.6048698, 13.0395765 ] } },
{ "type": "Feature", "properties": { "name": "Cholanayakanahalli", "highway": "bus_stop", "railway": null, "public_transport": null }, "geometry": { "type": "Point", "coordinates": [ 77.5974541, 13.0367899 ] } },
{ "type": "Feature", "properties": { "name": "Chamundi Nagara", "highway": "bus_stop", "railway": null, "public_transport": null }, "geometry": { "type": "Point", "coordinates": [ 77.5993799, 13.0341497 ] } },
{ "type": "Feature", "properties": { "name": "Jn of Dasarahalli Road", "highway": "bus_stop", "railway": null, "public_transport": "platform" }, "geometry": { "type": "Point", "coordinates": [ 77.5939661, 13.0558554 ] } },
{ "type": "Feature", "properties": { "name": "Dasarahalli Bellary Road", "highway": "bus_stop", "railway": null, "public_transport": null }, "geometry": { "type": "Point", "coordinates": [ 77.6116067, 13.0563553 ] } },
{ "type": "Feature", "properties": { "name": "Amruthnagar", "highway": "bus_stop", "railway": null, "public_transport": null }, "geometry": { "type": "Point", "coordinates": [ 77.5983161, 13.0557354 ] } },
{ "type": "Feature", "properties": { "name": "Buvaneswari Nagara", "highway": "bus_stop", "railway": null, "public_transport": null }, "geometry": { "type": "Point", "coordinates": [ 77.6019999, 13.0551742 ] } },
{ "type": "Feature", "properties": { "name": "Goutam College", "highway": "bus_stop", "railway": null, "public_transport": null }, "geometry": { "type": "Point", "coordinates": [ 77.60458, 13.0348628 ] } },
{ "type": "Feature", "properties": { "name": "Sterling Apartment", "highway": "bus_stop", "railway": null, "public_transport": "platform" }, "geometry": { "type": "Point", "coordinates": [ 77.588044, 13.0578198 ] } },
{ "type": "Feature", "properties": { "name": "Maruthi Nagara", "highway": "bus_stop", "railway": null, "public_transport": "platform" }, "geometry": { "type": "Point", "coordinates": [ 77.581031, 13.0588652 ] } },
{ "type": "Feature", "properties": { "name": "Kodigehalli", "highway": "bus_stop", "railway": null, "public_transport": "platform" }, "geometry": { "type": "Point", "coordinates": [ 77.5765867, 13.059991 ] } },
{ "type": "Feature", "properties": { "name": "Railway Gate Kodigehalli", "highway": "bus_stop", "railway": null, "public_transport": "platform" }, "geometry": { "type": "Point", "coordinates": [ 77.5738068, 13.0620928 ] } },
{ "type": "Feature", "properties": { "name": "Tennis Court Thindlu", "highway": "bus_stop", "railway": null, "public_transport": "platform" }, "geometry": { "type": "Point", "coordinates": [ 77.5695202, 13.0681512 ] } },
{ "type": "Feature", "properties": { "name": "Thindlu", "highway": "bus_stop", "railway": null, "public_transport": "platform" }, "geometry": { "type": "Point", "coordinates": [ 77.5667911, 13.0736882 ] } },
{ "type": "Feature", "properties": { "name": "Police Out Post", "highway": "bus_stop", "railway": null, "public_transport": null }, "geometry": { "type": "Point", "coordinates": [ 77.5835324, 13.0642251 ] } },
{ "type": "Feature", "properties": { "name": "Ganesh Temple", "highway": "bus_stop", "railway": null, "public_transport": null }, "geometry": { "type": "Point", "coordinates": [ 77.5852335, 13.0629173 ] } },
{ "type": "Feature", "properties": { "name": "Post Office Sahakara Nagara", "highway": "bus_stop", "railway": null, "public_transport": "platform" }, "geometry": { "type": "Point", "coordinates": [ 77.5871393, 13.0618704 ] } },
{ "type": "Feature", "properties": { "name": "Virupakshapura", "highway": "bus_stop", "railway": null, "public_transport": "platform" }, "geometry": { "type": "Point", "coordinates": [ 77.5717581, 13.0638109 ] } },
{ "type": "Feature", "properties": { "name": "Kattigehalli Cross", "highway": "bus_stop", "railway": null, "public_transport": "platform" }, "geometry": { "type": "Point", "coordinates": [ 77.6257768, 13.1217518 ] } },
{ "type": "Feature", "properties": { "name": "Reva College", "highway": "bus_stop", "railway": null, "public_transport": null }, "geometry": { "type": "Point", "coordinates": [ 77.6306863, 13.1221959 ] } },
{ "type": "Feature", "properties": { "name": "Shrinivasapura Cross", "highway": "bus_stop", "railway": null, "public_transport": null }, "geometry": { "type": "Point", "coordinates": [ 77.6453037, 13.1260856 ] } },
{ "type": "Feature", "properties": { "name": "Delhi Public School", "highway": "bus_stop", "railway": null, "public_transport": null }, "geometry": { "type": "Point", "coordinates": [ 77.6394543, 13.1234777 ] } },
{ "type": "Feature", "properties": { "name": "Sathanur Colony", "highway": "bus_stop", "railway": null, "public_transport": null }, "geometry": { "type": "Point", "coordinates": [ 77.646629, 13.1279084 ] } },
{ "type": "Feature", "properties": { "name": "Navodaya School", "highway": "bus_stop", "railway": null, "public_transport": null }, "geometry": { "type": "Point", "coordinates": [ 77.6748556, 13.148862 ] } },
{ "type": "Feature", "properties": { "name": "KIADB Hoovinayakanahalli Gate", "highway": "bus_stop", "railway": null, "public_transport": "platform" }, "geometry": { "type": "Point", "coordinates": [ 77.681043, 13.1561232 ] } },
{ "type": "Feature", "properties": { "name": "Hoovinayakanahalli", "highway": "bus_stop", "railway": null, "public_transport": "platform" }, "geometry": { "type": "Point", "coordinates": [ 77.6898311, 13.1478538 ] } },
{ "type": "Feature", "properties": { "name": "Yediyuru", "highway": "bus_stop", "railway": null, "public_transport": null }, "geometry": { "type": "Point", "coordinates": [ 77.6954982, 13.1308688 ] } },
{ "type": "Feature", "properties": { "name": "Manchappanahalli Cross", "highway": "bus_stop", "railway": null, "public_transport": "platform" }, "geometry": { "type": "Point", "coordinates": [ 77.7294479, 13.1436565 ] } },
{ "type": "Feature", "properties": { "name": "Budigere", "highway": "bus_stop", "railway": null, "public_transport": "platform" }, "geometry": { "type": "Point", "coordinates": [ 77.7474812, 13.1350199 ] } },
{ "type": "Feature", "properties": { "name": "Kammasandra", "highway": "bus_stop", "railway": null, "public_transport": null }, "geometry": { "type": "Point", "coordinates": [ 77.7811249, 13.1500745 ] } },
{ "type": "Feature", "properties": { "name": "Thimmasandra", "highway": "bus_stop", "railway": null, "public_transport": null }, "geometry": { "type": "Point", "coordinates": [ 77.7733157, 13.1238879 ] } },
{ "type": "Feature", "properties": { "name": "Lakkondahalli Cross", "highway": "bus_stop", "railway": null, "public_transport": null }, "geometry": { "type": "Point", "coordinates": [ 77.7734184, 13.1172578 ] } },
{ "type": "Feature", "properties": { "name": "Venkatapura Gate", "highway": "bus_stop", "railway": null, "public_transport": null }, "geometry": { "type": "Point", "coordinates": [ 77.7736734, 13.1143116 ] } },
{ "type": "Feature", "properties": { "name": "Lakkondahalli Cross", "highway": "bus_stop", "railway": null, "public_transport": "platform" }, "geometry": { "type": "Point", "coordinates": [ 77.7743684, 13.1103844 ] } },
{ "type": "Feature", "properties": { "name": "Sanklipura", "highway": "bus_stop", "railway": null, "public_transport": "platform" }, "geometry": { "type": "Point", "coordinates": [ 77.7755868, 13.1080289 ] } },
{ "type": "Feature", "properties": { "name": "Alappanahalli", "highway": "bus_stop", "railway": null, "public_transport": "platform" }, "geometry": { "type": "Point", "coordinates": [ 77.7779014, 13.1018277 ] } },
{ "type": "Feature", "properties": { "name": "Kumbalahalli Gate", "highway": "bus_stop", "railway": null, "public_transport": "platform" }, "geometry": { "type": "Point", "coordinates": [ 77.780678, 13.0886856 ] } },
{ "type": "Feature", "properties": { "name": "Marenahalli", "highway": "bus_stop", "railway": null, "public_transport": "platform" }, "geometry": { "type": "Point", "coordinates": [ 77.6787169, 13.1195669 ] } },
{ "type": "Feature", "properties": { "name": "Chokkanahalli", "highway": "bus_stop", "railway": null, "public_transport": null }, "geometry": { "type": "Point", "coordinates": [ 77.6877066, 13.1134906 ] } },
{ "type": "Feature", "properties": { "name": "Andrahalli", "highway": "bus_stop", "railway": null, "public_transport": "platform" }, "geometry": { "type": "Point", "coordinates": [ 77.7442695, 13.1234888 ] } },
{ "type": "Feature", "properties": { "name": "Thirumenahalli Gate", "highway": "bus_stop", "railway": null, "public_transport": null }, "geometry": { "type": "Point", "coordinates": [ 77.7450622, 13.110631 ] } },
{ "type": "Feature", "properties": { "name": "Jyotipura", "highway": "bus_stop", "railway": null, "public_transport": null }, "geometry": { "type": "Point", "coordinates": [ 77.7440848, 13.1026869 ] } },
{ "type": "Feature", "properties": { "name": "Ancharahalli Gate", "highway": "bus_stop", "railway": null, "public_transport": null }, "geometry": { "type": "Point", "coordinates": [ 77.7416817, 13.0918442 ] } },
{ "type": "Feature", "properties": { "name": "Premium Farm Budigere", "highway": "bus_stop", "railway": null, "public_transport": null }, "geometry": { "type": "Point", "coordinates": [ 77.7371219, 13.072684 ] } },
{ "type": "Feature", "properties": { "name": "Kattumnallur Gate", "highway": "bus_stop", "railway": null, "public_transport": null }, "geometry": { "type": "Point", "coordinates": [ 77.7618285, 13.053787 ] } },
{ "type": "Feature", "properties": { "name": "Manchappanahalli Cross", "highway": "bus_stop", "railway": null, "public_transport": null }, "geometry": { "type": "Point", "coordinates": [ 77.725924, 13.1351376 ] } },
{ "type": "Feature", "properties": { "name": "M Hosahalli", "highway": "bus_stop", "railway": null, "public_transport": null }, "geometry": { "type": "Point", "coordinates": [ 77.7178466, 13.1357175 ] } },
{ "type": "Feature", "properties": { "name": "Marasandra Circle", "highway": "bus_stop", "railway": null, "public_transport": null }, "geometry": { "type": "Point", "coordinates": [ 77.7152139, 13.0996654 ] } },
{ "type": "Feature", "properties": { "name": "MVJ Medical Hospital", "highway": "bus_stop", "railway": null, "public_transport": null }, "geometry": { "type": "Point", "coordinates": [ 77.8113101, 13.0790425 ] } },
{ "type": "Feature", "properties": { "name": "MVJ Medical Hospital", "highway": "bus_stop", "railway": null, "public_transport": null }, "geometry": { "type": "Point", "coordinates": [ 77.8116807, 13.0787866 ] } },
{ "type": "Feature", "properties": { "name": "Kadugondanahalli Police Station", "highway": "bus_stop", "railway": null, "public_transport": "platform" }, "geometry": { "type": "Point", "coordinates": [ 77.6189599, 13.0207633 ] } },
{ "type": "Feature", "properties": { "name": "KGH Railway Gate", "highway": "bus_stop", "railway": null, "public_transport": "platform" }, "geometry": { "type": "Point", "coordinates": [ 77.6197727, 13.0254782 ] } },
{ "type": "Feature", "properties": { "name": "Govindapura Cross", "highway": "bus_stop", "railway": null, "public_transport": "platform" }, "geometry": { "type": "Point", "coordinates": [ 77.621823, 13.0321599 ] } },
{ "type": "Feature", "properties": { "name": "Nagavara Junction", "highway": "bus_stop", "railway": null, "public_transport": null }, "geometry": { "type": "Point", "coordinates": [ 77.6245285, 13.0407038 ] } },
{ "type": "Feature", "properties": { "name": "Sarayipalya", "highway": "bus_stop", "railway": null, "public_transport": "platform" }, "geometry": { "type": "Point", "coordinates": [ 77.6285008, 13.0474322 ] } },
{ "type": "Feature", "properties": { "name": "Saraipalya", "highway": "bus_stop", "railway": null, "public_transport": "platform" }, "geometry": { "type": "Point", "coordinates": [ 77.6286051, 13.0472058 ] } },
{ "type": "Feature", "properties": { "name": "Ashwathanagara", "highway": "bus_stop", "railway": null, "public_transport": null }, "geometry": { "type": "Point", "coordinates": [ 77.6311729, 13.0522475 ] } },
{ "type": "Feature", "properties": { "name": "Ashwath Nagara", "highway": "bus_stop", "railway": null, "public_transport": "platform" }, "geometry": { "type": "Point", "coordinates": [ 77.6312831, 13.0529146 ] } },
{ "type": "Feature", "properties": { "name": "Thanisandra", "highway": "bus_stop", "railway": null, "public_transport": "platform" }, "geometry": { "type": "Point", "coordinates": [ 77.6328481, 13.0562923 ] } },
{ "type": "Feature", "properties": { "name": "IBM Gate", "highway": "bus_stop", "railway": null, "public_transport": "platform" }, "geometry": { "type": "Point", "coordinates": [ 77.6264256, 13.057503 ] } },
{ "type": "Feature", "properties": { "name": "Ambedkar Medical College", "highway": "bus_stop", "railway": null, "public_transport": null }, "geometry": { "type": "Point", "coordinates": [ 77.6125733, 13.023452 ] } },
{ "type": "Feature", "properties": { "name": "RK Hegde Nagara", "highway": "bus_stop", "railway": null, "public_transport": "platform" }, "geometry": { "type": "Point", "coordinates": [ 77.63358, 13.071613 ] } },
{ "type": "Feature", "properties": { "name": "Ramakrishna Hegde Nagara", "highway": "bus_stop", "railway": null, "public_transport": null }, "geometry": { "type": "Point", "coordinates": [ 77.6337189, 13.0720259 ] } },
{ "type": "Feature", "properties": { "name": "Koli Farm", "highway": "bus_stop", "railway": null, "public_transport": "platform" }, "geometry": { "type": "Point", "coordinates": [ 77.6335606, 13.073911 ] } },
{ "type": "Feature", "properties": { "name": "Koli Farm", "highway": "bus_stop", "railway": null, "public_transport": null }, "geometry": { "type": "Point", "coordinates": [ 77.6337817, 13.076504 ] } },
{ "type": "Feature", "properties": { "name": "Chokkanahalli Gate", "highway": "bus_stop", "railway": null, "public_transport": "platform" }, "geometry": { "type": "Point", "coordinates": [ 77.6346605, 13.0845587 ] } },
{ "type": "Feature", "properties": { "name": "Chokkanahalli", "highway": "bus_stop", "railway": null, "public_transport": "platform" }, "geometry": { "type": "Point", "coordinates": [ 77.6348471, 13.0848014 ] } },
{ "type": "Feature", "properties": { "name": "KNS College", "highway": "bus_stop", "railway": null, "public_transport": null }, "geometry": { "type": "Point", "coordinates": [ 77.6354773, 13.0887483 ] } },
{ "type": "Feature", "properties": { "name": "Thirumenahalli Cross (KNS College)", "highway": "bus_stop", "railway": null, "public_transport": "platform" }, "geometry": { "type": "Point", "coordinates": [ 77.635316, 13.0887175 ] } },
{ "type": "Feature", "properties": { "name": "Railway Gate", "highway": "bus_stop", "railway": null, "public_transport": "platform" }, "geometry": { "type": "Point", "coordinates": [ 77.6159284, 13.0288311 ] } },
{ "type": "Feature", "properties": { "name": "Mestripalya", "highway": "bus_stop", "railway": null, "public_transport": "platform" }, "geometry": { "type": "Point", "coordinates": [ 77.6204119, 13.0613226 ] } },
{ "type": "Feature", "properties": { "name": "Chakkalatti", "highway": "bus_stop", "railway": null, "public_transport": "platform" }, "geometry": { "type": "Point", "coordinates": [ 77.6682109, 13.1224071 ] } },
{ "type": "Feature", "properties": { "name": "Veerannapalya", "highway": "bus_stop", "railway": null, "public_transport": "platform" }, "geometry": { "type": "Point", "coordinates": [ 77.613342, 13.0424788 ] } },
{ "type": "Feature", "properties": { "name": "Veeranna Palya", "highway": "bus_stop", "railway": null, "public_transport": "platform" }, "geometry": { "type": "Point", "coordinates": [ 77.6134706, 13.0421491 ] } },
{ "type": "Feature", "properties": { "name": "Reva College", "highway": "bus_stop", "railway": null, "public_transport": "platform" }, "geometry": { "type": "Point", "coordinates": [ 77.6339854, 13.1172617 ] } },
{ "type": "Feature", "properties": { "name": "Reva College", "highway": "bus_stop", "railway": null, "public_transport": null }, "geometry": { "type": "Point", "coordinates": [ 77.6341551, 13.1171431 ] } },
{ "type": "Feature", "properties": { "name": "Manyata Embassy Business Park", "highway": "bus_stop", "railway": null, "public_transport": "platform" }, "geometry": { "type": "Point", "coordinates": [ 77.621671, 13.0413528 ] } },
{ "type": "Feature", "properties": { "name": "Agrahara Yalahanka", "highway": "bus_stop", "railway": null, "public_transport": null }, "geometry": { "type": "Point", "coordinates": [ 77.6194175, 13.091183 ] } },
{ "type": "Feature", "properties": { "name": "VRL Godwon Jakkur", "highway": "bus_stop", "railway": null, "public_transport": "platform" }, "geometry": { "type": "Point", "coordinates": [ 77.6041868, 13.0864037 ] } },
{ "type": "Feature", "properties": { "name": "Raitarasante Yelahanka", "highway": "bus_stop", "railway": null, "public_transport": "platform" }, "geometry": { "type": "Point", "coordinates": [ 77.5990696, 13.0977704 ] } },
{ "type": "Feature", "properties": { "name": "Coles Park", "highway": "bus_stop", "railway": null, "public_transport": "platform" }, "geometry": { "type": "Point", "coordinates": [ 77.6067797, 12.9958497 ] } },
{ "type": "Feature", "properties": { "name": "Davis Road", "highway": "bus_stop", "railway": null, "public_transport": "platform" }, "geometry": { "type": "Point", "coordinates": [ 77.6195611, 13.004135 ] } },
{ "type": "Feature", "properties": { "name": "Charles School", "highway": "bus_stop", "railway": null, "public_transport": "platform" }, "geometry": { "type": "Point", "coordinates": [ 77.6209433, 13.0063988 ] } },
{ "type": "Feature", "properties": { "name": "Hennur Depot", "highway": "bus_stop", "railway": null, "public_transport": null }, "geometry": { "type": "Point", "coordinates": [ 77.6316356, 13.0258663 ] } },
{ "type": "Feature", "properties": { "name": "Hennur Ring Road", "highway": "bus_stop", "railway": null, "public_transport": null }, "geometry": { "type": "Point", "coordinates": [ 77.6324515, 13.0275763 ] } },
{ "type": "Feature", "properties": { "name": "Hennur Ring Road", "highway": "bus_stop", "railway": null, "public_transport": null }, "geometry": { "type": "Point", "coordinates": [ 77.6325828, 13.0273577 ] } },
{ "type": "Feature", "properties": { "name": "Hennur Cross", "highway": "bus_stop", "railway": null, "public_transport": "platform" }, "geometry": { "type": "Point", "coordinates": [ 77.6361521, 13.0318427 ] } },
{ "type": "Feature", "properties": { "name": "Hennur Bande", "highway": "bus_stop", "railway": null, "public_transport": "platform" }, "geometry": { "type": "Point", "coordinates": [ 77.6409616, 13.0367624 ] } },
{ "type": "Feature", "properties": { "name": "Hall Road", "highway": "bus_stop", "railway": null, "public_transport": null }, "geometry": { "type": "Point", "coordinates": [ 77.6191254, 13.0032744 ] } },
{ "type": "Feature", "properties": { "name": "Mallya Hospital", "highway": "bus_stop", "railway": null, "public_transport": "platform" }, "geometry": { "type": "Point", "coordinates": [ 77.5943823, 12.9703459 ] } },
{ "type": "Feature", "properties": { "name": "Bande Bommasandra Cross", "highway": "bus_stop", "railway": null, "public_transport": null }, "geometry": { "type": "Point", "coordinates": [ 77.6826061, 13.0810966 ] } },
{ "type": "Feature", "properties": { "name": "Kada Agrahara", "highway": "bus_stop", "railway": null, "public_transport": null }, "geometry": { "type": "Point", "coordinates": [ 77.6916643, 13.0806006 ] } },
{ "type": "Feature", "properties": { "name": "Manchappanahalli", "highway": "bus_stop", "railway": null, "public_transport": null }, "geometry": { "type": "Point", "coordinates": [ 77.7262058, 13.1415385 ] } },
{ "type": "Feature", "properties": { "name": "Vijaya School", "highway": "bus_stop", "railway": null, "public_transport": null }, "geometry": { "type": "Point", "coordinates": [ 77.6720692, 13.1310415 ] } },
{ "type": "Feature", "properties": { "name": "Shilpa Bakery", "highway": "bus_stop", "railway": null, "public_transport": "platform" }, "geometry": { "type": "Point", "coordinates": [ 77.6504617, 13.037817 ] } },
{ "type": "Feature", "properties": { "name": "Jyothi Nagara", "highway": "bus_stop", "railway": null, "public_transport": null }, "geometry": { "type": "Point", "coordinates": [ 77.6537754, 13.032517 ] } },
{ "type": "Feature", "properties": { "name": "KSFC Layout Cross", "highway": "bus_stop", "railway": null, "public_transport": null }, "geometry": { "type": "Point", "coordinates": [ 77.6344298, 13.0164987 ] } },
{ "type": "Feature", "properties": { "name": "5th Phase Yelahanka New Town", "highway": "bus_stop", "railway": null, "public_transport": "platform" }, "geometry": { "type": "Point", "coordinates": [ 77.5725198, 13.1057411 ] } },
{ "type": "Feature", "properties": { "name": "Yelahanka Bakery", "highway": "bus_stop", "railway": null, "public_transport": "platform" }, "geometry": { "type": "Point", "coordinates": [ 77.5769869, 13.1036863 ] } },
{ "type": "Feature", "properties": { "name": "Kacharakanahalli", "highway": "bus_stop", "railway": null, "public_transport": null }, "geometry": { "type": "Point", "coordinates": [ 77.6284402, 13.0210928 ] } },
{ "type": "Feature", "properties": { "name": "HBR Layout BDA Complex", "highway": "bus_stop", "railway": null, "public_transport": null }, "geometry": { "type": "Point", "coordinates": [ 77.6279384, 13.0258624 ] } },
{ "type": "Feature", "properties": { "name": "Tharabana Halli Gate", "highway": "bus_stop", "railway": null, "public_transport": null }, "geometry": { "type": "Point", "coordinates": [ 77.6444773, 13.1880891 ] } },
{ "type": "Feature", "properties": { "name": "Trumpet", "highway": "bus_stop", "railway": null, "public_transport": "platform" }, "geometry": { "type": "Point", "coordinates": [ 77.6579831, 13.1992187 ] } },
{ "type": "Feature", "properties": { "name": "Trumpet", "highway": "bus_stop", "railway": null, "public_transport": "platform" }, "geometry": { "type": "Point", "coordinates": [ 77.6583797, 13.1991127 ] } },
{ "type": "Feature", "properties": { "name": "Madiwala", "highway": "bus_stop", "railway": null, "public_transport": "platform" }, "geometry": { "type": "Point", "coordinates": [ 77.6205855, 12.9201929 ] } },
{ "type": "Feature", "properties": { "name": "St. Johns Hospital", "highway": "bus_stop", "railway": null, "public_transport": "platform" }, "geometry": { "type": "Point", "coordinates": [ 77.6152539, 12.9288983 ] } },
{ "type": "Feature", "properties": { "name": "Adugodi Police Station", "highway": "bus_stop", "railway": null, "public_transport": "platform" }, "geometry": { "type": "Point", "coordinates": [ 77.6097002, 12.9389789 ] } },
{ "type": "Feature", "properties": { "name": "Adugodi Police Station", "highway": "bus_stop", "railway": null, "public_transport": "platform" }, "geometry": { "type": "Point", "coordinates": [ 77.6095574, 12.9398233 ] } },
{ "type": "Feature", "properties": { "name": "Balepura", "highway": "bus_stop", "railway": null, "public_transport": "platform" }, "geometry": { "type": "Point", "coordinates": [ 77.7771257, 13.1980056 ] } },
{ "type": "Feature", "properties": { "name": "Sadappanahalli Cross", "highway": "bus_stop", "railway": null, "public_transport": "platform" }, "geometry": { "type": "Point", "coordinates": [ 77.7926866, 13.1632928 ] } },
{ "type": "Feature", "properties": { "name": "Yanagunte", "highway": "bus_stop", "railway": null, "public_transport": null }, "geometry": { "type": "Point", "coordinates": [ 77.7906585, 13.1576559 ] } },
{ "type": "Feature", "properties": { "name": "Tharabanahalli", "highway": "bus_stop", "railway": null, "public_transport": null }, "geometry": { "type": "Point", "coordinates": [ 77.6276853, 13.1904539 ] } },
{ "type": "Feature", "properties": { "name": "Subbayanapalya", "highway": "bus_stop", "railway": null, "public_transport": "platform" }, "geometry": { "type": "Point", "coordinates": [ 77.6409491, 13.0077208 ] } },
{ "type": "Feature", "properties": { "name": "Banasawadi (Towards B Channasandra)", "highway": "bus_stop", "railway": null, "public_transport": "platform" }, "geometry": { "type": "Point", "coordinates": [ 77.6509289, 13.0144163 ] } },
{ "type": "Feature", "properties": { "name": "Ayyappa Temple", "highway": "bus_stop", "railway": null, "public_transport": null }, "geometry": { "type": "Point", "coordinates": [ 77.640842, 13.0060438 ] } },
{ "type": "Feature", "properties": { "name": "Ayyappa Bakery", "highway": "bus_stop", "railway": null, "public_transport": "platform" }, "geometry": { "type": "Point", "coordinates": [ 77.6479074, 13.0062388 ] } },
{ "type": "Feature", "properties": { "name": "OMBR Layout", "highway": "bus_stop", "railway": null, "public_transport": null }, "geometry": { "type": "Point", "coordinates": [ 77.652392, 13.0082078 ] } },
{ "type": "Feature", "properties": { "name": "SRR Kalyana Mantapa", "highway": "bus_stop", "railway": null, "public_transport": null }, "geometry": { "type": "Point", "coordinates": [ 77.6546714, 13.0075155 ] } },
{ "type": "Feature", "properties": { "name": "B Channasandra", "highway": "bus_stop", "railway": null, "public_transport": "platform" }, "geometry": { "type": "Point", "coordinates": [ 77.6576206, 13.010227 ] } },
{ "type": "Feature", "properties": { "name": "Steel Factory Banaswadi", "highway": "bus_stop", "railway": null, "public_transport": "platform" }, "geometry": { "type": "Point", "coordinates": [ 77.6497417, 13.0133522 ] } },
{ "type": "Feature", "properties": { "name": "New Baldwin School", "highway": "bus_stop", "railway": null, "public_transport": "platform" }, "geometry": { "type": "Point", "coordinates": [ 77.6582688, 13.0144053 ] } },
{ "type": "Feature", "properties": { "name": "Ramamurthy Nagara Police Station", "highway": "bus_stop", "railway": null, "public_transport": "platform" }, "geometry": { "type": "Point", "coordinates": [ 77.6679705, 13.0120908 ] } },
{ "type": "Feature", "properties": { "name": "Ramamurthy Nagara Alada Mara", "highway": "bus_stop", "railway": null, "public_transport": "platform" }, "geometry": { "type": "Point", "coordinates": [ 77.6766774, 13.0114777 ] } },
{ "type": "Feature", "properties": { "name": "Devasandra", "highway": "bus_stop", "railway": null, "public_transport": null }, "geometry": { "type": "Point", "coordinates": [ 77.7002059, 13.0061898 ] } },
{ "type": "Feature", "properties": { "name": "Ayyappa Nagara", "highway": "bus_stop", "railway": null, "public_transport": null }, "geometry": { "type": "Point", "coordinates": [ 77.7099467, 13.0042884 ] } },
{ "type": "Feature", "properties": { "name": "Kasturinagara 2nd Stage", "highway": "bus_stop", "railway": null, "public_transport": "platform" }, "geometry": { "type": "Point", "coordinates": [ 77.6618187, 13.0011236 ] } },
{ "type": "Feature", "properties": { "name": "Koudenahalli Cross", "highway": "bus_stop", "railway": null, "public_transport": null }, "geometry": { "type": "Point", "coordinates": [ 77.6782257, 13.0193199 ] } },
{ "type": "Feature", "properties": { "name": "Akshaya Nagara", "highway": "bus_stop", "railway": null, "public_transport": null }, "geometry": { "type": "Point", "coordinates": [ 77.6839896, 13.0206774 ] } },
{ "type": "Feature", "properties": { "name": "Shanthi Layout", "highway": "bus_stop", "railway": null, "public_transport": null }, "geometry": { "type": "Point", "coordinates": [ 77.6834304, 13.0167674 ] } },
{ "type": "Feature", "properties": { "name": "Kodigehalli Cross", "highway": "bus_stop", "railway": null, "public_transport": "platform" }, "geometry": { "type": "Point", "coordinates": [ 77.7194339, 12.9961901 ] } },
{ "type": "Feature", "properties": { "name": "Kadugodi", "highway": "bus_stop", "railway": null, "public_transport": "platform" }, "geometry": { "type": "Point", "coordinates": [ 77.7582828, 12.9957158 ] } },
{ "type": "Feature", "properties": { "name": "Kadugodi", "highway": "bus_stop", "railway": null, "public_transport": "platform" }, "geometry": { "type": "Point", "coordinates": [ 77.7580713, 12.995729 ] } },
{ "type": "Feature", "properties": { "name": "Channasandra", "highway": "bus_stop", "railway": null, "public_transport": "platform" }, "geometry": { "type": "Point", "coordinates": [ 77.7681278, 12.983495 ] } },
{ "type": "Feature", "properties": { "name": "K Mallasandra", "highway": "bus_stop", "railway": null, "public_transport": null }, "geometry": { "type": "Point", "coordinates": [ 77.7841018, 13.008048 ] } },
{ "type": "Feature", "properties": { "name": "St. John's Hospital", "highway": "bus_stop", "railway": null, "public_transport": "platform" }, "geometry": { "type": "Point", "coordinates": [ 77.6160059, 12.9295407 ] } },
{ "type": "Feature", "properties": { "name": "Horamavu", "highway": "bus_stop", "railway": null, "public_transport": "platform" }, "geometry": { "type": "Point", "coordinates": [ 77.6607702, 13.0264172 ] } },
{ "type": "Feature", "properties": { "name": "Avalahalli", "highway": "bus_stop", "railway": null, "public_transport": null }, "geometry": { "type": "Point", "coordinates": [ 77.7357104, 13.0358933 ] } },
{ "type": "Feature", "properties": { "name": "Avalahalli", "highway": "bus_stop", "railway": null, "public_transport": null }, "geometry": { "type": "Point", "coordinates": [ 77.7358993, 13.0356039 ] } },
{ "type": "Feature", "properties": { "name": "Raghavendra Circle", "highway": "bus_stop", "railway": null, "public_transport": null }, "geometry": { "type": "Point", "coordinates": [ 77.6744514, 13.0199614 ] } },
{ "type": "Feature", "properties": { "name": "Koudenahalli Cross", "highway": "bus_stop", "railway": null, "public_transport": null }, "geometry": { "type": "Point", "coordinates": [ 77.6791051, 13.0212554 ] } },
{ "type": "Feature", "properties": { "name": "Ananda Nagara", "highway": "bus_stop", "railway": null, "public_transport": null }, "geometry": { "type": "Point", "coordinates": [ 77.692733, 13.0241924 ] } },
{ "type": "Feature", "properties": { "name": "Annagalpura Cross", "highway": "bus_stop", "railway": null, "public_transport": null }, "geometry": { "type": "Point", "coordinates": [ 77.6867831, 13.0618479 ] } },
{ "type": "Feature", "properties": { "name": "Kempapura", "highway": "bus_stop", "railway": null, "public_transport": "platform" }, "geometry": { "type": "Point", "coordinates": [ 77.6010257, 13.0438124 ] } },
{ "type": "Feature", "properties": { "name": "Nagavara Junction", "highway": "bus_stop", "railway": null, "public_transport": "platform" }, "geometry": { "type": "Point", "coordinates": [ 77.6246913, 13.0401032 ] } },
{ "type": "Feature", "properties": { "name": "Nagavara Junction", "highway": "bus_stop", "railway": null, "public_transport": "platform" }, "geometry": { "type": "Point", "coordinates": [ 77.6241033, 13.0400746 ] } },
{ "type": "Feature", "properties": { "name": "80 Feet Road Kalyan Nagara", "highway": "bus_stop", "railway": null, "public_transport": "platform" }, "geometry": { "type": "Point", "coordinates": [ 77.6431407, 13.0246415 ] } },
{ "type": "Feature", "properties": { "name": "HRBR Layout Cross", "highway": "bus_stop", "railway": null, "public_transport": "stop_position" }, "geometry": { "type": "Point", "coordinates": [ 77.6432169, 13.0240735 ] } },
{ "type": "Feature", "properties": { "name": "Babusab Palya", "highway": "bus_stop", "railway": null, "public_transport": "platform" }, "geometry": { "type": "Point", "coordinates": [ 77.6484372, 13.0222011 ] } },
{ "type": "Feature", "properties": { "name": "Babusab Palya", "highway": "bus_stop", "railway": null, "public_transport": "platform" }, "geometry": { "type": "Point", "coordinates": [ 77.6483293, 13.0219613 ] } },
{ "type": "Feature", "properties": { "name": "Vijaya Bank Colony", "highway": "bus_stop", "railway": null, "public_transport": "platform" }, "geometry": { "type": "Point", "coordinates": [ 77.6602146, 13.0169587 ] } },
{ "type": "Feature", "properties": { "name": "Tin Factory", "highway": "bus_stop", "railway": null, "public_transport": "platform" }, "geometry": { "type": "Point", "coordinates": [ 77.6691307, 12.997038 ] } },
{ "type": "Feature", "properties": { "name": "Tin Factory", "highway": "bus_stop", "railway": null, "public_transport": "platform" }, "geometry": { "type": "Point", "coordinates": [ 77.6697902, 12.9966231 ] } },
{ "type": "Feature", "properties": { "name": "KR Pura Market", "highway": "bus_stop", "railway": null, "public_transport": "platform" }, "geometry": { "type": "Point", "coordinates": [ 77.6952928, 13.0084392 ] } },
{ "type": "Feature", "properties": { "name": "KR Puram New Layout", "highway": "bus_stop", "railway": null, "public_transport": "platform" }, "geometry": { "type": "Point", "coordinates": [ 77.6987282, 13.0119226 ] } },
{ "type": "Feature", "properties": { "name": "KR Puram New Layout", "highway": "bus_stop", "railway": null, "public_transport": "platform" }, "geometry": { "type": "Point", "coordinates": [ 77.6990457, 13.0119031 ] } },
{ "type": "Feature", "properties": { "name": "Bhattarahalli", "highway": "bus_stop", "railway": null, "public_transport": "platform" }, "geometry": { "type": "Point", "coordinates": [ 77.7095085, 13.0202265 ] } },
{ "type": "Feature", "properties": { "name": "Bhattarahalli", "highway": "bus_stop", "railway": null, "public_transport": "platform" }, "geometry": { "type": "Point", "coordinates": [ 77.7097161, 13.0199672 ] } },
{ "type": "Feature", "properties": { "name": "Medahalli", "highway": "bus_stop", "railway": null, "public_transport": "platform" }, "geometry": { "type": "Point", "coordinates": [ 77.7203227, 13.026334 ] } },
{ "type": "Feature", "properties": { "name": "Medahalli", "highway": "bus_stop", "railway": null, "public_transport": "platform" }, "geometry": { "type": "Point", "coordinates": [ 77.7203199, 13.0259667 ] } },
{ "type": "Feature", "properties": { "name": "Sheni Mahatma Temple", "highway": "bus_stop", "railway": null, "public_transport": null }, "geometry": { "type": "Point", "coordinates": [ 77.73094, 13.0324751 ] } },
{ "type": "Feature", "properties": { "name": "Sheni Mahatma Temple", "highway": "bus_stop", "railway": null, "public_transport": null }, "geometry": { "type": "Point", "coordinates": [ 77.7312142, 13.0322444 ] } },
{ "type": "Feature", "properties": { "name": "Pettanahalli Cross", "highway": "bus_stop", "railway": null, "public_transport": null }, "geometry": { "type": "Point", "coordinates": [ 77.7847547, 13.0516532 ] } },
{ "type": "Feature", "properties": { "name": "Ganaglu Cross", "highway": "bus_stop", "railway": null, "public_transport": null }, "geometry": { "type": "Point", "coordinates": [ 77.7975769, 13.0459829 ] } },
{ "type": "Feature", "properties": { "name": "Indian Oil Sevanagar", "highway": "bus_stop", "railway": null, "public_transport": "platform" }, "geometry": { "type": "Point", "coordinates": [ 77.6367948, 13.0047953 ] } },
{ "type": "Feature", "properties": { "name": "Ramaswamypalya", "highway": "bus_stop", "railway": null, "public_transport": "platform" }, "geometry": { "type": "Point", "coordinates": [ 77.6352983, 13.0096843 ] } },
{ "type": "Feature", "properties": { "name": "Banasawadi 80ft Road", "highway": "bus_stop", "railway": null, "public_transport": "platform" }, "geometry": { "type": "Point", "coordinates": [ 77.6428522, 13.0160331 ] } },
{ "type": "Feature", "properties": { "name": "Jn of 9th Main and 3rd Cross", "highway": "bus_stop", "railway": null, "public_transport": "platform" }, "geometry": { "type": "Point", "coordinates": [ 77.6473034, 13.018155 ] } },
{ "type": "Feature", "properties": { "name": "Babusab Palya", "highway": "bus_stop", "railway": null, "public_transport": "platform" }, "geometry": { "type": "Point", "coordinates": [ 77.6474158, 13.0223417 ] } },
{ "type": "Feature", "properties": { "name": "Jalavayu Vihara", "highway": "bus_stop", "railway": null, "public_transport": "platform" }, "geometry": { "type": "Point", "coordinates": [ 77.636933, 13.0213775 ] } },
{ "type": "Feature", "properties": { "name": "Kullappa Circle", "highway": "bus_stop", "railway": null, "public_transport": null }, "geometry": { "type": "Point", "coordinates": [ 77.6394237, 13.0140537 ] } },
{ "type": "Feature", "properties": { "name": "Chalekere", "highway": "bus_stop", "railway": null, "public_transport": null }, "geometry": { "type": "Point", "coordinates": [ 77.6412496, 13.027538 ] } },
{ "type": "Feature", "properties": { "name": "Jn of Oil Mill Road", "highway": "bus_stop", "railway": null, "public_transport": null }, "geometry": { "type": "Point", "coordinates": [ 77.6352633, 13.0127579 ] } },
{ "type": "Feature", "properties": { "name": "Lingarajapuram KHB Colony", "highway": "bus_stop", "railway": null, "public_transport": null }, "geometry": { "type": "Point", "coordinates": [ 77.6317639, 13.0113519 ] } },
{ "type": "Feature", "properties": { "name": "Mariyamma Layout", "highway": "bus_stop", "railway": null, "public_transport": "platform" }, "geometry": { "type": "Point", "coordinates": [ 77.6499411, 13.0259839 ] } },
{ "type": "Feature", "properties": { "name": "Indiranagar BMTC Depot", "highway": "bus_stop", "railway": null, "public_transport": "platform" }, "geometry": { "type": "Point", "coordinates": [ 77.6346248, 12.9822832 ] } },
{ "type": "Feature", "properties": { "name": "Binnamangala", "highway": "bus_stop", "railway": null, "public_transport": "platform" }, "geometry": { "type": "Point", "coordinates": [ 77.6394849, 12.9835653 ] } },
{ "type": "Feature", "properties": { "name": "NGEF", "highway": "bus_stop", "railway": null, "public_transport": "platform" }, "geometry": { "type": "Point", "coordinates": [ 77.6499495, 12.9877354 ] } },
{ "type": "Feature", "properties": { "name": "Srinivasapura", "highway": "bus_stop", "railway": null, "public_transport": "platform" }, "geometry": { "type": "Point", "coordinates": [ 77.6549626, 12.9900459 ] } },
{ "type": "Feature", "properties": { "name": "B Narayanapura", "highway": "bus_stop", "railway": null, "public_transport": "platform" }, "geometry": { "type": "Point", "coordinates": [ 77.6836415, 13.0004333 ] } },
{ "type": "Feature", "properties": { "name": "B Narayanapura", "highway": "bus_stop", "railway": null, "public_transport": "platform" }, "geometry": { "type": "Point", "coordinates": [ 77.6836813, 13.0002517 ] } },
{ "type": "Feature", "properties": { "name": "Mahadevapura", "highway": "bus_stop", "railway": null, "public_transport": "platform" }, "geometry": { "type": "Point", "coordinates": [ 77.6907362, 12.9971871 ] } },
{ "type": "Feature", "properties": { "name": "Singayyana Palya", "highway": "bus_stop", "railway": null, "public_transport": "platform" }, "geometry": { "type": "Point", "coordinates": [ 77.6949399, 12.9957625 ] } },
{ "type": "Feature", "properties": { "name": "Singayyana Palya", "highway": "bus_stop", "railway": null, "public_transport": "platform" }, "geometry": { "type": "Point", "coordinates": [ 77.6947489, 12.9956027 ] } },
{ "type": "Feature", "properties": { "name": "Garudachar Palya", "highway": "bus_stop", "railway": null, "public_transport": "platform" }, "geometry": { "type": "Point", "coordinates": [ 77.7016203, 12.9940416 ] } },
{ "type": "Feature", "properties": { "name": "Bhorkua Steel", "highway": "bus_stop", "railway": null, "public_transport": "platform" }, "geometry": { "type": "Point", "coordinates": [ 77.705904, 12.9930772 ] } },
{ "type": "Feature", "properties": { "name": "Rajapalya", "highway": "bus_stop", "railway": null, "public_transport": "platform" }, "geometry": { "type": "Point", "coordinates": [ 77.7211626, 12.9913858 ] } },
{ "type": "Feature", "properties": { "name": "Rajapalya", "highway": "bus_stop", "railway": null, "public_transport": "platform" }, "geometry": { "type": "Point", "coordinates": [ 77.7210815, 12.9911963 ] } },
{ "type": "Feature", "properties": { "name": "Pattandur Agrahara Gate", "highway": "bus_stop", "railway": null, "public_transport": "platform" }, "geometry": { "type": "Point", "coordinates": [ 77.7342371, 12.9879449 ] } },
{ "type": "Feature", "properties": { "name": "Pattandur Agrahara Gate", "highway": "bus_stop", "railway": null, "public_transport": "platform" }, "geometry": { "type": "Point", "coordinates": [ 77.7342664, 12.9877141 ] } },
{ "type": "Feature", "properties": { "name": "ITPL", "highway": "bus_stop", "railway": null, "public_transport": "platform" }, "geometry": { "type": "Point", "coordinates": [ 77.7369166, 12.9877152 ] } },
{ "type": "Feature", "properties": { "name": "B P L Whitefield", "highway": "bus_stop", "railway": null, "public_transport": "platform" }, "geometry": { "type": "Point", "coordinates": [ 77.7483356, 12.9852735 ] } },
{ "type": "Feature", "properties": { "name": "B P L Whitefield", "highway": "bus_stop", "railway": null, "public_transport": "platform" }, "geometry": { "type": "Point", "coordinates": [ 77.7480845, 12.9851088 ] } },
{ "type": "Feature", "properties": { "name": "Dunnasandra", "highway": "bus_stop", "railway": null, "public_transport": null }, "geometry": { "type": "Point", "coordinates": [ 77.8164955, 12.9768411 ] } },
{ "type": "Feature", "properties": { "name": "Dunnasandra Cross", "highway": "bus_stop", "railway": null, "public_transport": "platform" }, "geometry": { "type": "Point", "coordinates": [ 77.8202416, 12.9761299 ] } },
{ "type": "Feature", "properties": { "name": "Anugondanahalli Cross", "highway": "bus_stop", "railway": null, "public_transport": "platform" }, "geometry": { "type": "Point", "coordinates": [ 77.8154711, 12.9590413 ] } },
{ "type": "Feature", "properties": { "name": "Obalapura Cross", "highway": "bus_stop", "railway": null, "public_transport": "platform" }, "geometry": { "type": "Point", "coordinates": [ 77.823951, 12.9563524 ] } },
{ "type": "Feature", "properties": { "name": "Kallukunte Agrahara", "highway": "bus_stop", "railway": null, "public_transport": "platform" }, "geometry": { "type": "Point", "coordinates": [ 77.8409645, 12.9327548 ] } },
{ "type": "Feature", "properties": { "name": "Kundalahalli Colony", "highway": "bus_stop", "railway": null, "public_transport": "platform" }, "geometry": { "type": "Point", "coordinates": [ 77.7124547, 12.9706827 ] } },
{ "type": "Feature", "properties": { "name": "Kundalahalli Colony", "highway": "bus_stop", "railway": null, "public_transport": "platform" }, "geometry": { "type": "Point", "coordinates": [ 77.7126289, 12.9697674 ] } },
{ "type": "Feature", "properties": { "name": "BN Bache Gowda Badavane", "highway": "bus_stop", "railway": null, "public_transport": null }, "geometry": { "type": "Point", "coordinates": [ 77.8451366, 12.9628114 ] } },
{ "type": "Feature", "properties": { "name": "Dodda Gattiganabbe", "highway": "bus_stop", "railway": null, "public_transport": null }, "geometry": { "type": "Point", "coordinates": [ 77.7855211, 13.0332515 ] } },
{ "type": "Feature", "properties": { "name": "Vaghata", "highway": "bus_stop", "railway": null, "public_transport": "platform" }, "geometry": { "type": "Point", "coordinates": [ 77.8357103, 13.0229826 ] } },
{ "type": "Feature", "properties": { "name": "Tharabanahalli Cross", "highway": "bus_stop", "railway": null, "public_transport": null }, "geometry": { "type": "Point", "coordinates": [ 77.841402, 12.9982286 ] } },
{ "type": "Feature", "properties": { "name": "Tharabana Halli", "highway": "bus_stop", "railway": null, "public_transport": null }, "geometry": { "type": "Point", "coordinates": [ 77.8439585, 12.9965277 ] } },
{ "type": "Feature", "properties": { "name": "Devanagundi", "highway": "bus_stop", "railway": null, "public_transport": null }, "geometry": { "type": "Point", "coordinates": [ 77.8394018, 12.9736132 ] } },
{ "type": "Feature", "properties": { "name": "D Hosahalli Cross", "highway": "bus_stop", "railway": null, "public_transport": null }, "geometry": { "type": "Point", "coordinates": [ 77.8295519, 12.9747853 ] } },
{ "type": "Feature", "properties": { "name": "Devanagundi Cross", "highway": "bus_stop", "railway": null, "public_transport": null }, "geometry": { "type": "Point", "coordinates": [ 77.8393029, 12.9659232 ] } },
{ "type": "Feature", "properties": { "name": "Medahalli Cross", "highway": "bus_stop", "railway": null, "public_transport": null }, "geometry": { "type": "Point", "coordinates": [ 77.8435193, 12.9655677 ] } },
{ "type": "Feature", "properties": { "name": "Medahalli Colony", "highway": "bus_stop", "railway": null, "public_transport": null }, "geometry": { "type": "Point", "coordinates": [ 77.8455388, 12.9682677 ] } },
{ "type": "Feature", "properties": { "name": "LPG Gas company", "highway": "bus_stop", "railway": null, "public_transport": null }, "geometry": { "type": "Point", "coordinates": [ 77.8300974, 12.9894045 ] } },
{ "type": "Feature", "properties": { "name": "Kanekallu", "highway": "bus_stop", "railway": null, "public_transport": null }, "geometry": { "type": "Point", "coordinates": [ 77.8229308, 12.9932008 ] } },
{ "type": "Feature", "properties": { "name": "Hosahalli", "highway": "bus_stop", "railway": null, "public_transport": null }, "geometry": { "type": "Point", "coordinates": [ 77.8321198, 12.9684289 ] } },
{ "type": "Feature", "properties": { "name": "Sai Baba Hospital", "highway": "bus_stop", "railway": null, "public_transport": "platform" }, "geometry": { "type": "Point", "coordinates": [ 77.7281361, 12.9824526 ] } },
{ "type": "Feature", "properties": { "name": "SJR Park ITPL", "highway": "bus_stop", "railway": null, "public_transport": "platform" }, "geometry": { "type": "Point", "coordinates": [ 77.7272748, 12.9805104 ] } },
{ "type": "Feature", "properties": { "name": "SJR Park ITPL", "highway": "bus_stop", "railway": null, "public_transport": "platform" }, "geometry": { "type": "Point", "coordinates": [ 77.7275164, 12.9804194 ] } },
{ "type": "Feature", "properties": { "name": "KTPO", "highway": "bus_stop", "railway": null, "public_transport": "platform" }, "geometry": { "type": "Point", "coordinates": [ 77.7214789, 12.9771521 ] } },
{ "type": "Feature", "properties": { "name": "SAP ITPL", "highway": "bus_stop", "railway": null, "public_transport": "platform" }, "geometry": { "type": "Point", "coordinates": [ 77.7149595, 12.9777295 ] } },
{ "type": "Feature", "properties": { "name": "Spice Garden", "highway": "bus_stop", "railway": null, "public_transport": "platform" }, "geometry": { "type": "Point", "coordinates": [ 77.7088804, 12.9562995 ] } },
{ "type": "Feature", "properties": { "name": "Marathahalli Bridge", "highway": "bus_stop", "railway": null, "public_transport": "platform" }, "geometry": { "type": "Point", "coordinates": [ 77.7023862, 12.957007 ] } },
{ "type": "Feature", "properties": { "name": "Paramanahalli", "highway": "bus_stop", "railway": null, "public_transport": null }, "geometry": { "type": "Point", "coordinates": [ 77.8430293, 13.0086515 ] } },
{ "type": "Feature", "properties": { "name": "Udayanagara", "highway": "bus_stop", "railway": null, "public_transport": null }, "geometry": { "type": "Point", "coordinates": [ 77.6749278, 12.989628 ] } },
{ "type": "Feature", "properties": { "name": "Sadananda Nagara", "highway": "bus_stop", "railway": null, "public_transport": "platform" }, "geometry": { "type": "Point", "coordinates": [ 77.657986, 12.9944028 ] } },
{ "type": "Feature", "properties": { "name": "Garden City College", "highway": "bus_stop", "railway": null, "public_transport": "platform" }, "geometry": { "type": "Point", "coordinates": [ 77.7061954, 13.0231346 ] } },
{ "type": "Feature", "properties": { "name": "Kittaganuru", "highway": "bus_stop", "railway": null, "public_transport": null }, "geometry": { "type": "Point", "coordinates": [ 77.7104943, 13.0373116 ] } },
{ "type": "Feature", "properties": { "name": "Vijanapura", "highway": "bus_stop", "railway": null, "public_transport": null }, "geometry": { "type": "Point", "coordinates": [ 77.6678609, 13.0032009 ] } },
{ "type": "Feature", "properties": { "name": "Sigehalli", "highway": "bus_stop", "railway": null, "public_transport": null }, "geometry": { "type": "Point", "coordinates": [ 77.7169942, 13.0160824 ] } },
{ "type": "Feature", "properties": { "name": "Varanasi", "highway": "bus_stop", "railway": null, "public_transport": null }, "geometry": { "type": "Point", "coordinates": [ 77.6850518, 13.0301146 ] } },
{ "type": "Feature", "properties": { "name": "Thippasandra Ganesha Temple", "highway": "bus_stop", "railway": null, "public_transport": "platform" }, "geometry": { "type": "Point", "coordinates": [ 77.6540641, 12.972144 ] } },
{ "type": "Feature", "properties": { "name": "Dare", "highway": "bus_stop", "railway": null, "public_transport": null }, "geometry": { "type": "Point", "coordinates": [ 77.6727858, 12.9854999 ] } },
{ "type": "Feature", "properties": { "name": "DRDO 2ND Phase", "highway": "bus_stop", "railway": null, "public_transport": null }, "geometry": { "type": "Point", "coordinates": [ 77.6790908, 12.9859152 ] } },
{ "type": "Feature", "properties": { "name": "Mallesh Palya", "highway": "bus_stop", "railway": null, "public_transport": "platform" }, "geometry": { "type": "Point", "coordinates": [ 77.6703784, 12.9748505 ] } },
{ "type": "Feature", "properties": { "name": "Mallesh Palya New Bus Stand", "highway": "bus_stop", "railway": null, "public_transport": "platform" }, "geometry": { "type": "Point", "coordinates": [ 77.6777588, 12.9728481 ] } },
{ "type": "Feature", "properties": { "name": "Abbaiah Layout", "highway": "bus_stop", "railway": null, "public_transport": "platform" }, "geometry": { "type": "Point", "coordinates": [ 77.6808575, 12.9793688 ] } },
{ "type": "Feature", "properties": { "name": "Shringarapura", "highway": "bus_stop", "railway": null, "public_transport": null }, "geometry": { "type": "Point", "coordinates": [ 77.7434476, 13.0992458 ] } },
{ "type": "Feature", "properties": { "name": "Chimmasandra Cross", "highway": "bus_stop", "railway": null, "public_transport": null }, "geometry": { "type": "Point", "coordinates": [ 77.7399628, 13.0389419 ] } },
{ "type": "Feature", "properties": { "name": "Kattugollahalli", "highway": "bus_stop", "railway": null, "public_transport": null }, "geometry": { "type": "Point", "coordinates": [ 77.7356396, 13.0945321 ] } },
{ "type": "Feature", "properties": { "name": "Kaggalahalli", "highway": "bus_stop", "railway": null, "public_transport": "platform" }, "geometry": { "type": "Point", "coordinates": [ 77.7452402, 13.1584926 ] } },
{ "type": "Feature", "properties": { "name": "Somathanahalli Gate Budigere Road", "highway": "bus_stop", "railway": null, "public_transport": null }, "geometry": { "type": "Point", "coordinates": [ 77.7601968, 13.1710639 ] } },
{ "type": "Feature", "properties": { "name": "Jonnahalli", "highway": "bus_stop", "railway": null, "public_transport": null }, "geometry": { "type": "Point", "coordinates": [ 77.7591126, 13.1817272 ] } },
{ "type": "Feature", "properties": { "name": "Nalluru", "highway": "bus_stop", "railway": null, "public_transport": null }, "geometry": { "type": "Point", "coordinates": [ 77.7603307, 13.1866103 ] } },
{ "type": "Feature", "properties": { "name": "Betta Kote", "highway": "bus_stop", "railway": null, "public_transport": null }, "geometry": { "type": "Point", "coordinates": [ 77.739205, 13.1991494 ] } },
{ "type": "Feature", "properties": { "name": "Kajisonnena halli", "highway": "bus_stop", "railway": null, "public_transport": null }, "geometry": { "type": "Point", "coordinates": [ 77.7701635, 13.0346009 ] } },
{ "type": "Feature", "properties": { "name": "High School", "highway": "bus_stop", "railway": null, "public_transport": null }, "geometry": { "type": "Point", "coordinates": [ 77.7937128, 13.0359382 ] } },
{ "type": "Feature", "properties": { "name": "Kannurahalli", "highway": "bus_stop", "railway": null, "public_transport": "platform" }, "geometry": { "type": "Point", "coordinates": [ 77.8072568, 13.0598766 ] } },
{ "type": "Feature", "properties": { "name": "Kumbalahalli", "highway": "bus_stop", "railway": null, "public_transport": null }, "geometry": { "type": "Point", "coordinates": [ 77.7933976, 13.0919137 ] } },
{ "type": "Feature", "properties": { "name": "Jn of Malur Road", "highway": "bus_stop", "railway": null, "public_transport": null }, "geometry": { "type": "Point", "coordinates": [ 77.8016763, 13.0776614 ] } },
{ "type": "Feature", "properties": { "name": "Sonnadevanahalli Cross", "highway": "bus_stop", "railway": null, "public_transport": "platform" }, "geometry": { "type": "Point", "coordinates": [ 77.8076763, 13.0878915 ] } },
{ "type": "Feature", "properties": { "name": "Doddahulluru", "highway": "bus_stop", "railway": null, "public_transport": "platform" }, "geometry": { "type": "Point", "coordinates": [ 77.8218793, 13.1021366 ] } },
{ "type": "Feature", "properties": { "name": "Pillagumba", "highway": "bus_stop", "railway": null, "public_transport": "platform" }, "geometry": { "type": "Point", "coordinates": [ 77.8353493, 13.1151938 ] } },
{ "type": "Feature", "properties": { "name": "Hotel Hemarold", "highway": "bus_stop", "railway": null, "public_transport": "platform" }, "geometry": { "type": "Point", "coordinates": [ 77.8189771, 13.0833443 ] } },
{ "type": "Feature", "properties": { "name": "Hotel Hemarold", "highway": "bus_stop", "railway": null, "public_transport": "platform" }, "geometry": { "type": "Point", "coordinates": [ 77.8192169, 13.0828634 ] } },
{ "type": "Feature", "properties": { "name": "Kolathur Gate", "highway": "bus_stop", "railway": null, "public_transport": null }, "geometry": { "type": "Point", "coordinates": [ 77.8253241, 13.0849847 ] } },
{ "type": "Feature", "properties": { "name": "Kolathur Gate", "highway": "bus_stop", "railway": null, "public_transport": null }, "geometry": { "type": "Point", "coordinates": [ 77.8251724, 13.0850285 ] } },
{ "type": "Feature", "properties": { "name": "Halasahalli Gate", "highway": "bus_stop", "railway": null, "public_transport": "platform" }, "geometry": { "type": "Point", "coordinates": [ 77.8361199, 13.0900541 ] } },
{ "type": "Feature", "properties": { "name": "Halasahalli", "highway": "bus_stop", "railway": null, "public_transport": "platform" }, "geometry": { "type": "Point", "coordinates": [ 77.8356988, 13.092345 ] } },
{ "type": "Feature", "properties": { "name": "Al Ameena Residential School", "highway": "bus_stop", "railway": null, "public_transport": "platform" }, "geometry": { "type": "Point", "coordinates": [ 77.8090088, 13.0689828 ] } },
{ "type": "Feature", "properties": { "name": "Haralur Cross", "highway": "bus_stop", "railway": null, "public_transport": "platform" }, "geometry": { "type": "Point", "coordinates": [ 77.8364311, 13.058054 ] } },
{ "type": "Feature", "properties": { "name": "Chikkahulluru", "highway": "bus_stop", "railway": null, "public_transport": "platform" }, "geometry": { "type": "Point", "coordinates": [ 77.8263132, 13.1063953 ] } },
{ "type": "Feature", "properties": { "name": "Mallimakanapura", "highway": "bus_stop", "railway": null, "public_transport": "platform" }, "geometry": { "type": "Point", "coordinates": [ 77.8475956, 13.1272659 ] } },
{ "type": "Feature", "properties": { "name": "Chimandahalli", "highway": "bus_stop", "railway": null, "public_transport": "platform" }, "geometry": { "type": "Point", "coordinates": [ 77.8118799, 13.050485 ] } },
{ "type": "Feature", "properties": { "name": "Beguru", "highway": "bus_stop", "railway": null, "public_transport": null }, "geometry": { "type": "Point", "coordinates": [ 77.8432909, 13.1387357 ] } },
{ "type": "Feature", "properties": { "name": "Malur Cross", "highway": "bus_stop", "railway": null, "public_transport": null }, "geometry": { "type": "Point", "coordinates": [ 77.8261552, 13.0297128 ] } },
{ "type": "Feature", "properties": { "name": "Nimbekayipura", "highway": "bus_stop", "railway": null, "public_transport": null }, "geometry": { "type": "Point", "coordinates": [ 77.7559258, 13.0584698 ] } },
{ "type": "Feature", "properties": { "name": "Thirumenahalli", "highway": "bus_stop", "railway": null, "public_transport": null }, "geometry": { "type": "Point", "coordinates": [ 77.7533825, 13.1112668 ] } },
{ "type": "Feature", "properties": { "name": "Kannamangala Gate", "highway": "bus_stop", "railway": null, "public_transport": "platform" }, "geometry": { "type": "Point", "coordinates": [ 77.7585724, 13.0321029 ] } },
{ "type": "Feature", "properties": { "name": "Seegehalli Gate", "highway": "bus_stop", "railway": null, "public_transport": "platform" }, "geometry": { "type": "Point", "coordinates": [ 77.7611913, 13.0134059 ] } },
{ "type": "Feature", "properties": { "name": "Sai Garden", "highway": "bus_stop", "railway": null, "public_transport": null }, "geometry": { "type": "Point", "coordinates": [ 77.7594874, 13.010372 ] } },
{ "type": "Feature", "properties": { "name": "Pattanduru Agrahara", "highway": "bus_stop", "railway": null, "public_transport": "platform" }, "geometry": { "type": "Point", "coordinates": [ 77.7339188, 12.9782986 ] } },
{ "type": "Feature", "properties": { "name": "Saibaba General Hospital", "highway": "bus_stop", "railway": null, "public_transport": "platform" }, "geometry": { "type": "Point", "coordinates": [ 77.7506939, 12.9744422 ] } },
{ "type": "Feature", "properties": { "name": "Saibaba General Hospital", "highway": "bus_stop", "railway": null, "public_transport": "platform" }, "geometry": { "type": "Point", "coordinates": [ 77.7504051, 12.9740103 ] } },
{ "type": "Feature", "properties": { "name": "Gandhipura", "highway": "bus_stop", "railway": null, "public_transport": "platform" }, "geometry": { "type": "Point", "coordinates": [ 77.7528005, 12.969662 ] } },
{ "type": "Feature", "properties": { "name": "Hagadur Cross", "highway": "bus_stop", "railway": null, "public_transport": "platform" }, "geometry": { "type": "Point", "coordinates": [ 77.7560498, 12.9684666 ] } },
{ "type": "Feature", "properties": { "name": "Immadihalli", "highway": "bus_stop", "railway": null, "public_transport": "platform" }, "geometry": { "type": "Point", "coordinates": [ 77.7630225, 12.9667571 ] } },
{ "type": "Feature", "properties": { "name": "Nagagondanahalli", "highway": "bus_stop", "railway": null, "public_transport": "platform" }, "geometry": { "type": "Point", "coordinates": [ 77.7713656, 12.9752095 ] } },
{ "type": "Feature", "properties": { "name": "Naganayakana Kote", "highway": "bus_stop", "railway": null, "public_transport": null }, "geometry": { "type": "Point", "coordinates": [ 77.799872, 12.9653566 ] } },
{ "type": "Feature", "properties": { "name": "Seegehalli", "highway": "bus_stop", "railway": null, "public_transport": null }, "geometry": { "type": "Point", "coordinates": [ 77.7647816, 13.0120097 ] } },
{ "type": "Feature", "properties": { "name": "Byadarahalli", "highway": "bus_stop", "railway": null, "public_transport": null }, "geometry": { "type": "Point", "coordinates": [ 77.8153019, 12.9396306 ] } },
{ "type": "Feature", "properties": { "name": "Kalamandir", "highway": "bus_stop", "railway": null, "public_transport": "platform" }, "geometry": { "type": "Point", "coordinates": [ 77.7012458, 12.9600427 ] } },
{ "type": "Feature", "properties": { "name": "Marathahalli", "highway": "bus_stop", "railway": null, "public_transport": "platform" }, "geometry": { "type": "Point", "coordinates": [ 77.7001144, 12.9522828 ] } },
{ "type": "Feature", "properties": { "name": "Kundalahalli Gate", "highway": "bus_stop", "railway": null, "public_transport": "platform" }, "geometry": { "type": "Point", "coordinates": [ 77.7134677, 12.9558487 ] } },
{ "type": "Feature", "properties": { "name": "Thubarahalli", "highway": "bus_stop", "railway": null, "public_transport": "platform" }, "geometry": { "type": "Point", "coordinates": [ 77.7215365, 12.9559247 ] } },
{ "type": "Feature", "properties": { "name": "Thubarahalli", "highway": "bus_stop", "railway": null, "public_transport": "platform" }, "geometry": { "type": "Point", "coordinates": [ 77.7205556, 12.9557287 ] } },
{ "type": "Feature", "properties": { "name": "Siddapura (towards Kundalahalli Gate)", "highway": "bus_stop", "railway": null, "public_transport": "platform" }, "geometry": { "type": "Point", "coordinates": [ 77.7308717, 12.9560945 ] } },
{ "type": "Feature", "properties": { "name": "Ramagondanahalli Varthuru", "highway": "bus_stop", "railway": null, "public_transport": "platform" }, "geometry": { "type": "Point", "coordinates": [ 77.7413745, 12.9569031 ] } },
{ "type": "Feature", "properties": { "name": "Varthuru Kodi", "highway": "bus_stop", "railway": null, "public_transport": "platform" }, "geometry": { "type": "Point", "coordinates": [ 77.7446448, 12.956597 ] } },
{ "type": "Feature", "properties": { "name": "Varthuru Kodi", "highway": "bus_stop", "railway": null, "public_transport": "platform" }, "geometry": { "type": "Point", "coordinates": [ 77.7452244, 12.956952 ] } },
{ "type": "Feature", "properties": { "name": "Vinayak Nagara,Gunjuru", "highway": "bus_stop", "railway": null, "public_transport": "platform" }, "geometry": { "type": "Point", "coordinates": [ 77.7393805, 12.9286181 ] } },
{ "type": "Feature", "properties": { "name": "Thippasandra Gate, Aralimara", "highway": "bus_stop", "railway": null, "public_transport": "platform" }, "geometry": { "type": "Point", "coordinates": [ 77.7543508, 12.9182432 ] } },
{ "type": "Feature", "properties": { "name": "Kugur Cross", "highway": "bus_stop", "railway": null, "public_transport": null }, "geometry": { "type": "Point", "coordinates": [ 77.8085338, 12.8996084 ] } },
{ "type": "Feature", "properties": { "name": "Baguru", "highway": "bus_stop", "railway": null, "public_transport": null }, "geometry": { "type": "Point", "coordinates": [ 77.8417209, 12.8969482 ] } },
{ "type": "Feature", "properties": { "name": "Maddappanahalli", "highway": "bus_stop", "railway": null, "public_transport": null }, "geometry": { "type": "Point", "coordinates": [ 77.7962008, 12.9175138 ] } },
{ "type": "Feature", "properties": { "name": "Nekkundi Dommasandra", "highway": "bus_stop", "railway": null, "public_transport": null }, "geometry": { "type": "Point", "coordinates": [ 77.7758643, 12.9278458 ] } },
{ "type": "Feature", "properties": { "name": "Halasa Halli Cross", "highway": "bus_stop", "railway": null, "public_transport": "platform" }, "geometry": { "type": "Point", "coordinates": [ 77.7581777, 12.932963 ] } },
{ "type": "Feature", "properties": { "name": "Varthuru Police Station", "highway": "bus_stop", "railway": null, "public_transport": "platform" }, "geometry": { "type": "Point", "coordinates": [ 77.7462676, 12.9375303 ] } },
{ "type": "Feature", "properties": { "name": "Ramanayakanahalli", "highway": "bus_stop", "railway": null, "public_transport": null }, "geometry": { "type": "Point", "coordinates": [ 77.7549653, 12.9100152 ] } },
{ "type": "Feature", "properties": { "name": "Bellandur Petrol Bunk", "highway": "bus_stop", "railway": null, "public_transport": "platform" }, "geometry": { "type": "Point", "coordinates": [ 77.6702113, 12.9231407 ] } },
{ "type": "Feature", "properties": { "name": "Bellandur Petrol Bunk", "highway": "bus_stop", "railway": null, "public_transport": "platform" }, "geometry": { "type": "Point", "coordinates": [ 77.6701247, 12.9228369 ] } },
{ "type": "Feature", "properties": { "name": "Brooke Bond", "highway": "bus_stop", "railway": null, "public_transport": "platform" }, "geometry": { "type": "Point", "coordinates": [ 77.7484119, 12.9642618 ] } },
{ "type": "Feature", "properties": { "name": "Brooke Bond", "highway": "bus_stop", "railway": null, "public_transport": "platform" }, "geometry": { "type": "Point", "coordinates": [ 77.7487198, 12.9645437 ] } },
{ "type": "Feature", "properties": { "name": "Vinayakanagar", "highway": "bus_stop", "railway": null, "public_transport": "platform" }, "geometry": { "type": "Point", "coordinates": [ 77.7553608, 12.9647288 ] } },
{ "type": "Feature", "properties": { "name": "Hagaduru", "highway": "bus_stop", "railway": null, "public_transport": "platform" }, "geometry": { "type": "Point", "coordinates": [ 77.7568837, 12.9659294 ] } },
{ "type": "Feature", "properties": { "name": "Vijayanagar", "highway": "bus_stop", "railway": null, "public_transport": null }, "geometry": { "type": "Point", "coordinates": [ 77.7546005, 12.9753566 ] } },
{ "type": "Feature", "properties": { "name": "Sorahunase Temple", "highway": "bus_stop", "railway": null, "public_transport": "platform" }, "geometry": { "type": "Point", "coordinates": [ 77.7544752, 12.9474841 ] } },
{ "type": "Feature", "properties": { "name": "Ayyappa Temple", "highway": "bus_stop", "railway": null, "public_transport": "platform" }, "geometry": { "type": "Point", "coordinates": [ 77.617142, 12.9259398 ] } },
{ "type": "Feature", "properties": { "name": "Silk Board", "highway": "bus_stop", "railway": null, "public_transport": "platform" }, "geometry": { "type": "Point", "coordinates": [ 77.6214094, 12.9167139 ] } },
{ "type": "Feature", "properties": { "name": "Hosur Junction", "highway": "bus_stop", "railway": null, "public_transport": "platform" }, "geometry": { "type": "Point", "coordinates": [ 77.613095, 12.932264 ] } },
{ "type": "Feature", "properties": { "name": "Hosur Junction", "highway": "bus_stop", "railway": null, "public_transport": "platform" }, "geometry": { "type": "Point", "coordinates": [ 77.6131003, 12.9320718 ] } },
{ "type": "Feature", "properties": { "name": "BTM Water Tank", "highway": "bus_stop", "railway": null, "public_transport": "platform" }, "geometry": { "type": "Point", "coordinates": [ 77.6068612, 12.9167172 ] } },
{ "type": "Feature", "properties": { "name": "BTM Nagar Layout Water Tank", "highway": "bus_stop", "railway": null, "public_transport": "platform" }, "geometry": { "type": "Point", "coordinates": [ 77.6067295, 12.9165179 ] } },
{ "type": "Feature", "properties": { "name": "BTM Layout Kuvempu Nagara", "highway": "bus_stop", "railway": null, "public_transport": "platform" }, "geometry": { "type": "Point", "coordinates": [ 77.6165577, 12.9163631 ] } },
{ "type": "Feature", "properties": { "name": "MICO Layout", "highway": "bus_stop", "railway": null, "public_transport": "platform" }, "geometry": { "type": "Point", "coordinates": [ 77.6032645, 12.916802 ] } },
{ "type": "Feature", "properties": { "name": "JP Nagar 3rd Phase", "highway": "bus_stop", "railway": null, "public_transport": "platform" }, "geometry": { "type": "Point", "coordinates": [ 77.600285, 12.9078336 ] } },
{ "type": "Feature", "properties": { "name": "MICO Layout", "highway": "bus_stop", "railway": null, "public_transport": "platform" }, "geometry": { "type": "Point", "coordinates": [ 77.6041279, 12.9165498 ] } },
{ "type": "Feature", "properties": { "name": "JP Nagar 3rd Phase", "highway": "bus_stop", "railway": null, "public_transport": "platform" }, "geometry": { "type": "Point", "coordinates": [ 77.5999571, 12.9072491 ] } },
{ "type": "Feature", "properties": { "name": "JP Nagar 3rd Phase", "highway": "bus_stop", "railway": null, "public_transport": "platform" }, "geometry": { "type": "Point", "coordinates": [ 77.6000242, 12.9070374 ] } },
{ "type": "Feature", "properties": { "name": "J P Nagar 6th Phase", "highway": "bus_stop", "railway": null, "public_transport": "platform" }, "geometry": { "type": "Point", "coordinates": [ 77.577628, 12.906363 ] } },
{ "type": "Feature", "properties": { "name": "J P Nagar Powerhouse", "highway": "bus_stop", "railway": null, "public_transport": "platform" }, "geometry": { "type": "Point", "coordinates": [ 77.580895, 12.9062976 ] } },
{ "type": "Feature", "properties": { "name": "J P Nagar 6th Phase Terminus", "highway": "bus_stop", "railway": null, "public_transport": "platform" }, "geometry": { "type": "Point", "coordinates": [ 77.5776167, 12.9065613 ] } },
{ "type": "Feature", "properties": { "name": "Devegowda Petrol Bunk", "highway": "bus_stop", "railway": null, "public_transport": "platform" }, "geometry": { "type": "Point", "coordinates": [ 77.5591558, 12.9218592 ] } },
{ "type": "Feature", "properties": { "name": "Kamakhya Talkies", "highway": "bus_stop", "railway": null, "public_transport": "platform" }, "geometry": { "type": "Point", "coordinates": [ 77.5536389, 12.9237541 ] } },
{ "type": "Feature", "properties": { "name": "Janatha Bazaar", "highway": "bus_stop", "railway": null, "public_transport": "platform" }, "geometry": { "type": "Point", "coordinates": [ 77.5460155, 12.9284015 ] } },
{ "type": "Feature", "properties": { "name": "Janatha Bazaar", "highway": "bus_stop", "railway": null, "public_transport": "platform" }, "geometry": { "type": "Point", "coordinates": [ 77.5458707, 12.92827 ] } },
{ "type": "Feature", "properties": { "name": "Katriguppe", "highway": "bus_stop", "railway": null, "public_transport": "platform" }, "geometry": { "type": "Point", "coordinates": [ 77.549609, 12.9255015 ] } },
{ "type": "Feature", "properties": { "name": "Kanteerava Studio", "highway": "bus_stop", "railway": null, "public_transport": "platform" }, "geometry": { "type": "Point", "coordinates": [ 77.5326098, 13.022661 ] } },
{ "type": "Feature", "properties": { "name": "Modern Food Goraguntepalya", "highway": "bus_stop", "railway": null, "public_transport": "platform" }, "geometry": { "type": "Point", "coordinates": [ 77.5339349, 13.024926 ] } },
{ "type": "Feature", "properties": { "name": "Rajkumar Samadhi", "highway": "bus_stop", "railway": null, "public_transport": "platform" }, "geometry": { "type": "Point", "coordinates": [ 77.5315886, 13.0181896 ] } },
{ "type": "Feature", "properties": { "name": "Nandini Layout Ring Road", "highway": "bus_stop", "railway": null, "public_transport": "platform" }, "geometry": { "type": "Point", "coordinates": [ 77.5289456, 13.012176 ] } },
{ "type": "Feature", "properties": { "name": "Laggere Bridge", "highway": "bus_stop", "railway": null, "public_transport": "platform" }, "geometry": { "type": "Point", "coordinates": [ 77.5266205, 13.0084989 ] } },
{ "type": "Feature", "properties": { "name": "Biscuits Factory", "highway": "bus_stop", "railway": null, "public_transport": null }, "geometry": { "type": "Point", "coordinates": [ 77.8121837, 12.9895398 ] } },
{ "type": "Feature", "properties": { "name": "Graphite India", "highway": "bus_stop", "railway": null, "public_transport": "platform" }, "geometry": { "type": "Point", "coordinates": [ 77.7114064, 12.9781942 ] } },
{ "type": "Feature", "properties": { "name": "Navrang Private Bus Stop", "highway": "bus_stop", "railway": null, "public_transport": "platform" }, "geometry": { "type": "Point", "coordinates": [ 77.5526294, 12.999958 ] } },
{ "type": "Feature", "properties": { "name": "Big Bazaar", "highway": "bus_stop", "railway": null, "public_transport": "platform" }, "geometry": { "type": "Point", "coordinates": [ 77.7317832, 12.987908 ] } },
{ "type": "Feature", "properties": { "name": "Hope Farm", "highway": "bus_stop", "railway": null, "public_transport": "platform" }, "geometry": { "type": "Point", "coordinates": [ 77.7531644, 12.9837782 ] } },
{ "type": "Feature", "properties": { "name": "Electronic City Depot No: 19 Gate", "highway": "bus_stop", "railway": null, "public_transport": "platform" }, "geometry": { "type": "Point", "coordinates": [ 77.670661, 12.8476007 ] } },
{ "type": "Feature", "properties": { "name": "Hennur Cross", "highway": "bus_stop", "railway": null, "public_transport": "platform" }, "geometry": { "type": "Point", "coordinates": [ 77.6327758, 13.0275783 ] } },
{ "type": "Feature", "properties": { "name": "Marathahalli Market", "highway": "bus_stop", "railway": null, "public_transport": "platform" }, "geometry": { "type": "Point", "coordinates": [ 77.6937078, 12.9560471 ] } },
{ "type": "Feature", "properties": { "name": "Marathahalli Market", "highway": "bus_stop", "railway": null, "public_transport": "platform" }, "geometry": { "type": "Point", "coordinates": [ 77.6948921, 12.9564201 ] } },
{ "type": "Feature", "properties": { "name": "Bommasandra", "highway": "bus_stop", "railway": null, "public_transport": "platform" }, "geometry": { "type": "Point", "coordinates": [ 77.6871146, 12.82068 ] } },
{ "type": "Feature", "properties": { "name": "Gandhi Circle", "highway": "bus_stop", "railway": null, "public_transport": "platform" }, "geometry": { "type": "Point", "coordinates": [ 77.7472205, 12.9401978 ] } },
{ "type": "Feature", "properties": { "name": "Bilekahalli", "highway": "bus_stop", "railway": null, "public_transport": "platform" }, "geometry": { "type": "Point", "coordinates": [ 77.6011827, 12.9007941 ] } },
{ "type": "Feature", "properties": { "name": "Bilekahalli", "highway": "bus_stop", "railway": null, "public_transport": "platform" }, "geometry": { "type": "Point", "coordinates": [ 77.6008782, 12.9002893 ] } },
{ "type": "Feature", "properties": { "name": "Concord Apartment Electronic City", "highway": "bus_stop", "railway": null, "public_transport": "platform" }, "geometry": { "type": "Point", "coordinates": [ 77.6517192, 12.8406381 ] } },
{ "type": "Feature", "properties": { "name": "HP", "highway": "bus_stop", "railway": null, "public_transport": null }, "geometry": { "type": "Point", "coordinates": [ 77.6581866, 12.8475946 ] } },
{ "type": "Feature", "properties": { "name": "Siemens", "highway": "bus_stop", "railway": null, "public_transport": "platform" }, "geometry": { "type": "Point", "coordinates": [ 77.6600659, 12.8449776 ] } },
{ "type": "Feature", "properties": { "name": "Siemens", "highway": "bus_stop", "railway": null, "public_transport": "platform" }, "geometry": { "type": "Point", "coordinates": [ 77.6621117, 12.8455057 ] } },
{ "type": "Feature", "properties": { "name": "Velankani", "highway": "bus_stop", "railway": null, "public_transport": null }, "geometry": { "type": "Point", "coordinates": [ 77.6577483, 12.8510779 ] } },
{ "type": "Feature", "properties": { "name": "Wipro Gate", "highway": "bus_stop", "railway": null, "public_transport": "platform" }, "geometry": { "type": "Point", "coordinates": [ 77.6585846, 12.8390686 ] } },
{ "type": "Feature", "properties": { "name": "Hale Chandapura", "highway": "bus_stop", "railway": null, "public_transport": "platform" }, "geometry": { "type": "Point", "coordinates": [ 77.7137439, 12.800359 ] } },
{ "type": "Feature", "properties": { "name": "Huskur Gate", "highway": "bus_stop", "railway": null, "public_transport": "platform" }, "geometry": { "type": "Point", "coordinates": [ 77.6786401, 12.837131 ] } },
{ "type": "Feature", "properties": { "name": "Huskur Gate", "highway": "bus_stop", "railway": null, "public_transport": "platform" }, "geometry": { "type": "Point", "coordinates": [ 77.6789864, 12.8372622 ] } },
{ "type": "Feature", "properties": { "name": "Kithiganahalli", "highway": "bus_stop", "railway": null, "public_transport": null }, "geometry": { "type": "Point", "coordinates": [ 77.6993214, 12.8058027 ] } },
{ "type": "Feature", "properties": { "name": "Kithiganahalli", "highway": "bus_stop", "railway": null, "public_transport": null }, "geometry": { "type": "Point", "coordinates": [ 77.6987682, 12.8070803 ] } },
{ "type": "Feature", "properties": { "name": "Jayanagar 3rd Block", "highway": "bus_stop", "railway": null, "public_transport": "platform" }, "geometry": { "type": "Point", "coordinates": [ 77.5838469, 12.9319304 ] } },
{ "type": "Feature", "properties": { "name": "Yeshwanthpur Railway Station", "highway": "bus_stop", "railway": null, "public_transport": null }, "geometry": { "type": "Point", "coordinates": [ 77.5532574, 13.0192211 ] } },
{ "type": "Feature", "properties": { "name": "Krantivira Sangolli Rayanna (Bengaluru)", "highway": null, "railway": "station", "public_transport": "station" }, "geometry": { "type": "Point", "coordinates": [ 77.5695603, 12.9781739 ] } },
{ "type": "Feature", "properties": { "name": "Jayanagar 5th Block 40th Cross", "highway": "bus_stop", "railway": null, "public_transport": "platform" }, "geometry": { "type": "Point", "coordinates": [ 77.5805791, 12.919976 ] } },
{ "type": "Feature", "properties": { "name": "Clarence School", "highway": "bus_stop", "railway": null, "public_transport": "platform" }, "geometry": { "type": "Point", "coordinates": [ 77.6164758, 13.0028323 ] } },
{ "type": "Feature", "properties": { "name": "CPRI", "highway": "bus_stop", "railway": null, "public_transport": "platform" }, "geometry": { "type": "Point", "coordinates": [ 77.5749596, 13.0148441 ] } },
{ "type": "Feature", "properties": { "name": "Mallige Hospital", "highway": "bus_stop", "railway": null, "public_transport": "platform" }, "geometry": { "type": "Point", "coordinates": [ 77.5920943, 12.9479281 ] } },
{ "type": "Feature", "properties": { "name": "Ashoka Pillar", "highway": "bus_stop", "railway": null, "public_transport": "platform" }, "geometry": { "type": "Point", "coordinates": [ 77.5851229, 12.9424578 ] } },
{ "type": "Feature", "properties": { "name": "Rani Saraladevi", "highway": "bus_stop", "railway": null, "public_transport": "platform" }, "geometry": { "type": "Point", "coordinates": [ 77.5852032, 12.9381103 ] } },
{ "type": "Feature", "properties": { "name": "Jayanagar 2nd Block", "highway": "bus_stop", "railway": null, "public_transport": "platform" }, "geometry": { "type": "Point", "coordinates": [ 77.5849914, 12.9376335 ] } },
{ "type": "Feature", "properties": { "name": "RT Nagar Police Station", "highway": "bus_stop", "railway": null, "public_transport": null }, "geometry": { "type": "Point", "coordinates": [ 77.5930047, 13.0255639 ] } },
{ "type": "Feature", "properties": { "name": "Begur", "highway": "bus_stop", "railway": null, "public_transport": null }, "geometry": { "type": "Point", "coordinates": [ 77.6257894, 12.8739338 ] } },
{ "type": "Feature", "properties": { "name": "Kodichikkanahalli", "highway": "bus_stop", "railway": null, "public_transport": null }, "geometry": { "type": "Point", "coordinates": [ 77.6180258, 12.8982379 ] } },
{ "type": "Feature", "properties": { "name": "IIM Apollo", "highway": "bus_stop", "railway": null, "public_transport": "platform" }, "geometry": { "type": "Point", "coordinates": [ 77.5998603, 12.896274 ] } },
{ "type": "Feature", "properties": { "name": "IIM", "highway": "bus_stop", "railway": null, "public_transport": null }, "geometry": { "type": "Point", "coordinates": [ 77.5996317, 12.8959965 ] } },
{ "type": "Feature", "properties": { "name": "Forum Mall Koramangala", "highway": "bus_stop", "railway": null, "public_transport": "platform" }, "geometry": { "type": "Point", "coordinates": [ 77.6121482, 12.9349503 ] } },
{ "type": "Feature", "properties": { "name": "Lido Talkies", "highway": "bus_stop", "railway": null, "public_transport": "platform" }, "geometry": { "type": "Point", "coordinates": [ 77.6213512, 12.9727703 ] } },
{ "type": "Feature", "properties": { "name": "Yesvantpur Junction", "highway": null, "railway": "station", "public_transport": "station" }, "geometry": { "type": "Point", "coordinates": [ 77.5507701, 13.0237734 ] } },
{ "type": "Feature", "properties": { "name": "Hebbal", "highway": null, "railway": "station", "public_transport": "station" }, "geometry": { "type": "Point", "coordinates": [ 77.5862489, 13.0425476 ] } },
{ "type": "Feature", "properties": { "name": "Sampige Nagara", "highway": "bus_stop", "railway": null, "public_transport": "platform" }, "geometry": { "type": "Point", "coordinates": [ 77.6975391, 12.8343858 ] } },
{ "type": "Feature", "properties": { "name": "Trinity Circle", "highway": "bus_stop", "railway": null, "public_transport": "platform" }, "geometry": { "type": "Point", "coordinates": [ 77.6197262, 12.9707657 ] } },
{ "type": "Feature", "properties": { "name": "Ejipura Junction", "highway": "bus_stop", "railway": null, "public_transport": "platform" }, "geometry": { "type": "Point", "coordinates": [ 77.6331228, 12.9386361 ] } },
{ "type": "Feature", "properties": { "name": "Koramangala Sony World", "highway": "bus_stop", "railway": null, "public_transport": "platform" }, "geometry": { "type": "Point", "coordinates": [ 77.6280491, 12.9381615 ] } },
{ "type": "Feature", "properties": { "name": "Koramangala Sony World", "highway": "bus_stop", "railway": null, "public_transport": "platform" }, "geometry": { "type": "Point", "coordinates": [ 77.6281909, 12.9382139 ] } },
{ "type": "Feature", "properties": { "name": "BEML Layout", "highway": "bus_stop", "railway": null, "public_transport": "platform" }, "geometry": { "type": "Point", "coordinates": [ 77.7164183, 12.9600385 ] } },
{ "type": "Feature", "properties": { "name": "Jakkasandra", "highway": "bus_stop", "railway": null, "public_transport": "platform" }, "geometry": { "type": "Point", "coordinates": [ 77.637922, 12.9247454 ] } },
{ "type": "Feature", "properties": { "name": "Kaadubeesanahalli", "highway": "bus_stop", "railway": null, "public_transport": "platform" }, "geometry": { "type": "Point", "coordinates": [ 77.6968662, 12.9418765 ] } },
{ "type": "Feature", "properties": { "name": "Kaadubeesanahalli", "highway": "bus_stop", "railway": null, "public_transport": "platform" }, "geometry": { "type": "Point", "coordinates": [ 77.697055, 12.9426361 ] } },
{ "type": "Feature", "properties": { "name": "New Horizon College", "highway": "bus_stop", "railway": null, "public_transport": "platform" }, "geometry": { "type": "Point", "coordinates": [ 77.6909776, 12.9354523 ] } },
{ "type": "Feature", "properties": { "name": "Devarabeesanahalli", "highway": "bus_stop", "railway": null, "public_transport": "platform" }, "geometry": { "type": "Point", "coordinates": [ 77.6871127, 12.931626 ] } },
{ "type": "Feature", "properties": { "name": "Deverabeesanahalli", "highway": "bus_stop", "railway": null, "public_transport": "platform" }, "geometry": { "type": "Point", "coordinates": [ 77.6871801, 12.9320446 ] } },
{ "type": "Feature", "properties": { "name": "Ecospace", "highway": "bus_stop", "railway": null, "public_transport": "platform" }, "geometry": { "type": "Point", "coordinates": [ 77.681132, 12.9280142 ] } },
{ "type": "Feature", "properties": { "name": "Ecospace", "highway": "bus_stop", "railway": null, "public_transport": "platform" }, "geometry": { "type": "Point", "coordinates": [ 77.6811574, 12.9283411 ] } },
{ "type": "Feature", "properties": { "name": "Bellanduru City Light Apartment", "highway": "bus_stop", "railway": null, "public_transport": "platform" }, "geometry": { "type": "Point", "coordinates": [ 77.673846, 12.9245096 ] } },
{ "type": "Feature", "properties": { "name": "Shivananda Stores", "highway": "bus_stop", "railway": null, "public_transport": "stop_position" }, "geometry": { "type": "Point", "coordinates": [ 77.5789251, 12.9869097 ] } },
{ "type": "Feature", "properties": { "name": "Shivananda Stores", "highway": "bus_stop", "railway": null, "public_transport": "platform" }, "geometry": { "type": "Point", "coordinates": [ 77.5788262, 12.9872315 ] } },
{ "type": "Feature", "properties": { "name": "Swastik Sheshadripuram College", "highway": "bus_stop", "railway": null, "public_transport": "platform" }, "geometry": { "type": "Point", "coordinates": [ 77.5747566, 12.9889866 ] } },
{ "type": "Feature", "properties": { "name": "Laggere Cross Bus Stop", "highway": "bus_stop", "railway": null, "public_transport": "platform" }, "geometry": { "type": "Point", "coordinates": [ 77.5242358, 13.0227517 ] } },
{ "type": "Feature", "properties": { "name": "ESI Hospital (towards Vijayanagara)", "highway": "bus_stop", "railway": null, "public_transport": "platform" }, "geometry": { "type": "Point", "coordinates": [ 77.5506837, 12.9898028 ] } },
{ "type": "Feature", "properties": { "name": "Babusabpalya", "highway": "bus_stop", "railway": null, "public_transport": "platform" }, "geometry": { "type": "Point", "coordinates": [ 77.6473286, 13.0227949 ] } },
{ "type": "Feature", "properties": { "name": "Kuvempu Circle", "highway": "bus_stop", "railway": null, "public_transport": "platform" }, "geometry": { "type": "Point", "coordinates": [ 77.5210794, 12.9098411 ] } },
{ "type": "Feature", "properties": { "name": "Avalahalli", "highway": "bus_stop", "railway": null, "public_transport": "platform" }, "geometry": { "type": "Point", "coordinates": [ 77.5693282, 13.1350681 ] } },
{ "type": "Feature", "properties": { "name": "Avalahalli", "highway": "bus_stop", "railway": null, "public_transport": "platform" }, "geometry": { "type": "Point", "coordinates": [ 77.5690259, 13.1353822 ] } },
{ "type": "Feature", "properties": { "name": null, "highway": "bus_stop", "railway": null, "public_transport": "platform" }, "geometry": { "type": "Point", "coordinates": [ 77.6239517, 12.926159 ] } },
{ "type": "Feature", "properties": { "name": "HSR Sector 7", "highway": "bus_stop", "railway": null, "public_transport": "platform" }, "geometry": { "type": "Point", "coordinates": [ 77.6324478, 12.9155668 ] } },
{ "type": "Feature", "properties": { "name": "HAL 2nd Stage", "highway": "bus_stop", "railway": null, "public_transport": "platform" }, "geometry": { "type": "Point", "coordinates": [ 77.6417018, 12.9634855 ] } },
{ "type": "Feature", "properties": { "name": "Monotype", "highway": "bus_stop", "railway": null, "public_transport": "platform" }, "geometry": { "type": "Point", "coordinates": [ 77.5706793, 12.9217893 ] } },
{ "type": "Feature", "properties": { "name": "Murugeshpalaya", "highway": "bus_stop", "railway": null, "public_transport": "platform" }, "geometry": { "type": "Point", "coordinates": [ 77.6580632, 12.9592797 ] } },
{ "type": "Feature", "properties": { "name": "Domlur (Towards HAL)", "highway": "bus_stop", "railway": null, "public_transport": "platform" }, "geometry": { "type": "Point", "coordinates": [ 77.6379762, 12.9611661 ] } },
{ "type": "Feature", "properties": { "name": "St. Johns Hospital", "highway": "bus_stop", "railway": null, "public_transport": "platform" }, "geometry": { "type": "Point", "coordinates": [ 77.6151697, 12.9290362 ] } },
{ "type": "Feature", "properties": { "name": "Jayadeva Hospital", "highway": null, "railway": "station", "public_transport": "station" }, "geometry": { "type": "Point", "coordinates": [ 77.5999663, 12.916731 ] } },
{ "type": "Feature", "properties": { "name": "Kodihalli", "highway": "bus_stop", "railway": null, "public_transport": "platform" }, "geometry": { "type": "Point", "coordinates": [ 77.6472308, 12.9600954 ] } },
{ "type": "Feature", "properties": { "name": "Domlur Bridge", "highway": "bus_stop", "railway": null, "public_transport": "platform" }, "geometry": { "type": "Point", "coordinates": [ 77.642206, 12.9604082 ] } },
{ "type": "Feature", "properties": { "name": "Dickenson Road", "highway": "bus_stop", "railway": null, "public_transport": "platform" }, "geometry": { "type": "Point", "coordinates": [ 77.6106553, 12.9807183 ] } },
{ "type": "Feature", "properties": { "name": "Elgin Floor Mill,Langford Town", "highway": "bus_stop", "railway": null, "public_transport": "platform" }, "geometry": { "type": "Point", "coordinates": [ 77.6055838, 12.9551307 ] } },
{ "type": "Feature", "properties": { "name": "Private Bus Yeshwanthpur Pick up Point", "highway": "bus_stop", "railway": null, "public_transport": null }, "geometry": { "type": "Point", "coordinates": [ 77.5518295, 13.0214 ] } },
{ "type": "Feature", "properties": { "name": "CMH Hospital", "highway": "bus_stop", "railway": null, "public_transport": "platform" }, "geometry": { "type": "Point", "coordinates": [ 77.6467794, 12.9775953 ] } },
{ "type": "Feature", "properties": { "name": "CMH Hospital", "highway": "bus_stop", "railway": null, "public_transport": "platform" }, "geometry": { "type": "Point", "coordinates": [ 77.646593, 12.9777156 ] } },
{ "type": "Feature", "properties": { "name": "Central", "highway": "bus_stop", "railway": null, "public_transport": "platform" }, "geometry": { "type": "Point", "coordinates": [ 77.572065, 12.990012 ] } },
{ "type": "Feature", "properties": { "name": "Mayo Hall", "highway": "bus_stop", "railway": null, "public_transport": "platform" }, "geometry": { "type": "Point", "coordinates": [ 77.6099619, 12.9734314 ] } },
{ "type": "Feature", "properties": { "name": "Mysore Road Metro", "highway": "bus_stop", "railway": null, "public_transport": "platform" }, "geometry": { "type": "Point", "coordinates": [ 77.5305272, 12.9463164 ] } },
{ "type": "Feature", "properties": { "name": "Corporation, Mission Road (Towards Subbiah Circle)", "highway": "bus_stop", "railway": null, "public_transport": "platform" }, "geometry": { "type": "Point", "coordinates": [ 77.5879442, 12.9647847 ] } },
{ "type": "Feature", "properties": { "name": "Richmond Circle", "highway": "bus_stop", "railway": null, "public_transport": "platform" }, "geometry": { "type": "Point", "coordinates": [ 77.5994195, 12.9674327 ] } },
{ "type": "Feature", "properties": { "name": "JP Nagara 3rd Phase", "highway": "bus_stop", "railway": null, "public_transport": "platform" }, "geometry": { "type": "Point", "coordinates": [ 77.6005089, 12.9082272 ] } },
{ "type": "Feature", "properties": { "name": "Indiranagar Police Station", "highway": "bus_stop", "railway": null, "public_transport": "platform" }, "geometry": { "type": "Point", "coordinates": [ 77.6402106, 12.9782853 ] } },
{ "type": "Feature", "properties": { "name": "Bangalore University Bus stop", "highway": "bus_stop", "railway": null, "public_transport": "platform" }, "geometry": { "type": "Point", "coordinates": [ 77.4999894, 12.9520859 ] } },
{ "type": "Feature", "properties": { "name": "Quarters stop", "highway": "bus_stop", "railway": null, "public_transport": null }, "geometry": { "type": "Point", "coordinates": [ 77.5000678, 12.9528321 ] } },
{ "type": "Feature", "properties": { "name": "RV Dental College", "highway": "bus_stop", "railway": null, "public_transport": "platform" }, "geometry": { "type": "Point", "coordinates": [ 77.5857901, 12.9097306 ] } },
{ "type": "Feature", "properties": { "name": "JP Nagar IInd Phase", "highway": "bus_stop", "railway": null, "public_transport": null }, "geometry": { "type": "Point", "coordinates": [ 77.5856482, 12.90972 ] } },
{ "type": "Feature", "properties": { "name": "Kodihalli", "highway": "bus_stop", "railway": null, "public_transport": "platform" }, "geometry": { "type": "Point", "coordinates": [ 77.6495726, 12.9685656 ] } },
{ "type": "Feature", "properties": { "name": "Malleshwaram Circle", "highway": "bus_stop", "railway": null, "public_transport": "platform" }, "geometry": { "type": "Point", "coordinates": [ 77.5689234, 12.9969253 ] } },
{ "type": "Feature", "properties": { "name": "Malleshwaram 11th Cross", "highway": "bus_stop", "railway": null, "public_transport": "platform" }, "geometry": { "type": "Point", "coordinates": [ 77.5711904, 13.0028324 ] } },
{ "type": "Feature", "properties": { "name": "Jayanagara 4th Block", "highway": "bus_stop", "railway": null, "public_transport": "platform" }, "geometry": { "type": "Point", "coordinates": [ 77.583689, 12.9282918 ] } },
{ "type": "Feature", "properties": { "name": "Hosur Road Cemetery", "highway": "bus_stop", "railway": null, "public_transport": "platform" }, "geometry": { "type": "Point", "coordinates": [ 77.6053903, 12.9532975 ] } },
{ "type": "Feature", "properties": { "name": "Anepalya", "highway": "bus_stop", "railway": null, "public_transport": "platform" }, "geometry": { "type": "Point", "coordinates": [ 77.6052049, 12.9535712 ] } },
{ "type": "Feature", "properties": { "name": "Johnson Market", "highway": "bus_stop", "railway": null, "public_transport": "platform" }, "geometry": { "type": "Point", "coordinates": [ 77.6069375, 12.9656687 ] } },
{ "type": "Feature", "properties": { "name": "Johnson Market", "highway": "bus_stop", "railway": null, "public_transport": "platform" }, "geometry": { "type": "Point", "coordinates": [ 77.6069328, 12.96577 ] } },
{ "type": "Feature", "properties": { "name": "Dairy Circle", "highway": "bus_stop", "railway": null, "public_transport": "platform" }, "geometry": { "type": "Point", "coordinates": [ 77.6023325, 12.93989 ] } },
{ "type": "Feature", "properties": { "name": "Dairy Circle", "highway": "bus_stop", "railway": null, "public_transport": "platform" }, "geometry": { "type": "Point", "coordinates": [ 77.6020358, 12.9391403 ] } },
{ "type": "Feature", "properties": { "name": "Kristal Apartments", "highway": "bus_stop", "railway": null, "public_transport": "platform" }, "geometry": { "type": "Point", "coordinates": [ 77.7672007, 12.8677052 ] } },
{ "type": "Feature", "properties": { "name": "Nagavaarapalya Bus Stop", "highway": "bus_stop", "railway": null, "public_transport": "platform" }, "geometry": { "type": "Point", "coordinates": [ 77.6632229, 12.9939821 ] } },
{ "type": "Feature", "properties": { "name": "Nagavaarapalya Bus Stop", "highway": "bus_stop", "railway": null, "public_transport": "platform" }, "geometry": { "type": "Point", "coordinates": [ 77.6633147, 12.9943134 ] } },
{ "type": "Feature", "properties": { "name": "Hosmat Hospital", "highway": "bus_stop", "railway": null, "public_transport": "platform" }, "geometry": { "type": "Point", "coordinates": [ 77.6161243, 12.9694471 ] } },
{ "type": "Feature", "properties": { "name": "Wilson Garden Police Station", "highway": "bus_stop", "railway": null, "public_transport": "platform" }, "geometry": { "type": "Point", "coordinates": [ 77.5957685, 12.9502508 ] } },
{ "type": "Feature", "properties": { "name": "Aralekatte Bus Stop", "highway": "bus_stop", "railway": null, "public_transport": null }, "geometry": { "type": "Point", "coordinates": [ 77.624602, 12.879753 ] } },
{ "type": "Feature", "properties": { "name": "Post Office RT Nagar", "highway": "bus_stop", "railway": null, "public_transport": "platform" }, "geometry": { "type": "Point", "coordinates": [ 77.5924708, 13.0218684 ] } },
{ "type": "Feature", "properties": { "name": "Police Station RT Nagar", "highway": "bus_stop", "railway": null, "public_transport": "platform" }, "geometry": { "type": "Point", "coordinates": [ 77.5928044, 13.0243059 ] } },
{ "type": "Feature", "properties": { "name": "RT Nagar Post Office", "highway": "bus_stop", "railway": null, "public_transport": null }, "geometry": { "type": "Point", "coordinates": [ 77.5925068, 13.0226753 ] } },
{ "type": "Feature", "properties": { "name": "BEML Layout", "highway": "bus_stop", "railway": null, "public_transport": "platform" }, "geometry": { "type": "Point", "coordinates": [ 77.7164738, 12.9611099 ] } },
{ "type": "Feature", "properties": { "name": "HAL Main Gate KIA Bus Stop", "highway": "bus_stop", "railway": null, "public_transport": "platform" }, "geometry": { "type": "Point", "coordinates": [ 77.6654779, 12.958393 ] } },
{ "type": "Feature", "properties": { "name": "Madavara", "highway": "bus_stop", "railway": null, "public_transport": "platform" }, "geometry": { "type": "Point", "coordinates": [ 77.473046, 13.0566825 ] } },
{ "type": "Feature", "properties": { "name": "Nettakallappa Circle", "highway": "bus_stop", "railway": null, "public_transport": "platform" }, "geometry": { "type": "Point", "coordinates": [ 77.5723755, 12.9397098 ] } },
{ "type": "Feature", "properties": { "name": "Nagarabhavi Circle/Coconut Garden Layout", "highway": "bus_stop", "railway": null, "public_transport": "platform" }, "geometry": { "type": "Point", "coordinates": [ 77.519829, 12.9601806 ] } },
{ "type": "Feature", "properties": { "name": "Kasturi Nagar", "highway": "bus_stop", "railway": null, "public_transport": "platform" }, "geometry": { "type": "Point", "coordinates": [ 77.6631418, 13.0038491 ] } },
{ "type": "Feature", "properties": { "name": "Shri Vidhyanagara", "highway": "bus_stop", "railway": null, "public_transport": null }, "geometry": { "type": "Point", "coordinates": [ 77.5354777, 12.9322341 ] } },
{ "type": "Feature", "properties": { "name": "Indiranagar Police Station", "highway": "bus_stop", "railway": null, "public_transport": "platform" }, "geometry": { "type": "Point", "coordinates": [ 77.6407507, 12.9788178 ] } },
{ "type": "Feature", "properties": { "name": "MG Road", "highway": "bus_stop", "railway": null, "public_transport": "platform" }, "geometry": { "type": "Point", "coordinates": [ 77.6124135, 12.9741854 ] } },
{ "type": "Feature", "properties": { "name": "Kogilu Cross", "highway": "bus_stop", "railway": null, "public_transport": "platform" }, "geometry": { "type": "Point", "coordinates": [ 77.6009436, 13.1040872 ] } },
{ "type": "Feature", "properties": { "name": "Kodigehalli Gate", "highway": "bus_stop", "railway": null, "public_transport": "platform" }, "geometry": { "type": "Point", "coordinates": [ 77.5936645, 13.0569897 ] } },
{ "type": "Feature", "properties": { "name": "GKVK Gate", "highway": "bus_stop", "railway": null, "public_transport": "platform" }, "geometry": { "type": "Point", "coordinates": [ 77.5930068, 13.0731009 ] } },
{ "type": "Feature", "properties": { "name": "Aerodrome", "highway": "bus_stop", "railway": null, "public_transport": "platform" }, "geometry": { "type": "Point", "coordinates": [ 77.5930303, 13.0772262 ] } },
{ "type": "Feature", "properties": { "name": "Kodigehalli Gate", "highway": "bus_stop", "railway": null, "public_transport": "platform" }, "geometry": { "type": "Point", "coordinates": [ 77.5931668, 13.0576735 ] } },
{ "type": "Feature", "properties": { "name": "Aerodrome", "highway": "bus_stop", "railway": null, "public_transport": "platform" }, "geometry": { "type": "Point", "coordinates": [ 77.5925763, 13.0771131 ] } },
{ "type": "Feature", "properties": { "name": "Kogilu Cross", "highway": "bus_stop", "railway": null, "public_transport": "platform" }, "geometry": { "type": "Point", "coordinates": [ 77.6004842, 13.1045782 ] } },
{ "type": "Feature", "properties": { "name": "Bharathi Nagara", "highway": "bus_stop", "railway": null, "public_transport": "platform" }, "geometry": { "type": "Point", "coordinates": [ 77.6176906, 13.1376154 ] } },
{ "type": "Feature", "properties": { "name": "Bharathi Nagara", "highway": "bus_stop", "railway": null, "public_transport": "platform" }, "geometry": { "type": "Point", "coordinates": [ 77.6174559, 13.1378373 ] } },
{ "type": "Feature", "properties": { "name": "Hunasamaranahalli", "highway": "bus_stop", "railway": null, "public_transport": "platform" }, "geometry": { "type": "Point", "coordinates": [ 77.6171315, 13.1435 ] } },
{ "type": "Feature", "properties": { "name": "MVIT Cross", "highway": "bus_stop", "railway": null, "public_transport": "platform" }, "geometry": { "type": "Point", "coordinates": [ 77.6197027, 13.1514323 ] } },
{ "type": "Feature", "properties": { "name": "Kadiganahalli Cross", "highway": "bus_stop", "railway": null, "public_transport": "platform" }, "geometry": { "type": "Point", "coordinates": [ 77.6311914, 13.1685155 ] } },
{ "type": "Feature", "properties": { "name": "Vidya Nagara Cross", "highway": "bus_stop", "railway": null, "public_transport": "platform" }, "geometry": { "type": "Point", "coordinates": [ 77.6269153, 13.1618124 ] } },
{ "type": "Feature", "properties": { "name": "Chikkajala", "highway": "bus_stop", "railway": null, "public_transport": "platform" }, "geometry": { "type": "Point", "coordinates": [ 77.6334233, 13.1732787 ] } },
{ "type": "Feature", "properties": { "name": "Tharabana Halli Gate", "highway": "bus_stop", "railway": null, "public_transport": "platform" }, "geometry": { "type": "Point", "coordinates": [ 77.6443765, 13.1887598 ] } },
{ "type": "Feature", "properties": { "name": "Manikshaw Parade Ground", "highway": "bus_stop", "railway": null, "public_transport": "platform" }, "geometry": { "type": "Point", "coordinates": [ 77.6079378, 12.9775677 ] } },
{ "type": "Feature", "properties": { "name": "Kasturba Road", "highway": "bus_stop", "railway": null, "public_transport": "platform" }, "geometry": { "type": "Point", "coordinates": [ 77.5956184, 12.9740494 ] } },
{ "type": "Feature", "properties": { "name": "Sujatha Talkies", "highway": "bus_stop", "railway": null, "public_transport": "stop_position" }, "geometry": { "type": "Point", "coordinates": [ 77.5620528, 12.9824156 ] } },
{ "type": "Feature", "properties": { "name": "Sujatha Talkies", "highway": "bus_stop", "railway": null, "public_transport": "platform" }, "geometry": { "type": "Point", "coordinates": [ 77.5622502, 12.9827615 ] } },
{ "type": "Feature", "properties": { "name": "Wind Tunnel Road", "highway": "bus_stop", "railway": null, "public_transport": null }, "geometry": { "type": "Point", "coordinates": [ 77.6537096, 12.9573591 ] } },
{ "type": "Feature", "properties": { "name": "Wind Tunnel Road", "highway": "bus_stop", "railway": null, "public_transport": null }, "geometry": { "type": "Point", "coordinates": [ 77.6539884, 12.9580892 ] } },
{ "type": "Feature", "properties": { "name": "Belur Nagasandra", "highway": "bus_stop", "railway": null, "public_transport": "platform" }, "geometry": { "type": "Point", "coordinates": [ 77.6542277, 12.9433803 ] } },
{ "type": "Feature", "properties": { "name": "HAL Kalyanamantapa", "highway": "bus_stop", "railway": null, "public_transport": "platform" }, "geometry": { "type": "Point", "coordinates": [ 77.6819773, 12.954626 ] } },
{ "type": "Feature", "properties": { "name": "Bellandur Bus Stop", "highway": "bus_stop", "railway": null, "public_transport": "platform" }, "geometry": { "type": "Point", "coordinates": [ 77.6764724, 12.9261304 ] } },
{ "type": "Feature", "properties": { "name": null, "highway": "bus_stop", "railway": null, "public_transport": null }, "geometry": { "type": "Point", "coordinates": [ 77.5062185, 12.93119 ] } },
{ "type": "Feature", "properties": { "name": null, "highway": "bus_stop", "railway": null, "public_transport": null }, "geometry": { "type": "Point", "coordinates": [ 77.3835939, 12.7968405 ] } },
{ "type": "Feature", "properties": { "name": null, "highway": "bus_stop", "railway": null, "public_transport": null }, "geometry": { "type": "Point", "coordinates": [ 77.3762089, 12.7901113 ] } },
{ "type": "Feature", "properties": { "name": null, "highway": "bus_stop", "railway": null, "public_transport": null }, "geometry": { "type": "Point", "coordinates": [ 77.3548055, 12.7713278 ] } },
{ "type": "Feature", "properties": { "name": "Kasturi Nagara", "highway": "bus_stop", "railway": null, "public_transport": "platform" }, "geometry": { "type": "Point", "coordinates": [ 77.663299, 13.0041314 ] } },
{ "type": "Feature", "properties": { "name": "Silk Board Junction", "highway": "bus_stop", "railway": null, "public_transport": "platform" }, "geometry": { "type": "Point", "coordinates": [ 77.6239098, 12.9160418 ] } },
{ "type": "Feature", "properties": { "name": "Mekhri Circle", "highway": "bus_stop", "railway": null, "public_transport": "platform" }, "geometry": { "type": "Point", "coordinates": [ 77.5820008, 13.0145543 ] } },
{ "type": "Feature", "properties": { "name": "BEL Circle", "highway": "bus_stop", "railway": null, "public_transport": "platform" }, "geometry": { "type": "Point", "coordinates": [ 77.5584517, 13.0434865 ] } },
{ "type": "Feature", "properties": { "name": "Alisda", "highway": "bus_stop", "railway": null, "public_transport": "platform" }, "geometry": { "type": "Point", "coordinates": [ 77.5418272, 13.0375906 ] } },
{ "type": "Feature", "properties": { "name": "Guragunte Palya Cross", "highway": "bus_stop", "railway": null, "public_transport": "platform" }, "geometry": { "type": "Point", "coordinates": [ 77.5402163, 13.0294164 ] } },
{ "type": "Feature", "properties": { "name": "Vijaya High School", "highway": "bus_stop", "railway": null, "public_transport": null }, "geometry": { "type": "Point", "coordinates": [ 77.5817339, 12.936589 ] } },
{ "type": "Feature", "properties": { "name": "Jalahalli Cross", "highway": "bus_stop", "railway": null, "public_transport": null }, "geometry": { "type": "Point", "coordinates": [ 77.5184458, 13.0397865 ] } },
{ "type": "Feature", "properties": { "name": "Bellanduru City Light Apartment", "highway": "bus_stop", "railway": null, "public_transport": "platform" }, "geometry": { "type": "Point", "coordinates": [ 77.673475, 12.9246308 ] } },
{ "type": "Feature", "properties": { "name": "Havanur Circle Bus Stop", "highway": "bus_stop", "railway": null, "public_transport": null }, "geometry": { "type": "Point", "coordinates": [ 77.539448, 12.9871322 ] } },
{ "type": "Feature", "properties": { "name": "Deepak Factory", "highway": "bus_stop", "railway": null, "public_transport": "platform" }, "geometry": { "type": "Point", "coordinates": [ 77.501634, 13.0469642 ] } },
{ "type": "Feature", "properties": { "name": "Palace Ground", "highway": "bus_stop", "railway": null, "public_transport": "platform" }, "geometry": { "type": "Point", "coordinates": [ 77.5836806, 13.0103991 ] } },
{ "type": "Feature", "properties": { "name": "Palace Ground", "highway": "bus_stop", "railway": null, "public_transport": "platform" }, "geometry": { "type": "Point", "coordinates": [ 77.5840378, 13.0104965 ] } },
{ "type": "Feature", "properties": { "name": "Spice Garden", "highway": "bus_stop", "railway": null, "public_transport": "platform" }, "geometry": { "type": "Point", "coordinates": [ 77.708807, 12.9564862 ] } },
{ "type": "Feature", "properties": { "name": "Bashayam Circle", "highway": "bus_stop", "railway": null, "public_transport": "platform" }, "geometry": { "type": "Point", "coordinates": [ 77.5797646, 13.0059813 ] } },
{ "type": "Feature", "properties": { "name": "Kamalanagar Water Tank", "highway": "bus_stop", "railway": null, "public_transport": "platform" }, "geometry": { "type": "Point", "coordinates": [ 77.5398855, 12.9958011 ] } },
{ "type": "Feature", "properties": { "name": "Sharada Colony , Old Bus Stop", "highway": "bus_stop", "railway": null, "public_transport": null }, "geometry": { "type": "Point", "coordinates": [ 77.5344983, 12.9921882 ] } },
{ "type": "Feature", "properties": { "name": "Gudde Devastana Kamalanagara", "highway": "bus_stop", "railway": null, "public_transport": "platform" }, "geometry": { "type": "Point", "coordinates": [ 77.5331941, 12.9952849 ] } },
{ "type": "Feature", "properties": { "name": "Kamalanagar BEML layout", "highway": "bus_stop", "railway": null, "public_transport": null }, "geometry": { "type": "Point", "coordinates": [ 77.5304167, 12.9926916 ] } },
{ "type": "Feature", "properties": { "name": "Maruthi Temple Kamalanagara", "highway": "bus_stop", "railway": null, "public_transport": "platform" }, "geometry": { "type": "Point", "coordinates": [ 77.5355275, 12.9956563 ] } },
{ "type": "Feature", "properties": { "name": "Shankararnag Bus Stop", "highway": "bus_stop", "railway": null, "public_transport": "platform" }, "geometry": { "type": "Point", "coordinates": [ 77.5267989, 12.9946168 ] } },
{ "type": "Feature", "properties": { "name": "Indiranagar Police Station", "highway": "bus_stop", "railway": null, "public_transport": "platform" }, "geometry": { "type": "Point", "coordinates": [ 77.6414337, 12.9784912 ] } },
{ "type": "Feature", "properties": { "name": "Railway Station Yeshwanthapura", "highway": "bus_stop", "railway": null, "public_transport": "platform" }, "geometry": { "type": "Point", "coordinates": [ 77.5533244, 13.0218559 ] } },
{ "type": "Feature", "properties": { "name": "Malleswaram", "highway": null, "railway": "station", "public_transport": "station" }, "geometry": { "type": "Point", "coordinates": [ 77.563476, 13.0006306 ] } },
{ "type": "Feature", "properties": { "name": "Ulsoor", "highway": "bus_stop", "railway": null, "public_transport": "platform" }, "geometry": { "type": "Point", "coordinates": [ 77.622314, 12.9875688 ] } },
{ "type": "Feature", "properties": { "name": "Kodathi Gate", "highway": "bus_stop", "railway": null, "public_transport": "platform" }, "geometry": { "type": "Point", "coordinates": [ 77.7202236, 12.8967184 ] } },
{ "type": "Feature", "properties": { "name": null, "highway": "bus_stop", "railway": null, "public_transport": "platform" }, "geometry": { "type": "Point", "coordinates": [ 77.6774245, 12.9139438 ] } },
{ "type": "Feature", "properties": { "name": "The Millenia", "highway": "bus_stop", "railway": null, "public_transport": "platform" }, "geometry": { "type": "Point", "coordinates": [ 77.6238886, 12.9819775 ] } },
{ "type": "Feature", "properties": { "name": "Halasuru", "highway": "bus_stop", "railway": null, "public_transport": "platform" }, "geometry": { "type": "Point", "coordinates": [ 77.6225414, 12.9872664 ] } },
{ "type": "Feature", "properties": { "name": "Sharavathi Hotel Bus Stop", "highway": "bus_stop", "railway": null, "public_transport": "platform" }, "geometry": { "type": "Point", "coordinates": [ 77.5844881, 13.0980485 ] } },
{ "type": "Feature", "properties": { "name": "Chinnaswamy Stadium", "highway": "bus_stop", "railway": null, "public_transport": "platform" }, "geometry": { "type": "Point", "coordinates": [ 77.5987904, 12.9773958 ] } },
{ "type": "Feature", "properties": { "name": "MG Statue", "highway": "bus_stop", "railway": null, "public_transport": "platform" }, "geometry": { "type": "Point", "coordinates": [ 77.5999592, 12.9767485 ] } },
{ "type": "Feature", "properties": { "name": "Chinnaswamy Stadium", "highway": "bus_stop", "railway": null, "public_transport": "platform" }, "geometry": { "type": "Point", "coordinates": [ 77.5991943, 12.9772163 ] } },
{ "type": "Feature", "properties": { "name": "Vijayanagara", "highway": "bus_stop", "railway": null, "public_transport": "platform" }, "geometry": { "type": "Point", "coordinates": [ 77.5377126, 12.9721781 ] } },
{ "type": "Feature", "properties": { "name": "New Tippasandra Main Road", "highway": "bus_stop", "railway": null, "public_transport": "platform" }, "geometry": { "type": "Point", "coordinates": [ 77.6469645, 12.9743857 ] } },
{ "type": "Feature", "properties": { "name": null, "highway": "bus_stop", "railway": null, "public_transport": null }, "geometry": { "type": "Point", "coordinates": [ 77.6331975, 12.9781046 ] } },
{ "type": "Feature", "properties": { "name": "Bedarapalli", "highway": "bus_stop", "railway": null, "public_transport": "platform" }, "geometry": { "type": "Point", "coordinates": [ 77.807711, 12.7637873 ] } },
{ "type": "Feature", "properties": { "name": "Ulsoor Park", "highway": "bus_stop", "railway": null, "public_transport": "platform" }, "geometry": { "type": "Point", "coordinates": [ 77.6223664, 12.9844792 ] } },
{ "type": "Feature", "properties": { "name": "Adugodi", "highway": "bus_stop", "railway": null, "public_transport": "platform" }, "geometry": { "type": "Point", "coordinates": [ 77.6073119, 12.9447266 ] } },
{ "type": "Feature", "properties": { "name": "Doddakallasandra", "highway": "bus_stop", "railway": null, "public_transport": null }, "geometry": { "type": "Point", "coordinates": [ 77.5557448, 12.8857355 ] } },
{ "type": "Feature", "properties": { "name": "NAL Manipal Hospital", "highway": "bus_stop", "railway": null, "public_transport": "platform" }, "geometry": { "type": "Point", "coordinates": [ 77.65052, 12.9597158 ] } },
{ "type": "Feature", "properties": { "name": null, "highway": "bus_stop", "railway": null, "public_transport": "platform" }, "geometry": { "type": "Point", "coordinates": [ 77.6911387, 12.955837 ] } },
{ "type": "Feature", "properties": { "name": "Philomenas Hospital", "highway": "bus_stop", "railway": null, "public_transport": "platform" }, "geometry": { "type": "Point", "coordinates": [ 77.6095951, 12.9655875 ] } },
{ "type": "Feature", "properties": { "name": "ISRO", "highway": "bus_stop", "railway": null, "public_transport": "platform" }, "geometry": { "type": "Point", "coordinates": [ 77.6510959, 12.959651 ] } },
{ "type": "Feature", "properties": { "name": "Yemalur", "highway": "bus_stop", "railway": null, "public_transport": null }, "geometry": { "type": "Point", "coordinates": [ 77.6805505, 12.9454643 ] } },
{ "type": "Feature", "properties": { "name": "Lalbagh HOPCOMS", "highway": "bus_stop", "railway": null, "public_transport": "platform" }, "geometry": { "type": "Point", "coordinates": [ 77.5918595, 12.9508797 ] } },
{ "type": "Feature", "properties": { "name": "Lalbagh HOPCOMS", "highway": "bus_stop", "railway": null, "public_transport": "platform" }, "geometry": { "type": "Point", "coordinates": [ 77.5916371, 12.951206 ] } },
{ "type": "Feature", "properties": { "name": null, "highway": "bus_stop", "railway": null, "public_transport": null }, "geometry": { "type": "Point", "coordinates": [ 77.5799698, 12.9342846 ] } },
{ "type": "Feature", "properties": { "name": "Bengaluru Dairy Circle", "highway": "bus_stop", "railway": null, "public_transport": "platform" }, "geometry": { "type": "Point", "coordinates": [ 77.6015627, 12.9356132 ] } },
{ "type": "Feature", "properties": { "name": "Jayamahal", "highway": "bus_stop", "railway": null, "public_transport": "platform" }, "geometry": { "type": "Point", "coordinates": [ 77.5944286, 13.0018848 ] } },
{ "type": "Feature", "properties": { "name": "RT Nagar", "highway": "bus_stop", "railway": null, "public_transport": null }, "geometry": { "type": "Point", "coordinates": [ 77.5961061, 13.0197723 ] } },
{ "type": "Feature", "properties": { "name": "Bellanduru", "highway": "bus_stop", "railway": null, "public_transport": "platform" }, "geometry": { "type": "Point", "coordinates": [ 77.6760002, 12.9254608 ] } },
{ "type": "Feature", "properties": { "name": "BEML Gate", "highway": "bus_stop", "railway": null, "public_transport": "platform" }, "geometry": { "type": "Point", "coordinates": [ 77.65883, 12.9713269 ] } },
{ "type": "Feature", "properties": { "name": "KSRTC Pickup Point", "highway": "bus_stop", "railway": null, "public_transport": null }, "geometry": { "type": "Point", "coordinates": [ 77.5166301, 13.0413227 ] } },
{ "type": "Feature", "properties": { "name": "Jambu Savari Bus Stop", "highway": "bus_stop", "railway": null, "public_transport": null }, "geometry": { "type": "Point", "coordinates": [ 77.5808539, 12.8661088 ] } },
{ "type": "Feature", "properties": { "name": "Mariyappanapalya", "highway": "bus_stop", "railway": null, "public_transport": "platform" }, "geometry": { "type": "Point", "coordinates": [ 77.5563325, 12.9987017 ] } },
{ "type": "Feature", "properties": { "name": "Harishchandra Ghat", "highway": "bus_stop", "railway": null, "public_transport": "platform" }, "geometry": { "type": "Point", "coordinates": [ 77.5605489, 12.9973205 ] } },
{ "type": "Feature", "properties": { "name": "Devaiah Park", "highway": "bus_stop", "railway": null, "public_transport": "platform" }, "geometry": { "type": "Point", "coordinates": [ 77.5641444, 12.9964744 ] } },
{ "type": "Feature", "properties": { "name": "Uttarahalli Bus Stop", "highway": "bus_stop", "railway": null, "public_transport": null }, "geometry": { "type": "Point", "coordinates": [ 77.5439239, 12.9065651 ] } },
{ "type": "Feature", "properties": { "name": "MCTC Bus Stand", "highway": "bus_stop", "railway": null, "public_transport": "platform" }, "geometry": { "type": "Point", "coordinates": [ 77.5434579, 12.9540706 ] } },
{ "type": "Feature", "properties": { "name": "Shampura", "highway": "bus_stop", "railway": null, "public_transport": null }, "geometry": { "type": "Point", "coordinates": [ 77.6148215, 13.0267836 ] } },
{ "type": "Feature", "properties": { "name": "Military Bridge", "highway": "bus_stop", "railway": null, "public_transport": "platform" }, "geometry": { "type": "Point", "coordinates": [ 77.6399034, 12.9459816 ] } },
{ "type": "Feature", "properties": { "name": "Halasur Police Station", "highway": "bus_stop", "railway": null, "public_transport": "platform" }, "geometry": { "type": "Point", "coordinates": [ 77.6252988, 12.9749342 ] } },
{ "type": "Feature", "properties": { "name": "Jayamahal", "highway": "bus_stop", "railway": null, "public_transport": "platform" }, "geometry": { "type": "Point", "coordinates": [ 77.5945057, 13.0009891 ] } },
{ "type": "Feature", "properties": { "name": "JC Nagara", "highway": "bus_stop", "railway": null, "public_transport": "platform" }, "geometry": { "type": "Point", "coordinates": [ 77.5936153, 13.0039917 ] } },
{ "type": "Feature", "properties": { "name": "TV Tower", "highway": "bus_stop", "railway": null, "public_transport": "platform" }, "geometry": { "type": "Point", "coordinates": [ 77.5909431, 13.0093395 ] } },
{ "type": "Feature", "properties": { "name": "Mekhri Circle", "highway": "bus_stop", "railway": null, "public_transport": "platform" }, "geometry": { "type": "Point", "coordinates": [ 77.5853285, 13.0144232 ] } },
{ "type": "Feature", "properties": { "name": "Jelly Machine Yalahanka", "highway": "bus_stop", "railway": null, "public_transport": "platform" }, "geometry": { "type": "Point", "coordinates": [ 77.5556415, 13.0860471 ] } },
{ "type": "Feature", "properties": { "name": "Aralimara Industrial Area Rajajinagara", "highway": "bus_stop", "railway": null, "public_transport": "platform" }, "geometry": { "type": "Point", "coordinates": [ 77.5491147, 12.9785419 ] } },
{ "type": "Feature", "properties": { "name": "Kengeri Church", "highway": "bus_stop", "railway": null, "public_transport": "platform" }, "geometry": { "type": "Point", "coordinates": [ 77.4867183, 12.9284785 ] } },
{ "type": "Feature", "properties": { "name": "Netaji layout", "highway": "bus_stop", "railway": null, "public_transport": null }, "geometry": { "type": "Point", "coordinates": [ 77.5333112, 12.9528 ] } },
{ "type": "Feature", "properties": { "name": "Hoodi", "highway": null, "railway": "halt", "public_transport": "station" }, "geometry": { "type": "Point", "coordinates": [ 77.7192796, 12.9959233 ] } },
{ "type": "Feature", "properties": { "name": "East end Jayanagara", "highway": "bus_stop", "railway": null, "public_transport": "platform" }, "geometry": { "type": "Point", "coordinates": [ 77.5973772, 12.9168983 ] } },
{ "type": "Feature", "properties": { "name": "Hulimavu Bus Stop", "highway": "bus_stop", "railway": null, "public_transport": null }, "geometry": { "type": "Point", "coordinates": [ 77.6025003, 12.8774812 ] } },
{ "type": "Feature", "properties": { "name": "BEML Gate", "highway": "bus_stop", "railway": null, "public_transport": "platform" }, "geometry": { "type": "Point", "coordinates": [ 77.6583704, 12.9716813 ] } },
{ "type": "Feature", "properties": { "name": "Abbanakuppe", "highway": "bus_stop", "railway": null, "public_transport": "platform" }, "geometry": { "type": "Point", "coordinates": [ 77.4096801, 12.7739716 ] } },
{ "type": "Feature", "properties": { "name": "YMCA Public School Mysore Road", "highway": "bus_stop", "railway": null, "public_transport": null }, "geometry": { "type": "Point", "coordinates": [ 77.4484346, 12.8734534 ] } },
{ "type": "Feature", "properties": { "name": "Yeshwanthapura Ayyappa Temple", "highway": "bus_stop", "railway": null, "public_transport": "platform" }, "geometry": { "type": "Point", "coordinates": [ 77.5630417, 13.0213924 ] } },
{ "type": "Feature", "properties": { "name": "Yellukunte", "highway": "bus_stop", "railway": null, "public_transport": null }, "geometry": { "type": "Point", "coordinates": [ 77.641275, 12.9055448 ] } },
{ "type": "Feature", "properties": { "name": "Yellappa Reddy House Panathur", "highway": "bus_stop", "railway": null, "public_transport": null }, "geometry": { "type": "Point", "coordinates": [ 77.7150498, 12.9380638 ] } },
{ "type": "Feature", "properties": { "name": "HSR Layout BDA Complex", "highway": "bus_stop", "railway": null, "public_transport": "platform" }, "geometry": { "type": "Point", "coordinates": [ 77.6342557, 12.9164426 ] } },
{ "type": "Feature", "properties": { "name": "HSR Layout BDA Complex", "highway": "bus_stop", "railway": null, "public_transport": "platform" }, "geometry": { "type": "Point", "coordinates": [ 77.6349949, 12.9161591 ] } },
{ "type": "Feature", "properties": { "name": "KH Road", "highway": "bus_stop", "railway": null, "public_transport": "platform" }, "geometry": { "type": "Point", "coordinates": [ 77.5929482, 12.9576303 ] } },
{ "type": "Feature", "properties": { "name": "Mayo Hall", "highway": "bus_stop", "railway": null, "public_transport": "platform" }, "geometry": { "type": "Point", "coordinates": [ 77.6106288, 12.9717925 ] } },
{ "type": "Feature", "properties": { "name": "D. I. G. Office", "highway": "bus_stop", "railway": null, "public_transport": "platform" }, "geometry": { "type": "Point", "coordinates": [ 77.6149468, 12.9687541 ] } },
{ "type": "Feature", "properties": { "name": "Magadi Road Tollgate", "highway": "bus_stop", "railway": null, "public_transport": "platform" }, "geometry": { "type": "Point", "coordinates": [ 77.5498201, 12.9737848 ] } },
{ "type": "Feature", "properties": { "name": "Chowdeshwari Bus Stand JP Park", "highway": "bus_stop", "railway": null, "public_transport": "platform" }, "geometry": { "type": "Point", "coordinates": [ 77.5541859, 13.0330976 ] } },
{ "type": "Feature", "properties": { "name": "Indian Express", "highway": "bus_stop", "railway": null, "public_transport": "platform" }, "geometry": { "type": "Point", "coordinates": [ 77.597601, 12.9842095 ] } },
{ "type": "Feature", "properties": { "name": "Bhasyam Circle (Towards Magadi Road Toll Gate)", "highway": "bus_stop", "railway": null, "public_transport": "platform" }, "geometry": { "type": "Point", "coordinates": [ 77.5540526, 12.9836286 ] } },
{ "type": "Feature", "properties": { "name": "Kaval Byrasandra", "highway": "bus_stop", "railway": null, "public_transport": "platform" }, "geometry": { "type": "Point", "coordinates": [ 77.6077057, 13.0197859 ] } },
{ "type": "Feature", "properties": { "name": "Rabindranath Tagore Nagar Police Station", "highway": "bus_stop", "railway": null, "public_transport": "platform" }, "geometry": { "type": "Point", "coordinates": [ 77.5931584, 13.0249689 ] } },
{ "type": "Feature", "properties": { "name": "Ganesha Temple", "highway": "bus_stop", "railway": null, "public_transport": "stop_position" }, "geometry": { "type": "Point", "coordinates": [ 77.5432757, 13.0096257 ] } },
{ "type": "Feature", "properties": { "name": "Malleshwaram Circle", "highway": "bus_stop", "railway": null, "public_transport": "stop_position" }, "geometry": { "type": "Point", "coordinates": [ 77.5689657, 12.9967644 ] } },
{ "type": "Feature", "properties": { "name": "Vinayaka Layout Nagarbhavi", "highway": "bus_stop", "railway": null, "public_transport": "platform" }, "geometry": { "type": "Point", "coordinates": [ 77.5074495, 12.9606356 ] } },
{ "type": "Feature", "properties": { "name": "NGEF Layout Nagarbhavi", "highway": "bus_stop", "railway": null, "public_transport": "platform" }, "geometry": { "type": "Point", "coordinates": [ 77.5099767, 12.9609998 ] } },
{ "type": "Feature", "properties": { "name": "K Narayanapura", "highway": "bus_stop", "railway": null, "public_transport": "platform" }, "geometry": { "type": "Point", "coordinates": [ 77.6422736, 13.0632906 ] } },
{ "type": "Feature", "properties": { "name": "Jnanabharati", "highway": null, "railway": "halt", "public_transport": null }, "geometry": { "type": "Point", "coordinates": [ 77.5109716, 12.9350669 ] } },
{ "type": "Feature", "properties": { "name": "Kaniminike", "highway": "bus_stop", "railway": null, "public_transport": null }, "geometry": { "type": "Point", "coordinates": [ 77.4896129, 12.9266638 ] } },
{ "type": "Feature", "properties": { "name": "Byramangala Cross", "highway": "bus_stop", "railway": null, "public_transport": null }, "geometry": { "type": "Point", "coordinates": [ 77.4538993, 12.8668247 ] } },
{ "type": "Feature", "properties": { "name": "Swaminarayana Gurukul", "highway": "bus_stop", "railway": null, "public_transport": null }, "geometry": { "type": "Point", "coordinates": [ 77.4925848, 12.930044 ] } },
{ "type": "Feature", "properties": { "name": "Kanaminaki Colony", "highway": "bus_stop", "railway": null, "public_transport": null }, "geometry": { "type": "Point", "coordinates": [ 77.4845731, 12.9212627 ] } },
{ "type": "Feature", "properties": { "name": "Sharadanagara", "highway": "bus_stop", "railway": null, "public_transport": "platform" }, "geometry": { "type": "Point", "coordinates": [ 77.5595422, 12.8924991 ] } },
{ "type": "Feature", "properties": { "name": "Doddanekkundi Main Bus Stop", "highway": "bus_stop", "railway": null, "public_transport": "platform" }, "geometry": { "type": "Point", "coordinates": [ 77.6933397, 12.9677471 ] } },
{ "type": "Feature", "properties": { "name": "Bamboo Bazar", "highway": "bus_stop", "railway": null, "public_transport": "platform" }, "geometry": { "type": "Point", "coordinates": [ 77.6019903, 12.9918654 ] } },
{ "type": "Feature", "properties": { "name": "Yeshwanthpura Circle", "highway": "bus_stop", "railway": null, "public_transport": "stop_position" }, "geometry": { "type": "Point", "coordinates": [ 77.5597173, 13.0175732 ] } },
{ "type": "Feature", "properties": { "name": null, "highway": "bus_stop", "railway": null, "public_transport": null }, "geometry": { "type": "Point", "coordinates": [ 77.5821894, 12.936571 ] } },
{ "type": "Feature", "properties": { "name": "Sanjay Gandhi Hospital", "highway": "bus_stop", "railway": null, "public_transport": "platform" }, "geometry": { "type": "Point", "coordinates": [ 77.5929282, 12.9269688 ] } },
{ "type": "Feature", "properties": { "name": "Gavigangadeshwara Temple", "highway": "bus_stop", "railway": null, "public_transport": null }, "geometry": { "type": "Point", "coordinates": [ 77.5628811, 12.9489537 ] } },
{ "type": "Feature", "properties": { "name": "Binny Mill", "highway": "bus_stop", "railway": null, "public_transport": "platform" }, "geometry": { "type": "Point", "coordinates": [ 77.5681771, 12.9655782 ] } },
{ "type": "Feature", "properties": { "name": "Kodipalya", "highway": "bus_stop", "railway": null, "public_transport": null }, "geometry": { "type": "Point", "coordinates": [ 77.4879509, 12.9044751 ] } },
{ "type": "Feature", "properties": { "name": "Konasandra", "highway": "bus_stop", "railway": null, "public_transport": null }, "geometry": { "type": "Point", "coordinates": [ 77.4856871, 12.8897814 ] } },
{ "type": "Feature", "properties": { "name": "Ado Sonnahatti", "highway": "bus_stop", "railway": null, "public_transport": "platform" }, "geometry": { "type": "Point", "coordinates": [ 77.7155954, 12.7779606 ] } },
{ "type": "Feature", "properties": { "name": "Adigara Kallahalli", "highway": "bus_stop", "railway": null, "public_transport": "platform" }, "geometry": { "type": "Point", "coordinates": [ 77.803038, 12.8258863 ] } },
{ "type": "Feature", "properties": { "name": "Royan Circle", "highway": "bus_stop", "railway": null, "public_transport": "platform" }, "geometry": { "type": "Point", "coordinates": [ 77.5680457, 12.9604106 ] } },
{ "type": "Feature", "properties": { "name": "Mekhri Circle", "highway": "bus_stop", "railway": null, "public_transport": "platform" }, "geometry": { "type": "Point", "coordinates": [ 77.5837175, 13.020308 ] } },
{ "type": "Feature", "properties": { "name": "Avalahalli B.D.A. Park", "highway": "bus_stop", "railway": null, "public_transport": "platform" }, "geometry": { "type": "Point", "coordinates": [ 77.5428551, 12.9433231 ] } },
{ "type": "Feature", "properties": { "name": "Mekhri Circle", "highway": "bus_stop", "railway": null, "public_transport": "platform" }, "geometry": { "type": "Point", "coordinates": [ 77.5840184, 13.0200459 ] } },
{ "type": "Feature", "properties": { "name": "Hebbala", "highway": "bus_stop", "railway": null, "public_transport": "platform" }, "geometry": { "type": "Point", "coordinates": [ 77.5890628, 13.0383248 ] } },
{ "type": "Feature", "properties": { "name": "Rajanukunte", "highway": null, "railway": "station", "public_transport": "station" }, "geometry": { "type": "Point", "coordinates": [ 77.5655922, 13.1746304 ] } },
{ "type": "Feature", "properties": { "name": "Vibhuthipura Samudaya Bhavana", "highway": "bus_stop", "railway": null, "public_transport": "platform" }, "geometry": { "type": "Point", "coordinates": [ 77.6775679, 12.9646789 ] } },
{ "type": "Feature", "properties": { "name": "Shaji Stores", "highway": "bus_stop", "railway": null, "public_transport": null }, "geometry": { "type": "Point", "coordinates": [ 77.6040339, 13.0264895 ] } },
{ "type": "Feature", "properties": { "name": "Central", "highway": "bus_stop", "railway": null, "public_transport": "platform" }, "geometry": { "type": "Point", "coordinates": [ 77.5717391, 12.9897994 ] } },
{ "type": "Feature", "properties": { "name": "Maharani College, KR Circle", "highway": "bus_stop", "railway": null, "public_transport": "stop_position" }, "geometry": { "type": "Point", "coordinates": [ 77.5857758, 12.9771006 ] } },
{ "type": "Feature", "properties": { "name": "Maharani College, KR Circle", "highway": "bus_stop", "railway": null, "public_transport": "platform" }, "geometry": { "type": "Point", "coordinates": [ 77.5858067, 12.97713 ] } },
{ "type": "Feature", "properties": { "name": "Konena Agrahara", "highway": "bus_stop", "railway": null, "public_transport": "platform" }, "geometry": { "type": "Point", "coordinates": [ 77.660299, 12.9593064 ] } },
{ "type": "Feature", "properties": { "name": "Binnamangala", "highway": "bus_stop", "railway": null, "public_transport": "platform" }, "geometry": { "type": "Point", "coordinates": [ 77.6379521, 12.9831935 ] } },
{ "type": "Feature", "properties": { "name": "Sulikunte", "highway": "bus_stop", "railway": null, "public_transport": "platform" }, "geometry": { "type": "Point", "coordinates": [ 77.7286194, 12.892395 ] } },
{ "type": "Feature", "properties": { "name": "Kadugodi Bridge", "highway": "bus_stop", "railway": null, "public_transport": "platform" }, "geometry": { "type": "Point", "coordinates": [ 77.7578876, 12.9944997 ] } },
{ "type": "Feature", "properties": { "name": "St. Theresa Hospital", "highway": "bus_stop", "railway": null, "public_transport": "platform" }, "geometry": { "type": "Point", "coordinates": [ 77.5544693, 13.0070245 ] } },
{ "type": "Feature", "properties": { "name": "Isolation Hospital", "highway": "bus_stop", "railway": null, "public_transport": "platform" }, "geometry": { "type": "Point", "coordinates": [ 77.6431454, 12.985161 ] } },
{ "type": "Feature", "properties": { "name": "Isolation Hospital", "highway": "bus_stop", "railway": null, "public_transport": "platform" }, "geometry": { "type": "Point", "coordinates": [ 77.643204, 12.9849152 ] } },
{ "type": "Feature", "properties": { "name": "Swami Vivekananda Road", "highway": "bus_stop", "railway": null, "public_transport": "platform" }, "geometry": { "type": "Point", "coordinates": [ 77.6450173, 12.9859219 ] } },
{ "type": "Feature", "properties": { "name": "Doddanekundi Bus Stand", "highway": "bus_stop", "railway": null, "public_transport": "platform" }, "geometry": { "type": "Point", "coordinates": [ 77.6942632, 12.9715778 ] } },
{ "type": "Feature", "properties": { "name": "Thimmappana Palya", "highway": "bus_stop", "railway": null, "public_transport": "platform" }, "geometry": { "type": "Point", "coordinates": [ 77.3927479, 12.8415069 ] } },
{ "type": "Feature", "properties": { "name": "Nagarabhavi BDA Complex", "highway": "bus_stop", "railway": null, "public_transport": "platform" }, "geometry": { "type": "Point", "coordinates": [ 77.510692, 12.9796252 ] } },
{ "type": "Feature", "properties": { "name": "Nagarabhavi BDA Complex", "highway": "bus_stop", "railway": null, "public_transport": "platform" }, "geometry": { "type": "Point", "coordinates": [ 77.5107812, 12.9796016 ] } },
{ "type": "Feature", "properties": { "name": "Jayanagar 9th Block", "highway": "bus_stop", "railway": null, "public_transport": "platform" }, "geometry": { "type": "Point", "coordinates": [ 77.5923304, 12.9195745 ] } },
{ "type": "Feature", "properties": { "name": "Jayanagar 9th Block", "highway": "bus_stop", "railway": null, "public_transport": "platform" }, "geometry": { "type": "Point", "coordinates": [ 77.5923385, 12.919785 ] } },
{ "type": "Feature", "properties": { "name": "Yeshwanthapura Railway Station", "highway": "bus_stop", "railway": null, "public_transport": "platform" }, "geometry": { "type": "Point", "coordinates": [ 77.5504068, 13.0231404 ] } },
{ "type": "Feature", "properties": { "name": "Central Silk Board (Towards Madivala)", "highway": "bus_stop", "railway": null, "public_transport": "platform" }, "geometry": { "type": "Point", "coordinates": [ 77.6212546, 12.9169444 ] } },
{ "type": "Feature", "properties": { "name": "Peenya 2nd Stage", "highway": "bus_stop", "railway": null, "public_transport": "platform" }, "geometry": { "type": "Point", "coordinates": [ 77.5068223, 13.0108926 ] } },
{ "type": "Feature", "properties": { "name": "Hampinagara Bus Stand", "highway": "bus_stop", "railway": null, "public_transport": "platform" }, "geometry": { "type": "Point", "coordinates": [ 77.5354816, 12.9590718 ] } },
{ "type": "Feature", "properties": { "name": "Garakamanthana Palya", "highway": "bus_stop", "railway": null, "public_transport": "platform" }, "geometry": { "type": "Point", "coordinates": [ 77.6664747, 12.9752858 ] } },
{ "type": "Feature", "properties": { "name": "Rajajinagar Entrance", "highway": "bus_stop", "railway": null, "public_transport": "platform" }, "geometry": { "type": "Point", "coordinates": [ 77.5568187, 12.98458 ] } },
{ "type": "Feature", "properties": { "name": "Mariyappanapalya", "highway": "bus_stop", "railway": null, "public_transport": "platform" }, "geometry": { "type": "Point", "coordinates": [ 77.5564195, 12.9984707 ] } },
{ "type": "Feature", "properties": { "name": "Lakshmidevi Nagara", "highway": "bus_stop", "railway": null, "public_transport": "platform" }, "geometry": { "type": "Point", "coordinates": [ 77.5261972, 13.0155385 ] } },
{ "type": "Feature", "properties": { "name": "Kanteerava Nagar", "highway": "bus_stop", "railway": null, "public_transport": "platform" }, "geometry": { "type": "Point", "coordinates": [ 77.5270556, 13.0213819 ] } },
{ "type": "Feature", "properties": { "name": "Vidhanasoudha Layout", "highway": "bus_stop", "railway": null, "public_transport": "platform" }, "geometry": { "type": "Point", "coordinates": [ 77.5237107, 13.0155714 ] } },
{ "type": "Feature", "properties": { "name": "Rajaji Nagar 1st Block", "highway": "bus_stop", "railway": null, "public_transport": "platform" }, "geometry": { "type": "Point", "coordinates": [ 77.54878, 13.005145 ] } },
{ "type": "Feature", "properties": { "name": "Indian Express", "highway": "bus_stop", "railway": null, "public_transport": "platform" }, "geometry": { "type": "Point", "coordinates": [ 77.5974026, 12.9838702 ] } },
{ "type": "Feature", "properties": { "name": "Ganesha Temple", "highway": "bus_stop", "railway": null, "public_transport": "platform" }, "geometry": { "type": "Point", "coordinates": [ 77.5432274, 13.0096341 ] } },
{ "type": "Feature", "properties": { "name": "Shivananda Stores", "highway": "bus_stop", "railway": null, "public_transport": "platform" }, "geometry": { "type": "Point", "coordinates": [ 77.5789129, 12.9868763 ] } },
{ "type": "Feature", "properties": { "name": "Malleshwaram Circle", "highway": "bus_stop", "railway": null, "public_transport": "platform" }, "geometry": { "type": "Point", "coordinates": [ 77.5689626, 12.996754 ] } },
{ "type": "Feature", "properties": { "name": "Sanjay Gandhi Nagar", "highway": "bus_stop", "railway": null, "public_transport": "platform" }, "geometry": { "type": "Point", "coordinates": [ 77.5261915, 13.0188496 ] } },
{ "type": "Feature", "properties": { "name": "Mahalakshmi Layout", "highway": "bus_stop", "railway": null, "public_transport": "platform" }, "geometry": { "type": "Point", "coordinates": [ 77.5438333, 13.0119095 ] } },
{ "type": "Feature", "properties": { "name": "Swastik Sheshadripuram College", "highway": "bus_stop", "railway": null, "public_transport": "platform" }, "geometry": { "type": "Point", "coordinates": [ 77.5743237, 12.9878013 ] } },
{ "type": "Feature", "properties": { "name": "Bhoopasandra", "highway": "bus_stop", "railway": null, "public_transport": "platform" }, "geometry": { "type": "Point", "coordinates": [ 77.5808479, 13.0425659 ] } },
{ "type": "Feature", "properties": { "name": "Geddalahalli", "highway": "bus_stop", "railway": null, "public_transport": "platform" }, "geometry": { "type": "Point", "coordinates": [ 77.5774226, 13.0308677 ] } },
{ "type": "Feature", "properties": { "name": "Ashwath Nagar", "highway": "bus_stop", "railway": null, "public_transport": "platform" }, "geometry": { "type": "Point", "coordinates": [ 77.5796828, 13.0270943 ] } },
{ "type": "Feature", "properties": { "name": "Nagashettyhalli", "highway": "bus_stop", "railway": null, "public_transport": "platform" }, "geometry": { "type": "Point", "coordinates": [ 77.5731723, 13.0425171 ] } },
{ "type": "Feature", "properties": { "name": "Vijaynagara", "highway": "bus_stop", "railway": null, "public_transport": "platform" }, "geometry": { "type": "Point", "coordinates": [ 77.5378334, 12.9717228 ] } },
{ "type": "Feature", "properties": { "name": "Sadashivanagara Police Station", "highway": "bus_stop", "railway": null, "public_transport": "platform" }, "geometry": { "type": "Point", "coordinates": [ 77.5728595, 13.0149314 ] } },
{ "type": "Feature", "properties": { "name": "Kamalanagar 8th Main", "highway": "bus_stop", "railway": null, "public_transport": "platform" }, "geometry": { "type": "Point", "coordinates": [ 77.5384824, 12.9919357 ] } },
{ "type": "Feature", "properties": { "name": "Sanjay Nagara", "highway": "bus_stop", "railway": null, "public_transport": "platform" }, "geometry": { "type": "Point", "coordinates": [ 77.575649, 13.0344079 ] } },
{ "type": "Feature", "properties": { "name": "Shankar Mutt", "highway": "bus_stop", "railway": null, "public_transport": "platform" }, "geometry": { "type": "Point", "coordinates": [ 77.5416176, 12.9990352 ] } },
{ "type": "Feature", "properties": { "name": "Navarang Theatre", "highway": "bus_stop", "railway": null, "public_transport": "platform" }, "geometry": { "type": "Point", "coordinates": [ 77.5489491, 12.9974984 ] } },
{ "type": "Feature", "properties": { "name": "Modi Hospital", "highway": "bus_stop", "railway": null, "public_transport": "platform" }, "geometry": { "type": "Point", "coordinates": [ 77.5458814, 12.9973955 ] } },
{ "type": "Feature", "properties": { "name": "RMS Sanjaynagara", "highway": "bus_stop", "railway": null, "public_transport": "platform" }, "geometry": { "type": "Point", "coordinates": [ 77.5743977, 13.0375322 ] } },
{ "type": "Feature", "properties": { "name": "Maruthi Mandira", "highway": "bus_stop", "railway": null, "public_transport": "platform" }, "geometry": { "type": "Point", "coordinates": [ 77.5363051, 12.9676387 ] } },
{ "type": "Feature", "properties": { "name": "Agrahara Dasarahalli", "highway": "bus_stop", "railway": null, "public_transport": "platform" }, "geometry": { "type": "Point", "coordinates": [ 77.5406823, 12.9790631 ] } },
{ "type": "Feature", "properties": { "name": "MS Ramaiah Hospital", "highway": "bus_stop", "railway": null, "public_transport": "platform" }, "geometry": { "type": "Point", "coordinates": [ 77.5716435, 13.0271914 ] } },
{ "type": "Feature", "properties": { "name": "State Bank of India", "highway": "bus_stop", "railway": null, "public_transport": "platform" }, "geometry": { "type": "Point", "coordinates": [ 77.6649677, 12.8455152 ] } },
{ "type": "Feature", "properties": { "name": "KR Puram Railway Station", "highway": "bus_stop", "railway": null, "public_transport": "platform" }, "geometry": { "type": "Point", "coordinates": [ 77.6762556, 12.9998249 ] } },
{ "type": "Feature", "properties": { "name": "HRBR Layout Cross", "highway": "bus_stop", "railway": null, "public_transport": "platform" }, "geometry": { "type": "Point", "coordinates": [ 77.6431797, 13.0242046 ] } },
{ "type": "Feature", "properties": { "name": "Jaraganahalli Cross", "highway": "bus_stop", "railway": null, "public_transport": "platform" }, "geometry": { "type": "Point", "coordinates": [ 77.5734953, 12.9014789 ] } },
{ "type": "Feature", "properties": { "name": "Konanakunte", "highway": "bus_stop", "railway": null, "public_transport": "platform" }, "geometry": { "type": "Point", "coordinates": [ 77.5669172, 12.8854267 ] } },
{ "type": "Feature", "properties": { "name": "Avalahalli", "highway": "bus_stop", "railway": null, "public_transport": "platform" }, "geometry": { "type": "Point", "coordinates": [ 77.5664556, 12.8728036 ] } },
{ "type": "Feature", "properties": { "name": "Hoodi Circle", "highway": "bus_stop", "railway": null, "public_transport": "platform" }, "geometry": { "type": "Point", "coordinates": [ 77.7151783, 12.9918889 ] } },
{ "type": "Feature", "properties": { "name": "Garudachar Palya", "highway": "bus_stop", "railway": null, "public_transport": "platform" }, "geometry": { "type": "Point", "coordinates": [ 77.7017324, 12.9938399 ] } },
{ "type": "Feature", "properties": { "name": "Glass Factory", "highway": "bus_stop", "railway": null, "public_transport": "platform" }, "geometry": { "type": "Point", "coordinates": [ 77.5670399, 12.8763324 ] } },
{ "type": "Feature", "properties": { "name": "Metro Konanakunte", "highway": "bus_stop", "railway": null, "public_transport": "platform" }, "geometry": { "type": "Point", "coordinates": [ 77.5687665, 12.8944811 ] } },
{ "type": "Feature", "properties": { "name": "Yelachenahalli", "highway": "bus_stop", "railway": null, "public_transport": "platform" }, "geometry": { "type": "Point", "coordinates": [ 77.5714561, 12.8973375 ] } },
{ "type": "Feature", "properties": { "name": "Konanakunte Cross", "highway": "bus_stop", "railway": null, "public_transport": "platform" }, "geometry": { "type": "Point", "coordinates": [ 77.5643128, 12.8902129 ] } },
{ "type": "Feature", "properties": { "name": "Avalahalli BDA Layout Cross", "highway": "bus_stop", "railway": null, "public_transport": "platform" }, "geometry": { "type": "Point", "coordinates": [ 77.5612276, 12.8739977 ] } },
{ "type": "Feature", "properties": { "name": "Konanakunte Reliance Fresh", "highway": "bus_stop", "railway": null, "public_transport": "platform" }, "geometry": { "type": "Point", "coordinates": [ 77.5660649, 12.8828951 ] } },
{ "type": "Feature", "properties": { "name": "Hari Nagara Cross", "highway": "bus_stop", "railway": null, "public_transport": "platform" }, "geometry": { "type": "Point", "coordinates": [ 77.5673463, 12.879171 ] } },
{ "type": "Feature", "properties": { "name": "Sarakki", "highway": "bus_stop", "railway": null, "public_transport": "platform" }, "geometry": { "type": "Point", "coordinates": [ 77.5729938, 12.9109221 ] } },
{ "type": "Feature", "properties": { "name": "Park", "highway": "bus_stop", "railway": null, "public_transport": "platform" }, "geometry": { "type": "Point", "coordinates": [ 77.5384272, 12.9650329 ] } },
{ "type": "Feature", "properties": { "name": "Devsathanam", "highway": "bus_stop", "railway": null, "public_transport": "platform" }, "geometry": { "type": "Point", "coordinates": [ 77.5418338, 12.9642587 ] } },
{ "type": "Feature", "properties": { "name": null, "highway": "bus_stop", "railway": null, "public_transport": null }, "geometry": { "type": "Point", "coordinates": [ 77.6561681, 13.0648862 ] } },
{ "type": "Feature", "properties": { "name": "Mayo Hall", "highway": "bus_stop", "railway": null, "public_transport": "platform" }, "geometry": { "type": "Point", "coordinates": [ 77.6112422, 12.973855 ] } },
{ "type": "Feature", "properties": { "name": "Forum City Apartment", "highway": "bus_stop", "railway": null, "public_transport": "platform" }, "geometry": { "type": "Point", "coordinates": [ 77.5881153, 12.9965031 ] } },
{ "type": "Feature", "properties": { "name": "Vyalikaval", "highway": "bus_stop", "railway": null, "public_transport": "platform" }, "geometry": { "type": "Point", "coordinates": [ 77.5776936, 12.999259 ] } },
{ "type": "Feature", "properties": { "name": "Sirsi Circle", "highway": "bus_stop", "railway": null, "public_transport": "platform" }, "geometry": { "type": "Point", "coordinates": [ 77.5590301, 12.9601734 ] } },
{ "type": "Feature", "properties": { "name": "Krishnarajendra Market (Kalasipalya)", "highway": "bus_stop", "railway": null, "public_transport": "platform" }, "geometry": { "type": "Point", "coordinates": [ 77.5772027, 12.9601936 ] } },
{ "type": "Feature", "properties": { "name": "Whitefield (Kadugodi)", "highway": null, "railway": "station", "public_transport": "station" }, "geometry": { "type": "Point", "coordinates": [ 77.7579489, 12.9957428 ] } },
{ "type": "Feature", "properties": { "name": "Hopefarm Channasandra", "highway": null, "railway": "station", "public_transport": "station" }, "geometry": { "type": "Point", "coordinates": [ 77.7538033, 12.9873426 ] } },
{ "type": "Feature", "properties": { "name": "Pattandur Agrahara", "highway": null, "railway": "station", "public_transport": "station" }, "geometry": { "type": "Point", "coordinates": [ 77.7377718, 12.9876393 ] } },
{ "type": "Feature", "properties": { "name": "Sri Sathya Sai Hospital", "highway": null, "railway": "station", "public_transport": "station" }, "geometry": { "type": "Point", "coordinates": [ 77.7275361, 12.9811949 ] } },
{ "type": "Feature", "properties": { "name": "Nallurahalli", "highway": null, "railway": "station", "public_transport": "station" }, "geometry": { "type": "Point", "coordinates": [ 77.7248845, 12.9766408 ] } },
{ "type": "Feature", "properties": { "name": "Kundalahalli", "highway": null, "railway": "station", "public_transport": "station" }, "geometry": { "type": "Point", "coordinates": [ 77.7155586, 12.977594 ] } },
{ "type": "Feature", "properties": { "name": "Seetharampalya", "highway": null, "railway": "station", "public_transport": "station" }, "geometry": { "type": "Point", "coordinates": [ 77.7087854, 12.9808558 ] } },
{ "type": "Feature", "properties": { "name": "Hoodi", "highway": null, "railway": "station", "public_transport": "station" }, "geometry": { "type": "Point", "coordinates": [ 77.711326, 12.9888029 ] } },
{ "type": "Feature", "properties": { "name": "Garudacharpalya", "highway": null, "railway": "station", "public_transport": "station" }, "geometry": { "type": "Point", "coordinates": [ 77.7036768, 12.9934505 ] } },
{ "type": "Feature", "properties": { "name": "Singayyanapalya", "highway": null, "railway": "station", "public_transport": "station" }, "geometry": { "type": "Point", "coordinates": [ 77.6927176, 12.9965445 ] } },
{ "type": "Feature", "properties": { "name": "Krishnarajapura", "highway": null, "railway": "station", "public_transport": "station" }, "geometry": { "type": "Point", "coordinates": [ 77.6776703, 12.9999024 ] } },
{ "type": "Feature", "properties": { "name": "Benniganahalli", "highway": null, "railway": "station", "public_transport": "station" }, "geometry": { "type": "Point", "coordinates": [ 77.6684619, 12.9965158 ] } },
{ "type": "Feature", "properties": { "name": "Delta Electronics Bommasandra", "highway": null, "railway": "station", "public_transport": "station" }, "geometry": { "type": "Point", "coordinates": [ 77.6883453, 12.8193944 ] } },
{ "type": "Feature", "properties": { "name": "Huskur Road", "highway": null, "railway": "station", "public_transport": "station" }, "geometry": { "type": "Point", "coordinates": [ 77.6773716, 12.8391572 ] } },
{ "type": "Feature", "properties": { "name": "Infosys Foundation Konappana Agrahara", "highway": null, "railway": "station", "public_transport": "station" }, "geometry": { "type": "Point", "coordinates": [ 77.6711872, 12.8464399 ] } },
{ "type": "Feature", "properties": { "name": "Electronic City", "highway": null, "railway": "station", "public_transport": "station" }, "geometry": { "type": "Point", "coordinates": [ 77.6635228, 12.8565053 ] } },
{ "type": "Feature", "properties": { "name": "Beratena Agrahara", "highway": null, "railway": "station", "public_transport": "station" }, "geometry": { "type": "Point", "coordinates": [ 77.6579036, 12.863878 ] } },
{ "type": "Feature", "properties": { "name": "Hosa Road", "highway": null, "railway": "station", "public_transport": "station" }, "geometry": { "type": "Point", "coordinates": [ 77.652447, 12.8707491 ] } },
{ "type": "Feature", "properties": { "name": "Singasandra", "highway": null, "railway": "station", "public_transport": "station" }, "geometry": { "type": "Point", "coordinates": [ 77.6448456, 12.8808178 ] } },
{ "type": "Feature", "properties": { "name": "Kudlu Gate", "highway": null, "railway": "station", "public_transport": "station" }, "geometry": { "type": "Point", "coordinates": [ 77.6392156, 12.8899259 ] } },
{ "type": "Feature", "properties": { "name": "Hongasandra", "highway": null, "railway": "station", "public_transport": "station" }, "geometry": { "type": "Point", "coordinates": [ 77.6319861, 12.9016952 ] } },
{ "type": "Feature", "properties": { "name": "Bommanahalli", "highway": null, "railway": "station", "public_transport": "station" }, "geometry": { "type": "Point", "coordinates": [ 77.6264782, 12.9106157 ] } },
{ "type": "Feature", "properties": { "name": "Central Silk Board", "highway": null, "railway": "station", "public_transport": "station" }, "geometry": { "type": "Point", "coordinates": [ 77.620567, 12.9165816 ] } },
{ "type": "Feature", "properties": { "name": "BTM Layout", "highway": null, "railway": "station", "public_transport": "station" }, "geometry": { "type": "Point", "coordinates": [ 77.6081182, 12.9165878 ] } },
{ "type": "Feature", "properties": { "name": "Ragigudda", "highway": null, "railway": "station", "public_transport": "station" }, "geometry": { "type": "Point", "coordinates": [ 77.5883015, 12.9170807 ] } },
{ "type": "Feature", "properties": { "name": "Ravi Tent", "highway": "bus_stop", "railway": null, "public_transport": "platform" }, "geometry": { "type": "Point", "coordinates": [ 77.6215009, 12.9514792 ] } },
{ "type": "Feature", "properties": { "name": "Wipro Mori Gate", "highway": "bus_stop", "railway": null, "public_transport": "platform" }, "geometry": { "type": "Point", "coordinates": [ 77.6840676, 12.9108208 ] } },
{ "type": "Feature", "properties": { "name": "Kaikondrahalli", "highway": "bus_stop", "railway": null, "public_transport": "platform" }, "geometry": { "type": "Point", "coordinates": [ 77.6777603, 12.9140233 ] } },
{ "type": "Feature", "properties": { "name": "Wipro Mori Gate", "highway": "bus_stop", "railway": null, "public_transport": "platform" }, "geometry": { "type": "Point", "coordinates": [ 77.6845265, 12.9108921 ] } },
{ "type": "Feature", "properties": { "name": "Doddakannali", "highway": "bus_stop", "railway": null, "public_transport": "platform" }, "geometry": { "type": "Point", "coordinates": [ 77.695445, 12.9071179 ] } },
{ "type": "Feature", "properties": { "name": "Doddakannali", "highway": "bus_stop", "railway": null, "public_transport": "platform" }, "geometry": { "type": "Point", "coordinates": [ 77.6954731, 12.9073774 ] } },
{ "type": "Feature", "properties": { "name": "Ibbaluru", "highway": "bus_stop", "railway": null, "public_transport": "platform" }, "geometry": { "type": "Point", "coordinates": [ 77.6630914, 12.9212928 ] } },
{ "type": "Feature", "properties": { "name": "National Games", "highway": "bus_stop", "railway": null, "public_transport": "platform" }, "geometry": { "type": "Point", "coordinates": [ 77.6201392, 12.9487326 ] } },
{ "type": "Feature", "properties": { "name": "Koramangala Depot", "highway": "bus_stop", "railway": null, "public_transport": "platform" }, "geometry": { "type": "Point", "coordinates": [ 77.6247519, 12.9407094 ] } },
{ "type": "Feature", "properties": { "name": "Kamalanagar Water Tank", "highway": "bus_stop", "railway": null, "public_transport": "platform" }, "geometry": { "type": "Point", "coordinates": [ 77.5380702, 12.995269 ] } },
{ "type": "Feature", "properties": { "name": "Mysore Road Metro", "highway": "bus_stop", "railway": null, "public_transport": "platform" }, "geometry": { "type": "Point", "coordinates": [ 77.5299195, 12.9464096 ] } },
{ "type": "Feature", "properties": { "name": "Hulimavu Bus Stop", "highway": "bus_stop", "railway": null, "public_transport": null }, "geometry": { "type": "Point", "coordinates": [ 77.6028013, 12.8768645 ] } },
{ "type": "Feature", "properties": { "name": "Canara Bank Bus Stop", "highway": "bus_stop", "railway": null, "public_transport": "platform" }, "geometry": { "type": "Point", "coordinates": [ 77.6250809, 12.8851411 ] } },
{ "type": "Feature", "properties": { "name": "Canara Bank Bus Stop", "highway": "bus_stop", "railway": null, "public_transport": "platform" }, "geometry": { "type": "Point", "coordinates": [ 77.6251035, 12.8851471 ] } },
{ "type": "Feature", "properties": { "name": "Tent Bus Stop", "highway": "bus_stop", "railway": null, "public_transport": "platform" }, "geometry": { "type": "Point", "coordinates": [ 77.6258799, 12.8918009 ] } },
{ "type": "Feature", "properties": { "name": "Tent Bus Stop", "highway": "bus_stop", "railway": null, "public_transport": "platform" }, "geometry": { "type": "Point", "coordinates": [ 77.6259154, 12.8917728 ] } },
{ "type": "Feature", "properties": { "name": "Vishwapriyanagar Bus Stop", "highway": "bus_stop", "railway": null, "public_transport": "platform" }, "geometry": { "type": "Point", "coordinates": [ 77.624724, 12.8820078 ] } },
{ "type": "Feature", "properties": { "name": "Vishwapriyanagar Bus Stop", "highway": "bus_stop", "railway": null, "public_transport": "platform" }, "geometry": { "type": "Point", "coordinates": [ 77.6247555, 12.8820137 ] } },
{ "type": "Feature", "properties": { "name": "Deccan Bus Stop", "highway": "bus_stop", "railway": null, "public_transport": "platform" }, "geometry": { "type": "Point", "coordinates": [ 77.6274121, 12.9027599 ] } },
{ "type": "Feature", "properties": { "name": "Deccan Bus Stop", "highway": "bus_stop", "railway": null, "public_transport": "platform" }, "geometry": { "type": "Point", "coordinates": [ 77.6273648, 12.9027726 ] } },
{ "type": "Feature", "properties": { "name": "Kalyana Mantapa Bus Stop", "highway": "bus_stop", "railway": null, "public_transport": "platform" }, "geometry": { "type": "Point", "coordinates": [ 77.6265661, 12.8982875 ] } },
{ "type": "Feature", "properties": { "name": "Kalyana Mantapa Bus Stop", "highway": "bus_stop", "railway": null, "public_transport": "platform" }, "geometry": { "type": "Point", "coordinates": [ 77.6264158, 12.8982918 ] } },
{ "type": "Feature", "properties": { "name": "Dasarahalli", "highway": null, "railway": "station", "public_transport": "station" }, "geometry": { "type": "Point", "coordinates": [ 77.5125535, 13.0432607 ] } },
{ "type": "Feature", "properties": { "name": "Jalahalli", "highway": null, "railway": "station", "public_transport": "station" }, "geometry": { "type": "Point", "coordinates": [ 77.5197351, 13.0394104 ] } },
{ "type": "Feature", "properties": { "name": "Srirampura", "highway": null, "railway": "station", "public_transport": "station" }, "geometry": { "type": "Point", "coordinates": [ 77.5631963, 12.9965253 ] } },
{ "type": "Feature", "properties": { "name": null, "highway": "bus_stop", "railway": null, "public_transport": "platform" }, "geometry": { "type": "Point", "coordinates": [ 77.6517261, 12.919574 ] } },
{ "type": "Feature", "properties": { "name": "Byrathi Cross", "highway": "bus_stop", "railway": null, "public_transport": "platform" }, "geometry": { "type": "Point", "coordinates": [ 77.6482304, 13.0571707 ] } },
{ "type": "Feature", "properties": { "name": "K Narayanapura Cross", "highway": "bus_stop", "railway": null, "public_transport": "platform" }, "geometry": { "type": "Point", "coordinates": [ 77.6459505, 13.0525889 ] } },
{ "type": "Feature", "properties": { "name": "Geddalahalli", "highway": "bus_stop", "railway": null, "public_transport": "platform" }, "geometry": { "type": "Point", "coordinates": [ 77.6452772, 13.0483573 ] } },
{ "type": "Feature", "properties": { "name": "Koramangala CPWD Quarters", "highway": "bus_stop", "railway": null, "public_transport": "platform" }, "geometry": { "type": "Point", "coordinates": [ 77.6246174, 12.9261729 ] } },
{ "type": "Feature", "properties": { "name": "Sony World Signal", "highway": "bus_stop", "railway": null, "public_transport": "platform" }, "geometry": { "type": "Point", "coordinates": [ 77.6270757, 12.9371627 ] } },
{ "type": "Feature", "properties": { "name": "Carmelaram Gate", "highway": "bus_stop", "railway": null, "public_transport": "platform" }, "geometry": { "type": "Point", "coordinates": [ 77.7039978, 12.9036289 ] } },
{ "type": "Feature", "properties": { "name": "Carmelaram Railway Gate", "highway": "bus_stop", "railway": null, "public_transport": "platform" }, "geometry": { "type": "Point", "coordinates": [ 77.7059123, 12.9089415 ] } },
{ "type": "Feature", "properties": { "name": "Ambedkar Nagar", "highway": "bus_stop", "railway": null, "public_transport": "platform" }, "geometry": { "type": "Point", "coordinates": [ 77.7509689, 12.9770467 ] } },
{ "type": "Feature", "properties": { "name": "Ambedkar Nagara", "highway": "bus_stop", "railway": null, "public_transport": "platform" }, "geometry": { "type": "Point", "coordinates": [ 77.7132074, 12.8991824 ] } },
{ "type": "Feature", "properties": { "name": "Dommasandra Circle", "highway": "bus_stop", "railway": null, "public_transport": "platform" }, "geometry": { "type": "Point", "coordinates": [ 77.7520795, 12.8834621 ] } },
{ "type": "Feature", "properties": { "name": "Chandrapura Cross", "highway": "bus_stop", "railway": null, "public_transport": "platform" }, "geometry": { "type": "Point", "coordinates": [ 77.7383009, 12.8875188 ] } },
{ "type": "Feature", "properties": { "name": "Chambenahalli Gate", "highway": "bus_stop", "railway": null, "public_transport": "platform" }, "geometry": { "type": "Point", "coordinates": [ 77.7615986, 12.8794525 ] } },
{ "type": "Feature", "properties": { "name": "Chudenahalli", "highway": "bus_stop", "railway": null, "public_transport": "platform" }, "geometry": { "type": "Point", "coordinates": [ 77.7590264, 12.8808096 ] } },
{ "type": "Feature", "properties": { "name": "Yamare", "highway": "bus_stop", "railway": null, "public_transport": "platform" }, "geometry": { "type": "Point", "coordinates": [ 77.7666186, 12.8718101 ] } },
{ "type": "Feature", "properties": { "name": "Sarjapura Road Police Station", "highway": "bus_stop", "railway": null, "public_transport": "platform" }, "geometry": { "type": "Point", "coordinates": [ 77.7833272, 12.8609579 ] } },
{ "type": "Feature", "properties": { "name": "Sarjapura Bus Stand", "highway": "bus_stop", "railway": null, "public_transport": "station" }, "geometry": { "type": "Point", "coordinates": [ 77.7855737, 12.8613835 ] } },
{ "type": "Feature", "properties": { "name": "Sarjapura Road Police Station", "highway": "bus_stop", "railway": null, "public_transport": "platform" }, "geometry": { "type": "Point", "coordinates": [ 77.783333, 12.8607846 ] } },
{ "type": "Feature", "properties": { "name": "Somapura Gate", "highway": "bus_stop", "railway": null, "public_transport": "platform" }, "geometry": { "type": "Point", "coordinates": [ 77.7717946, 12.862134 ] } },
{ "type": "Feature", "properties": { "name": "Kristal Apartments", "highway": "bus_stop", "railway": null, "public_transport": "platform" }, "geometry": { "type": "Point", "coordinates": [ 77.7669184, 12.8676932 ] } },
{ "type": "Feature", "properties": { "name": "Yamare", "highway": "bus_stop", "railway": null, "public_transport": "platform" }, "geometry": { "type": "Point", "coordinates": [ 77.7664552, 12.8718349 ] } },
{ "type": "Feature", "properties": { "name": "Chambenahalli Gate", "highway": "bus_stop", "railway": null, "public_transport": "platform" }, "geometry": { "type": "Point", "coordinates": [ 77.7614654, 12.8792035 ] } },
{ "type": "Feature", "properties": { "name": "Chowdadevanahalli", "highway": "bus_stop", "railway": null, "public_transport": "platform" }, "geometry": { "type": "Point", "coordinates": [ 77.7589147, 12.880673 ] } },
{ "type": "Feature", "properties": { "name": "Dommasandra Circle", "highway": "bus_stop", "railway": null, "public_transport": "platform" }, "geometry": { "type": "Point", "coordinates": [ 77.7521448, 12.8831988 ] } },
{ "type": "Feature", "properties": { "name": "Dommasandra", "highway": "bus_stop", "railway": null, "public_transport": "platform" }, "geometry": { "type": "Point", "coordinates": [ 77.7537112, 12.8794231 ] } },
{ "type": "Feature", "properties": { "name": "Sulikunte", "highway": "bus_stop", "railway": null, "public_transport": "platform" }, "geometry": { "type": "Point", "coordinates": [ 77.7284877, 12.8922637 ] } },
{ "type": "Feature", "properties": { "name": "Kodathi Gate", "highway": "bus_stop", "railway": null, "public_transport": "platform" }, "geometry": { "type": "Point", "coordinates": [ 77.7201192, 12.8965674 ] } },
{ "type": "Feature", "properties": { "name": "Ambedkar Nagara", "highway": "bus_stop", "railway": null, "public_transport": "platform" }, "geometry": { "type": "Point", "coordinates": [ 77.71266, 12.8991369 ] } },
{ "type": "Feature", "properties": { "name": "Carmelaram Gate", "highway": "bus_stop", "railway": null, "public_transport": "platform" }, "geometry": { "type": "Point", "coordinates": [ 77.7039508, 12.9034095 ] } },
{ "type": "Feature", "properties": { "name": "Railway Gate", "highway": "bus_stop", "railway": null, "public_transport": "platform" }, "geometry": { "type": "Point", "coordinates": [ 77.7079872, 12.9012706 ] } },
{ "type": "Feature", "properties": { "name": "Bellanduru Gate", "highway": "bus_stop", "railway": null, "public_transport": "platform" }, "geometry": { "type": "Point", "coordinates": [ 77.6692843, 12.9186297 ] } },
{ "type": "Feature", "properties": { "name": "Agara", "highway": "bus_stop", "railway": null, "public_transport": "platform" }, "geometry": { "type": "Point", "coordinates": [ 77.6507985, 12.9243729 ] } },
{ "type": "Feature", "properties": { "name": "Wipro Park", "highway": "bus_stop", "railway": null, "public_transport": "platform" }, "geometry": { "type": "Point", "coordinates": [ 77.6331242, 12.9288339 ] } },
{ "type": "Feature", "properties": { "name": "Maharaja Hotel", "highway": "bus_stop", "railway": null, "public_transport": "platform" }, "geometry": { "type": "Point", "coordinates": [ 77.629689, 12.934309 ] } },
{ "type": "Feature", "properties": { "name": "Sony World Signal", "highway": "bus_stop", "railway": null, "public_transport": "platform" }, "geometry": { "type": "Point", "coordinates": [ 77.6269756, 12.9370632 ] } },
{ "type": "Feature", "properties": { "name": "Koramangala Depot", "highway": "bus_stop", "railway": null, "public_transport": "platform" }, "geometry": { "type": "Point", "coordinates": [ 77.6241999, 12.9410352 ] } },
{ "type": "Feature", "properties": { "name": "NDDA Koramangala", "highway": "bus_stop", "railway": null, "public_transport": "platform" }, "geometry": { "type": "Point", "coordinates": [ 77.6205521, 12.9443093 ] } },
{ "type": "Feature", "properties": { "name": "Rajendranagar", "highway": "bus_stop", "railway": null, "public_transport": "platform" }, "geometry": { "type": "Point", "coordinates": [ 77.6198203, 12.9485137 ] } },
{ "type": "Feature", "properties": { "name": "Ravi Tent", "highway": "bus_stop", "railway": null, "public_transport": "platform" }, "geometry": { "type": "Point", "coordinates": [ 77.6213248, 12.9515758 ] } },
{ "type": "Feature", "properties": { "name": "Vannarapete", "highway": "bus_stop", "railway": null, "public_transport": "platform" }, "geometry": { "type": "Point", "coordinates": [ 77.6209726, 12.9564029 ] } },
{ "type": "Feature", "properties": { "name": "ASC Center", "highway": "bus_stop", "railway": null, "public_transport": "platform" }, "geometry": { "type": "Point", "coordinates": [ 77.6189542, 12.9622462 ] } },
{ "type": "Feature", "properties": { "name": "Military Accounts Office", "highway": "bus_stop", "railway": null, "public_transport": "platform" }, "geometry": { "type": "Point", "coordinates": [ 77.617609, 12.9651914 ] } },
{ "type": "Feature", "properties": { "name": "Military Accounts Office", "highway": "bus_stop", "railway": null, "public_transport": "platform" }, "geometry": { "type": "Point", "coordinates": [ 77.6201638, 12.9674547 ] } },
{ "type": "Feature", "properties": { "name": "Shanthi Nagara Bus Station", "highway": "bus_stop", "railway": null, "public_transport": "platform" }, "geometry": { "type": "Point", "coordinates": [ 77.5925974, 12.9543826 ] } },
{ "type": "Feature", "properties": { "name": "Wilson Garden Police Station", "highway": "bus_stop", "railway": null, "public_transport": "platform" }, "geometry": { "type": "Point", "coordinates": [ 77.5952172, 12.9513296 ] } },
{ "type": "Feature", "properties": { "name": "Wilson Garden 12th Cross", "highway": "bus_stop", "railway": null, "public_transport": "platform" }, "geometry": { "type": "Point", "coordinates": [ 77.5978676, 12.9470745 ] } },
{ "type": "Feature", "properties": { "name": "Muneshwara Devasthana", "highway": "bus_stop", "railway": null, "public_transport": "platform" }, "geometry": { "type": "Point", "coordinates": [ 77.6067276, 12.9366126 ] } },
{ "type": "Feature", "properties": { "name": "Koramangala Water Tank", "highway": "bus_stop", "railway": null, "public_transport": "platform" }, "geometry": { "type": "Point", "coordinates": [ 77.6225982, 12.9269396 ] } },
{ "type": "Feature", "properties": { "name": "1st Block Koramangala", "highway": "bus_stop", "railway": null, "public_transport": "platform" }, "geometry": { "type": "Point", "coordinates": [ 77.6349571, 12.9251488 ] } },
{ "type": "Feature", "properties": { "name": "Dommasandra", "highway": "bus_stop", "railway": null, "public_transport": "platform" }, "geometry": { "type": "Point", "coordinates": [ 77.7537542, 12.8796214 ] } },
{ "type": "Feature", "properties": { "name": "Koramangala Water Tank", "highway": "bus_stop", "railway": null, "public_transport": "platform" }, "geometry": { "type": "Point", "coordinates": [ 77.6205992, 12.9275643 ] } },
{ "type": "Feature", "properties": { "name": "Subramanyanagara", "highway": "bus_stop", "railway": null, "public_transport": "platform" }, "geometry": { "type": "Point", "coordinates": [ 77.5612959, 13.0043604 ] } },
{ "type": "Feature", "properties": { "name": "Subramanya Nagar", "highway": "bus_stop", "railway": null, "public_transport": "platform" }, "geometry": { "type": "Point", "coordinates": [ 77.5599387, 13.0047903 ] } },
{ "type": "Feature", "properties": { "name": "Police Station Subramanyanagara", "highway": "bus_stop", "railway": null, "public_transport": "platform" }, "geometry": { "type": "Point", "coordinates": [ 77.5536221, 13.0034098 ] } },
{ "type": "Feature", "properties": { "name": "Betta Halasuru", "highway": null, "railway": "halt", "public_transport": "halt" }, "geometry": { "type": "Point", "coordinates": [ 77.6043173, 13.1661211 ] } },
{ "type": "Feature", "properties": { "name": "Prasanna Theatre", "highway": "bus_stop", "railway": null, "public_transport": "platform" }, "geometry": { "type": "Point", "coordinates": [ 77.5525048, 12.9760905 ] } },
{ "type": "Feature", "properties": { "name": "Gollahalli", "highway": null, "railway": "station", "public_transport": "station" }, "geometry": { "type": "Point", "coordinates": [ 77.4173425, 13.1458556 ] } },
{ "type": "Feature", "properties": { "name": "Bhairanayakanahalli", "highway": null, "railway": "halt", "public_transport": "halt" }, "geometry": { "type": "Point", "coordinates": [ 77.3827897, 13.1939766 ] } },
{ "type": "Feature", "properties": { "name": "Brookfields", "highway": "bus_stop", "railway": null, "public_transport": "platform" }, "geometry": { "type": "Point", "coordinates": [ 77.7160837, 12.9675956 ] } },
{ "type": "Feature", "properties": { "name": "Marathahalli", "highway": "bus_stop", "railway": null, "public_transport": "platform" }, "geometry": { "type": "Point", "coordinates": [ 77.6999407, 12.9569766 ] } },
{ "type": "Feature", "properties": { "name": "Passport Office", "highway": "bus_stop", "railway": null, "public_transport": "platform" }, "geometry": { "type": "Point", "coordinates": [ 77.6191553, 12.9455523 ] } },
{ "type": "Feature", "properties": { "name": "Agara", "highway": "bus_stop", "railway": null, "public_transport": "platform" }, "geometry": { "type": "Point", "coordinates": [ 77.6505566, 12.9242932 ] } },
{ "type": "Feature", "properties": { "name": "St. John's Hospital", "highway": "bus_stop", "railway": null, "public_transport": "platform" }, "geometry": { "type": "Point", "coordinates": [ 77.6158565, 12.9295966 ] } },
{ "type": "Feature", "properties": { "name": "Platform 16", "highway": "bus_stop", "railway": null, "public_transport": "platform" }, "geometry": { "type": "Point", "coordinates": [ 77.5739897, 12.9768103 ] } },
{ "type": "Feature", "properties": { "name": "Maruthi Nagara", "highway": "bus_stop", "railway": null, "public_transport": null }, "geometry": { "type": "Point", "coordinates": [ 77.4791883, 12.9383153 ] } },
{ "type": "Feature", "properties": { "name": "Arakere Gate", "highway": "bus_stop", "railway": null, "public_transport": "platform" }, "geometry": { "type": "Point", "coordinates": [ 77.5982694, 12.8906648 ] } },
{ "type": "Feature", "properties": { "name": "Carmelaram", "highway": null, "railway": "station", "public_transport": "station" }, "geometry": { "type": "Point", "coordinates": [ 77.7058349, 12.9073815 ] } },
{ "type": "Feature", "properties": { "name": "Baiyappanahalli Metro Station Back Gate", "highway": "bus_stop", "railway": null, "public_transport": "platform" }, "geometry": { "type": "Point", "coordinates": [ 77.6517568, 12.9920274 ] } },
{ "type": "Feature", "properties": { "name": "Hosakerehalli Junction", "highway": "bus_stop", "railway": null, "public_transport": "platform" }, "geometry": { "type": "Point", "coordinates": [ 77.5434236, 12.930753 ] } },
{ "type": "Feature", "properties": { "name": "Dwaraka Nagara Hoskerehalli", "highway": "bus_stop", "railway": null, "public_transport": "platform" }, "geometry": { "type": "Point", "coordinates": [ 77.5391681, 12.933909 ] } },
{ "type": "Feature", "properties": { "name": "Ambedkar Institute of Technology", "highway": "bus_stop", "railway": null, "public_transport": "platform" }, "geometry": { "type": "Point", "coordinates": [ 77.5051247, 12.9630048 ] } },
{ "type": "Feature", "properties": { "name": "Kanteerva Studio", "highway": "bus_stop", "railway": null, "public_transport": "platform" }, "geometry": { "type": "Point", "coordinates": [ 77.5329712, 13.0225851 ] } },
{ "type": "Feature", "properties": { "name": "Modern Food Goraguntepalya", "highway": "bus_stop", "railway": null, "public_transport": "platform" }, "geometry": { "type": "Point", "coordinates": [ 77.5341117, 13.0248514 ] } },
{ "type": "Feature", "properties": { "name": "Muthyala Nagara", "highway": "bus_stop", "railway": null, "public_transport": "platform" }, "geometry": { "type": "Point", "coordinates": [ 77.5531728, 13.0437494 ] } },
{ "type": "Feature", "properties": { "name": "Hebbala Bridge", "highway": "bus_stop", "railway": null, "public_transport": "platform" }, "geometry": { "type": "Point", "coordinates": [ 77.5896831, 13.0425879 ] } },
{ "type": "Feature", "properties": { "name": "Channasandra", "highway": "bus_stop", "railway": null, "public_transport": "platform" }, "geometry": { "type": "Point", "coordinates": [ 77.6623119, 13.0111605 ] } },
{ "type": "Feature", "properties": { "name": "B Narayanapura Ring Road", "highway": "bus_stop", "railway": null, "public_transport": "platform" }, "geometry": { "type": "Point", "coordinates": [ 77.6838192, 12.9963436 ] } },
{ "type": "Feature", "properties": { "name": "Mahadevapura Ring Road", "highway": "bus_stop", "railway": null, "public_transport": "platform" }, "geometry": { "type": "Point", "coordinates": [ 77.687507, 12.9914411 ] } },
{ "type": "Feature", "properties": { "name": "Kalamandir", "highway": "bus_stop", "railway": null, "public_transport": "platform" }, "geometry": { "type": "Point", "coordinates": [ 77.7015963, 12.9606799 ] } },
{ "type": "Feature", "properties": { "name": "HSR Bus Depot", "highway": "bus_stop", "railway": null, "public_transport": "platform" }, "geometry": { "type": "Point", "coordinates": [ 77.6437712, 12.9205484 ] } },
{ "type": "Feature", "properties": { "name": "SI Apartment HSR Layout", "highway": "bus_stop", "railway": null, "public_transport": "platform" }, "geometry": { "type": "Point", "coordinates": [ 77.6293825, 12.9168099 ] } },
{ "type": "Feature", "properties": { "name": "Platform 15", "highway": "bus_stop", "railway": null, "public_transport": "platform" }, "geometry": { "type": "Point", "coordinates": [ 77.5737412, 12.9764963 ] } },
{ "type": "Feature", "properties": { "name": "Platform 16", "highway": "bus_stop", "railway": null, "public_transport": "platform" }, "geometry": { "type": "Point", "coordinates": [ 77.5737131, 12.9768183 ] } },
{ "type": "Feature", "properties": { "name": "Platform 17", "highway": "bus_stop", "railway": null, "public_transport": "platform" }, "geometry": { "type": "Point", "coordinates": [ 77.5733177, 12.9769999 ] } },
{ "type": "Feature", "properties": { "name": "Platform 18", "highway": "bus_stop", "railway": null, "public_transport": "platform" }, "geometry": { "type": "Point", "coordinates": [ 77.5733156, 12.9767623 ] } },
{ "type": "Feature", "properties": { "name": "Shivanahalli", "highway": "bus_stop", "railway": null, "public_transport": "platform" }, "geometry": { "type": "Point", "coordinates": [ 77.4907404, 12.9283964 ] } },
{ "type": "Feature", "properties": { "name": "Police Quarters", "highway": "bus_stop", "railway": null, "public_transport": "platform" }, "geometry": { "type": "Point", "coordinates": [ 77.488887, 12.9234894 ] } },
{ "type": "Feature", "properties": { "name": "Monotype", "highway": "bus_stop", "railway": null, "public_transport": null }, "geometry": { "type": "Point", "coordinates": [ 77.5693238, 12.9220542 ] } },
{ "type": "Feature", "properties": { "name": "Dhananayakanahalli", "highway": "bus_stop", "railway": null, "public_transport": "platform" }, "geometry": { "type": "Point", "coordinates": [ 77.4768412, 12.9430303 ] } },
{ "type": "Feature", "properties": { "name": "Angalaparameshwari Temple", "highway": "bus_stop", "railway": null, "public_transport": "platform" }, "geometry": { "type": "Point", "coordinates": [ 77.5660917, 12.9746166 ] } },
{ "type": "Feature", "properties": { "name": "Hunasemara", "highway": "bus_stop", "railway": null, "public_transport": "platform" }, "geometry": { "type": "Point", "coordinates": [ 77.5651529, 12.9752477 ] } },
{ "type": "Feature", "properties": { "name": "Nandini Layout", "highway": "bus_stop", "railway": null, "public_transport": "platform" }, "geometry": { "type": "Point", "coordinates": [ 77.5357796, 13.0114534 ] } },
{ "type": "Feature", "properties": { "name": "Kamala Nagar Market", "highway": "bus_stop", "railway": null, "public_transport": "platform" }, "geometry": { "type": "Point", "coordinates": [ 77.5309876, 12.9959683 ] } },
{ "type": "Feature", "properties": { "name": "RV College", "highway": "bus_stop", "railway": null, "public_transport": "platform" }, "geometry": { "type": "Point", "coordinates": [ 77.4993812, 12.9254906 ] } },
{ "type": "Feature", "properties": { "name": "BEL Circle", "highway": "bus_stop", "railway": null, "public_transport": "platform" }, "geometry": { "type": "Point", "coordinates": [ 77.5564492, 13.045261 ] } },
{ "type": "Feature", "properties": { "name": "Govardhan Talkies", "highway": "bus_stop", "railway": null, "public_transport": "platform" }, "geometry": { "type": "Point", "coordinates": [ 77.5537308, 13.0179551 ] } },
{ "type": "Feature", "properties": { "name": "Aralimara Industrial Area Rajajinagara", "highway": "bus_stop", "railway": null, "public_transport": "platform" }, "geometry": { "type": "Point", "coordinates": [ 77.5487941, 12.9784222 ] } },
{ "type": "Feature", "properties": { "name": "Deepanjalinagara", "highway": "bus_stop", "railway": null, "public_transport": "platform" }, "geometry": { "type": "Point", "coordinates": [ 77.5372343, 12.9510776 ] } },
{ "type": "Feature", "properties": { "name": "Navarang Theatre", "highway": "bus_stop", "railway": null, "public_transport": "platform" }, "geometry": { "type": "Point", "coordinates": [ 77.5536547, 12.9970678 ] } },
{ "type": "Feature", "properties": { "name": "Navarang Theatre", "highway": "bus_stop", "railway": null, "public_transport": "platform" }, "geometry": { "type": "Point", "coordinates": [ 77.5516305, 12.9979947 ] } },
{ "type": "Feature", "properties": { "name": "Inchara Hotel JP Nagara", "highway": "bus_stop", "railway": null, "public_transport": "platform" }, "geometry": { "type": "Point", "coordinates": [ 77.5858729, 12.9026711 ] } },
{ "type": "Feature", "properties": { "name": "ESI Hospital Rajajinagara (Towards Old Police Station)", "highway": "bus_stop", "railway": null, "public_transport": "platform" }, "geometry": { "type": "Point", "coordinates": [ 77.5525895, 12.9917373 ] } },
{ "type": "Feature", "properties": { "name": "2nd Block Rajajinagara", "highway": "bus_stop", "railway": null, "public_transport": "platform" }, "geometry": { "type": "Point", "coordinates": [ 77.5514241, 12.9960576 ] } },
{ "type": "Feature", "properties": { "name": "Modi Hospital", "highway": "bus_stop", "railway": null, "public_transport": "platform" }, "geometry": { "type": "Point", "coordinates": [ 77.546095, 12.997554 ] } },
{ "type": "Feature", "properties": { "name": "Dhobi Ghat Rajajinagara", "highway": "bus_stop", "railway": null, "public_transport": "platform" }, "geometry": { "type": "Point", "coordinates": [ 77.5511008, 12.9877189 ] } },
{ "type": "Feature", "properties": { "name": "Shivanahalli 4th Main", "highway": "bus_stop", "railway": null, "public_transport": "platform" }, "geometry": { "type": "Point", "coordinates": [ 77.5468723, 12.9889735 ] } },
{ "type": "Feature", "properties": { "name": "Pushpanjali Talkies", "highway": "bus_stop", "railway": null, "public_transport": "platform" }, "geometry": { "type": "Point", "coordinates": [ 77.54612, 12.9913479 ] } },
{ "type": "Feature", "properties": { "name": "Navarang Bar", "highway": "bus_stop", "railway": null, "public_transport": "platform" }, "geometry": { "type": "Point", "coordinates": [ 77.557746, 12.9910904 ] } },
{ "type": "Feature", "properties": { "name": "1st Block Rajajinagara Diacon Hospital", "highway": "bus_stop", "railway": null, "public_transport": "platform" }, "geometry": { "type": "Point", "coordinates": [ 77.5500662, 13.0038152 ] } },
{ "type": "Feature", "properties": { "name": "Rajaji Nagar 1st Block", "highway": "bus_stop", "railway": null, "public_transport": "platform" }, "geometry": { "type": "Point", "coordinates": [ 77.5490651, 13.0036633 ] } },
{ "type": "Feature", "properties": { "name": "Mahalakshmi Layout Entrance", "highway": "bus_stop", "railway": null, "public_transport": "platform" }, "geometry": { "type": "Point", "coordinates": [ 77.5487284, 13.0085507 ] } },
{ "type": "Feature", "properties": { "name": "Vidhyasagar House", "highway": "bus_stop", "railway": null, "public_transport": "platform" }, "geometry": { "type": "Point", "coordinates": [ 77.6061478, 12.9090308 ] } },
{ "type": "Feature", "properties": { "name": "Bommanahalli bus stop", "highway": "bus_stop", "railway": null, "public_transport": null }, "geometry": { "type": "Point", "coordinates": [ 77.6284051, 12.906732 ] } },
{ "type": "Feature", "properties": { "name": null, "highway": "bus_stop", "railway": null, "public_transport": "platform" }, "geometry": { "type": "Point", "coordinates": [ 77.6024059, 13.0221282 ] } },
{ "type": "Feature", "properties": { "name": null, "highway": "bus_stop", "railway": null, "public_transport": "platform" }, "geometry": { "type": "Point", "coordinates": [ 77.599648, 13.0005352 ] } },
{ "type": "Feature", "properties": { "name": "Baiyappanahalli", "highway": null, "railway": "station", "public_transport": "station" }, "geometry": { "type": "Point", "coordinates": [ 77.6523612, 12.9907594 ] } },
{ "type": "Feature", "properties": { "name": "Swami Vivekananda Road", "highway": null, "railway": "station", "public_transport": "station" }, "geometry": { "type": "Point", "coordinates": [ 77.644897, 12.9859306 ] } },
{ "type": "Feature", "properties": { "name": "Indiranagar", "highway": null, "railway": "station", "public_transport": "station" }, "geometry": { "type": "Point", "coordinates": [ 77.6386612, 12.9783325 ] } },
{ "type": "Feature", "properties": { "name": "Halasuru", "highway": null, "railway": "station", "public_transport": "station" }, "geometry": { "type": "Point", "coordinates": [ 77.626686, 12.9764992 ] } },
{ "type": "Feature", "properties": { "name": "Trinity", "highway": null, "railway": "station", "public_transport": "station" }, "geometry": { "type": "Point", "coordinates": [ 77.6170205, 12.9730218 ] } },
{ "type": "Feature", "properties": { "name": "Mahatma Gandhi Road", "highway": null, "railway": "station", "public_transport": "station" }, "geometry": { "type": "Point", "coordinates": [ 77.6067902, 12.9755264 ] } },
{ "type": "Feature", "properties": { "name": "Cubbon Park", "highway": null, "railway": "station", "public_transport": "station" }, "geometry": { "type": "Point", "coordinates": [ 77.5975756, 12.9809575 ] } },
{ "type": "Feature", "properties": { "name": "Dr. B. R. Ambedkar Station, Vidhana Soudha", "highway": null, "railway": "station", "public_transport": "station" }, "geometry": { "type": "Point", "coordinates": [ 77.5916385, 12.9787419 ] } },
{ "type": "Feature", "properties": { "name": "Sir M. Visvesvaraya Stn., Central College", "highway": null, "railway": "station", "public_transport": "station" }, "geometry": { "type": "Point", "coordinates": [ 77.58422, 12.9745197 ] } },
{ "type": "Feature", "properties": { "name": "Nadaprabhu Kempegowda Station, Majestic", "highway": null, "railway": "station", "public_transport": "station" }, "geometry": { "type": "Point", "coordinates": [ 77.5728757, 12.9757079 ] } },
{ "type": "Feature", "properties": { "name": "Krantivira Sangolli Rayanna Railway Station", "highway": null, "railway": "station", "public_transport": "station" }, "geometry": { "type": "Point", "coordinates": [ 77.5653767, 12.9758768 ] } },
{ "type": "Feature", "properties": { "name": "Magadi Road", "highway": null, "railway": "station", "public_transport": "station" }, "geometry": { "type": "Point", "coordinates": [ 77.5553523, 12.975632 ] } },
{ "type": "Feature", "properties": { "name": "Sri Balagangadharanatha Swamiji Station, Hosahalli", "highway": null, "railway": "station", "public_transport": "station" }, "geometry": { "type": "Point", "coordinates": [ 77.5456215, 12.9742933 ] } },
{ "type": "Feature", "properties": { "name": "Vijayanagar", "highway": null, "railway": "station", "public_transport": "station" }, "geometry": { "type": "Point", "coordinates": [ 77.5374044, 12.9709559 ] } },
{ "type": "Feature", "properties": { "name": "Attiguppe", "highway": null, "railway": "station", "public_transport": "station" }, "geometry": { "type": "Point", "coordinates": [ 77.5335788, 12.9618931 ] } },
{ "type": "Feature", "properties": { "name": "Deepanjali Nagar", "highway": null, "railway": "station", "public_transport": "station" }, "geometry": { "type": "Point", "coordinates": [ 77.5370122, 12.9520578 ] } },
{ "type": "Feature", "properties": { "name": "Mysore Road", "highway": null, "railway": "station", "public_transport": "station" }, "geometry": { "type": "Point", "coordinates": [ 77.5301588, 12.9467183 ] } },
{ "type": "Feature", "properties": { "name": "Mantri Square Sampige Road", "highway": null, "railway": "station", "public_transport": "station" }, "geometry": { "type": "Point", "coordinates": [ 77.5707293, 12.9904629 ] } },
{ "type": "Feature", "properties": { "name": "Mahakavi Kuvempu Road", "highway": null, "railway": "station", "public_transport": "station" }, "geometry": { "type": "Point", "coordinates": [ 77.5568986, 12.9985297 ] } },
{ "type": "Feature", "properties": { "name": "Rajajinagar", "highway": null, "railway": "station", "public_transport": "station" }, "geometry": { "type": "Point", "coordinates": [ 77.5496568, 13.0005247 ] } },
{ "type": "Feature", "properties": { "name": "Mahalakshmi", "highway": null, "railway": "station", "public_transport": "station" }, "geometry": { "type": "Point", "coordinates": [ 77.5488066, 13.0080475 ] } },
{ "type": "Feature", "properties": { "name": "Sandal Soap Factory", "highway": null, "railway": "station", "public_transport": "station" }, "geometry": { "type": "Point", "coordinates": [ 77.5539839, 13.0146544 ] } },
{ "type": "Feature", "properties": { "name": "Peenya", "highway": null, "railway": "station", "public_transport": "station" }, "geometry": { "type": "Point", "coordinates": [ 77.533201, 13.0330189 ] } },
{ "type": "Feature", "properties": { "name": "Peenya Industry", "highway": null, "railway": "station", "public_transport": "station" }, "geometry": { "type": "Point", "coordinates": [ 77.5254924, 13.0363176 ] } },
{ "type": "Feature", "properties": { "name": "Byappanahalli", "highway": "bus_stop", "railway": null, "public_transport": "platform" }, "geometry": { "type": "Point", "coordinates": [ 77.6540261, 12.9898189 ] } },
{ "type": "Feature", "properties": { "name": "Yelachenahalli", "highway": null, "railway": "station", "public_transport": "station" }, "geometry": { "type": "Point", "coordinates": [ 77.5701194, 12.8960498 ] } },
{ "type": "Feature", "properties": { "name": "Jaya Prakash Nagar", "highway": null, "railway": "station", "public_transport": "station" }, "geometry": { "type": "Point", "coordinates": [ 77.5731279, 12.9074747 ] } },
{ "type": "Feature", "properties": { "name": "Banashankari", "highway": null, "railway": "station", "public_transport": "station" }, "geometry": { "type": "Point", "coordinates": [ 77.573598, 12.9152208 ] } },
{ "type": "Feature", "properties": { "name": "Rashtreeya Vidyalaya Road", "highway": null, "railway": "station", "public_transport": "station" }, "geometry": { "type": "Point", "coordinates": [ 77.5802015, 12.9215807 ] } },
{ "type": "Feature", "properties": { "name": "Jayanagar", "highway": null, "railway": "station", "public_transport": "station" }, "geometry": { "type": "Point", "coordinates": [ 77.5801439, 12.9295069 ] } },
{ "type": "Feature", "properties": { "name": "South End Circle", "highway": null, "railway": "station", "public_transport": "station" }, "geometry": { "type": "Point", "coordinates": [ 77.5800556, 12.9382573 ] } },
{ "type": "Feature", "properties": { "name": "Lalbagh", "highway": null, "railway": "station", "public_transport": "station" }, "geometry": { "type": "Point", "coordinates": [ 77.580016, 12.9465265 ] } },
{ "type": "Feature", "properties": { "name": "National College", "highway": null, "railway": "station", "public_transport": "station" }, "geometry": { "type": "Point", "coordinates": [ 77.5736898, 12.9505266 ] } },
{ "type": "Feature", "properties": { "name": "Krishna Rajendra Market", "highway": null, "railway": "station", "public_transport": "station" }, "geometry": { "type": "Point", "coordinates": [ 77.5746578, 12.9608788 ] } },
{ "type": "Feature", "properties": { "name": "Chickpete", "highway": null, "railway": "station", "public_transport": "station" }, "geometry": { "type": "Point", "coordinates": [ 77.5745566, 12.9668974 ] } },
{ "type": "Feature", "properties": { "name": "Hennur Depot", "highway": "bus_stop", "railway": null, "public_transport": null }, "geometry": { "type": "Point", "coordinates": [ 77.6318637, 13.0258112 ] } },
{ "type": "Feature", "properties": { "name": "Halanayakanahalli", "highway": "bus_stop", "railway": null, "public_transport": "platform" }, "geometry": { "type": "Point", "coordinates": [ 77.6882695, 12.9014441 ] } },
{ "type": "Feature", "properties": { "name": "Kodandaramanagara", "highway": "bus_stop", "railway": null, "public_transport": "platform" }, "geometry": { "type": "Point", "coordinates": [ 77.6848698, 12.8995668 ] } },
{ "type": "Feature", "properties": { "name": "Lalbagh Main Gate", "highway": "bus_stop", "railway": null, "public_transport": "platform" }, "geometry": { "type": "Point", "coordinates": [ 77.5846776, 12.9541486 ] } },
{ "type": "Feature", "properties": { "name": "KR Market", "highway": "bus_stop", "railway": null, "public_transport": "platform" }, "geometry": { "type": "Point", "coordinates": [ 77.5774463, 12.9635939 ] } },
{ "type": "Feature", "properties": { "name": "Basappa Circle", "highway": "bus_stop", "railway": null, "public_transport": "platform" }, "geometry": { "type": "Point", "coordinates": [ 77.5772532, 12.9565027 ] } },
{ "type": "Feature", "properties": { "name": "Lalbagh Main Gate", "highway": "bus_stop", "railway": null, "public_transport": "platform" }, "geometry": { "type": "Point", "coordinates": [ 77.5856828, 12.9541476 ] } },
{ "type": "Feature", "properties": { "name": "Halanayakanahalli", "highway": "bus_stop", "railway": null, "public_transport": "platform" }, "geometry": { "type": "Point", "coordinates": [ 77.6883792, 12.9014631 ] } },
{ "type": "Feature", "properties": { "name": "Kodandaramanagara", "highway": "bus_stop", "railway": null, "public_transport": "platform" }, "geometry": { "type": "Point", "coordinates": [ 77.6848816, 12.8993768 ] } },
{ "type": "Feature", "properties": { "name": "Nayandahalli", "highway": "bus_stop", "railway": null, "public_transport": "platform" }, "geometry": { "type": "Point", "coordinates": [ 77.5277688, 12.9453248 ] } },
{ "type": "Feature", "properties": { "name": "Okalipura", "highway": "bus_stop", "railway": null, "public_transport": "platform" }, "geometry": { "type": "Point", "coordinates": [ 77.5678231, 12.9822494 ] } },
{ "type": "Feature", "properties": { "name": "Thiagalara Chowdenahalli Cross", "highway": "bus_stop", "railway": null, "public_transport": "platform" }, "geometry": { "type": "Point", "coordinates": [ 77.7569445, 12.8818631 ] } },
{ "type": "Feature", "properties": { "name": "Thiagalara Chowdenahalli Cross", "highway": "bus_stop", "railway": null, "public_transport": "platform" }, "geometry": { "type": "Point", "coordinates": [ 77.7568763, 12.8816103 ] } },
{ "type": "Feature", "properties": { "name": "Depot-25", "highway": "bus_stop", "railway": null, "public_transport": "platform" }, "geometry": { "type": "Point", "coordinates": [ 77.6427129, 12.9190044 ] } },
{ "type": "Feature", "properties": { "name": "SI Apartment HSR Layout", "highway": "bus_stop", "railway": null, "public_transport": "platform" }, "geometry": { "type": "Point", "coordinates": [ 77.6292687, 12.916641 ] } },
{ "type": "Feature", "properties": { "name": "Kuvempunagara Bus Station", "highway": "bus_stop", "railway": null, "public_transport": "platform" }, "geometry": { "type": "Point", "coordinates": [ 77.6159675, 12.9161615 ] } },
{ "type": "Feature", "properties": { "name": "16th Main BTM Layout", "highway": "bus_stop", "railway": null, "public_transport": "platform" }, "geometry": { "type": "Point", "coordinates": [ 77.6094561, 12.9163075 ] } },
{ "type": "Feature", "properties": { "name": "East end Jayanagara", "highway": "bus_stop", "railway": null, "public_transport": "platform" }, "geometry": { "type": "Point", "coordinates": [ 77.5989916, 12.9166251 ] } },
{ "type": "Feature", "properties": { "name": "East End Jayanagara (Towards Banashankari)", "highway": "bus_stop", "railway": null, "public_transport": "platform" }, "geometry": { "type": "Point", "coordinates": [ 77.5963351, 12.916721 ] } },
{ "type": "Feature", "properties": { "name": "Ragigudda", "highway": "bus_stop", "railway": null, "public_transport": "platform" }, "geometry": { "type": "Point", "coordinates": [ 77.5933846, 12.9167987 ] } },
{ "type": "Feature", "properties": { "name": "Marenahalli Petrol Bunk", "highway": "bus_stop", "railway": null, "public_transport": "platform" }, "geometry": { "type": "Point", "coordinates": [ 77.5888329, 12.916904 ] } },
{ "type": "Feature", "properties": { "name": "Jayanagara 5th Block", "highway": "bus_stop", "railway": null, "public_transport": "platform" }, "geometry": { "type": "Point", "coordinates": [ 77.5846936, 12.9169876 ] } },
{ "type": "Feature", "properties": { "name": "Kuvempu Nagar", "highway": "bus_stop", "railway": null, "public_transport": "platform" }, "geometry": { "type": "Point", "coordinates": [ 77.6159496, 12.9164394 ] } },
{ "type": "Feature", "properties": { "name": "Depot-25 Gate", "highway": "bus_stop", "railway": null, "public_transport": "platform" }, "geometry": { "type": "Point", "coordinates": [ 77.6424755, 12.919248 ] } },
{ "type": "Feature", "properties": { "name": "Tata Institute", "highway": "bus_stop", "railway": null, "public_transport": "platform" }, "geometry": { "type": "Point", "coordinates": [ 77.5676286, 13.0130381 ] } },
{ "type": "Feature", "properties": { "name": "Gubbi Cross (Towards Byrathi Bande)", "highway": "bus_stop", "railway": null, "public_transport": "platform" }, "geometry": { "type": "Point", "coordinates": [ 77.6517266, 13.0649229 ] } },
{ "type": "Feature", "properties": { "name": "Nagareshwara Nagenahalli", "highway": "bus_stop", "railway": null, "public_transport": "platform" }, "geometry": { "type": "Point", "coordinates": [ 77.6425172, 13.0702817 ] } },
{ "type": "Feature", "properties": { "name": "K Narayanapura Main Bus Stand", "highway": "bus_stop", "railway": null, "public_transport": "platform" }, "geometry": { "type": "Point", "coordinates": [ 77.6407094, 13.0664318 ] } },
{ "type": "Feature", "properties": { "name": "BDS Nagara", "highway": "bus_stop", "railway": null, "public_transport": "platform" }, "geometry": { "type": "Point", "coordinates": [ 77.6433366, 13.065725 ] } },
{ "type": "Feature", "properties": { "name": "Kothanuru", "highway": "bus_stop", "railway": null, "public_transport": "platform" }, "geometry": { "type": "Point", "coordinates": [ 77.648917, 13.0620593 ] } },
{ "type": "Feature", "properties": { "name": "Kristu Jayanti College", "highway": "bus_stop", "railway": null, "public_transport": "platform" }, "geometry": { "type": "Point", "coordinates": [ 77.642862, 13.0590376 ] } },
{ "type": "Feature", "properties": { "name": "St Patrick's Church", "highway": "bus_stop", "railway": null, "public_transport": "platform" }, "geometry": { "type": "Point", "coordinates": [ 77.6050679, 12.9701739 ] } },
{ "type": "Feature", "properties": { "name": "Srinivasapura Cross", "highway": "bus_stop", "railway": null, "public_transport": "platform" }, "geometry": { "type": "Point", "coordinates": [ 77.365295, 13.0751829 ] } },
{ "type": "Feature", "properties": { "name": "Peenya Metro Station", "highway": "bus_stop", "railway": null, "public_transport": "platform" }, "geometry": { "type": "Point", "coordinates": [ 77.5255837, 13.0358031 ] } },
{ "type": "Feature", "properties": { "name": "SRS Peenya", "highway": "bus_stop", "railway": null, "public_transport": "platform" }, "geometry": { "type": "Point", "coordinates": [ 77.5299516, 13.0344195 ] } },
{ "type": "Feature", "properties": { "name": "RMC Yard", "highway": "bus_stop", "railway": null, "public_transport": "platform" }, "geometry": { "type": "Point", "coordinates": [ 77.5482953, 13.0243692 ] } },
{ "type": "Feature", "properties": { "name": "Yeshwanthpura Tollgate", "highway": "bus_stop", "railway": null, "public_transport": "platform" }, "geometry": { "type": "Point", "coordinates": [ 77.5611061, 13.018267 ] } },
{ "type": "Feature", "properties": { "name": "Yeshwanthapura Ayyappa Temple", "highway": "bus_stop", "railway": null, "public_transport": "platform" }, "geometry": { "type": "Point", "coordinates": [ 77.5632224, 13.0217257 ] } },
{ "type": "Feature", "properties": { "name": "Richmond Circle", "highway": "bus_stop", "railway": null, "public_transport": "platform" }, "geometry": { "type": "Point", "coordinates": [ 77.5963622, 12.9636326 ] } },
{ "type": "Feature", "properties": { "name": "Basavanna Temple Hoovinayakanahalli", "highway": "bus_stop", "railway": null, "public_transport": "platform" }, "geometry": { "type": "Point", "coordinates": [ 77.6885828, 13.1680512 ] } },
{ "type": "Feature", "properties": { "name": "Hamsa Farm", "highway": "bus_stop", "railway": null, "public_transport": "platform" }, "geometry": { "type": "Point", "coordinates": [ 77.6655883, 13.1076969 ] } },
{ "type": "Feature", "properties": { "name": "Kadasonnappanahalli Gate", "highway": "bus_stop", "railway": null, "public_transport": "platform" }, "geometry": { "type": "Point", "coordinates": [ 77.658357, 13.1019184 ] } },
{ "type": "Feature", "properties": { "name": "Chikka Gubbi Cross", "highway": "bus_stop", "railway": null, "public_transport": "platform" }, "geometry": { "type": "Point", "coordinates": [ 77.6541567, 13.0843481 ] } },
{ "type": "Feature", "properties": { "name": "Nagenahalli", "highway": "bus_stop", "railway": null, "public_transport": "platform" }, "geometry": { "type": "Point", "coordinates": [ 77.6532018, 13.081456 ] } },
{ "type": "Feature", "properties": { "name": "Poornaprajna School", "highway": "bus_stop", "railway": null, "public_transport": "platform" }, "geometry": { "type": "Point", "coordinates": [ 77.6515281, 13.0755933 ] } },
{ "type": "Feature", "properties": { "name": "Bible College Byrathi", "highway": "bus_stop", "railway": null, "public_transport": "platform" }, "geometry": { "type": "Point", "coordinates": [ 77.6514302, 13.0712458 ] } },
{ "type": "Feature", "properties": { "name": "13th Cross Malleshwaram", "highway": "bus_stop", "railway": null, "public_transport": "platform" }, "geometry": { "type": "Point", "coordinates": [ 77.5652495, 13.0034287 ] } },
{ "type": "Feature", "properties": { "name": "Electronic City", "highway": "bus_stop", "railway": null, "public_transport": "platform" }, "geometry": { "type": "Point", "coordinates": [ 77.6711196, 12.847791 ] } },
{ "type": "Feature", "properties": { "name": "St John's Hospital KSRTC Bus Stand", "highway": "bus_stop", "railway": null, "public_transport": "platform" }, "geometry": { "type": "Point", "coordinates": [ 77.6156616, 12.9296619 ] } },
{ "type": "Feature", "properties": { "name": "Tambuchettipalya Gate", "highway": "bus_stop", "railway": null, "public_transport": "platform" }, "geometry": { "type": "Point", "coordinates": [ 77.7043421, 13.0171644 ] } },
{ "type": "Feature", "properties": { "name": "Tambuchettipalya", "highway": "bus_stop", "railway": null, "public_transport": "platform" }, "geometry": { "type": "Point", "coordinates": [ 77.7050137, 13.0208277 ] } },
{ "type": "Feature", "properties": { "name": "MVJ College", "highway": "bus_stop", "railway": null, "public_transport": "platform" }, "geometry": { "type": "Point", "coordinates": [ 77.7616662, 12.9830637 ] } },
{ "type": "Feature", "properties": { "name": "Singanayakanahalli", "highway": "bus_stop", "railway": null, "public_transport": "platform" }, "geometry": { "type": "Point", "coordinates": [ 77.5697617, 13.1478791 ] } },
{ "type": "Feature", "properties": { "name": "Baldwin School", "highway": "bus_stop", "railway": null, "public_transport": null }, "geometry": { "type": "Point", "coordinates": [ 77.6573666, 13.0146175 ] } },
{ "type": "Feature", "properties": { "name": "Pantarapalya", "highway": "bus_stop", "railway": null, "public_transport": "platform" }, "geometry": { "type": "Point", "coordinates": [ 77.5286172, 12.9453791 ] } },
{ "type": "Feature", "properties": { "name": "Burukunte", "highway": "bus_stop", "railway": null, "public_transport": "platform" }, "geometry": { "type": "Point", "coordinates": [ 77.7836324, 12.8424052 ] } },
{ "type": "Feature", "properties": { "name": "Platform 1", "highway": "bus_stop", "railway": null, "public_transport": null }, "geometry": { "type": "Point", "coordinates": [ 77.5926279, 12.9539072 ] } },
{ "type": "Feature", "properties": { "name": "Ramamurthy Nagara Manipal", "highway": "bus_stop", "railway": null, "public_transport": "platform" }, "geometry": { "type": "Point", "coordinates": [ 77.6705504, 13.0116992 ] } },
{ "type": "Feature", "properties": { "name": "Carmel Convent", "highway": "bus_stop", "railway": null, "public_transport": "platform" }, "geometry": { "type": "Point", "coordinates": [ 77.5970517, 12.9267238 ] } },
{ "type": "Feature", "properties": { "name": "TV Tower", "highway": "bus_stop", "railway": null, "public_transport": "platform" }, "geometry": { "type": "Point", "coordinates": [ 77.5913454, 13.0089874 ] } },
{ "type": "Feature", "properties": { "name": "TV Tower", "highway": "bus_stop", "railway": null, "public_transport": "platform" }, "geometry": { "type": "Point", "coordinates": [ 77.5913031, 13.0090528 ] } },
{ "type": "Feature", "properties": { "name": "TV Tower", "highway": "bus_stop", "railway": null, "public_transport": "platform" }, "geometry": { "type": "Point", "coordinates": [ 77.5912716, 13.0091077 ] } },
{ "type": "Feature", "properties": { "name": "Jalahalli Cross", "highway": "bus_stop", "railway": null, "public_transport": "platform" }, "geometry": { "type": "Point", "coordinates": [ 77.520588, 13.0384932 ] } },
{ "type": "Feature", "properties": { "name": "Police Station Subramanyanagara", "highway": "bus_stop", "railway": null, "public_transport": "platform" }, "geometry": { "type": "Point", "coordinates": [ 77.553623, 13.0040826 ] } },
{ "type": "Feature", "properties": { "name": "Sujatha Talkies", "highway": "bus_stop", "railway": null, "public_transport": "platform" }, "geometry": { "type": "Point", "coordinates": [ 77.5620597, 12.9823799 ] } },
{ "type": "Feature", "properties": { "name": "Byatarayanapura", "highway": "bus_stop", "railway": null, "public_transport": "platform" }, "geometry": { "type": "Point", "coordinates": [ 77.5930372, 13.0652103 ] } },
{ "type": "Feature", "properties": { "name": "CBI", "highway": "bus_stop", "railway": null, "public_transport": "platform" }, "geometry": { "type": "Point", "coordinates": [ 77.5850757, 13.0262488 ] } },
{ "type": "Feature", "properties": { "name": "KPCC Office", "highway": "bus_stop", "railway": null, "public_transport": "platform" }, "geometry": { "type": "Point", "coordinates": [ 77.5764598, 12.9830458 ] } },
{ "type": "Feature", "properties": { "name": "KR Market", "highway": "bus_stop", "railway": null, "public_transport": "platform" }, "geometry": { "type": "Point", "coordinates": [ 77.5776413, 12.9642138 ] } },
{ "type": "Feature", "properties": { "name": "Chamarajapet", "highway": "bus_stop", "railway": null, "public_transport": "platform" }, "geometry": { "type": "Point", "coordinates": [ 77.5670372, 12.9570648 ] } },
{ "type": "Feature", "properties": { "name": "Makkala Koota", "highway": "bus_stop", "railway": null, "public_transport": "platform" }, "geometry": { "type": "Point", "coordinates": [ 77.5730279, 12.9572556 ] } },
{ "type": "Feature", "properties": { "name": "Okalipura", "highway": "bus_stop", "railway": null, "public_transport": "platform" }, "geometry": { "type": "Point", "coordinates": [ 77.5681812, 12.9828968 ] } },
{ "type": "Feature", "properties": { "name": "7th Main Srirampura", "highway": "bus_stop", "railway": null, "public_transport": "platform" }, "geometry": { "type": "Point", "coordinates": [ 77.566539, 12.9905409 ] } },
{ "type": "Feature", "properties": { "name": "Hebbala", "highway": "bus_stop", "railway": null, "public_transport": "platform" }, "geometry": { "type": "Point", "coordinates": [ 77.589549, 13.0412984 ] } },
{ "type": "Feature", "properties": { "name": "RMV 2nd Stage", "highway": "bus_stop", "railway": null, "public_transport": "platform" }, "geometry": { "type": "Point", "coordinates": [ 77.5799265, 13.0424193 ] } },
{ "type": "Feature", "properties": { "name": "Bhoopasandra Ayyappa Bakery", "highway": "bus_stop", "railway": null, "public_transport": "platform" }, "geometry": { "type": "Point", "coordinates": [ 77.5771317, 13.0425957 ] } },
{ "type": "Feature", "properties": { "name": "Yelahanka Santhe Circle", "highway": "bus_stop", "railway": null, "public_transport": "platform" }, "geometry": { "type": "Point", "coordinates": [ 77.5971235, 13.0991767 ] } },
{ "type": "Feature", "properties": { "name": "Kendriya Vihara", "highway": "bus_stop", "railway": null, "public_transport": "platform" }, "geometry": { "type": "Point", "coordinates": [ 77.6021473, 13.1063672 ] } },
{ "type": "Feature", "properties": { "name": "Venkatala", "highway": "bus_stop", "railway": null, "public_transport": "platform" }, "geometry": { "type": "Point", "coordinates": [ 77.6048456, 13.1108774 ] } },
{ "type": "Feature", "properties": { "name": "Palanahalli Gate", "highway": "bus_stop", "railway": null, "public_transport": "platform" }, "geometry": { "type": "Point", "coordinates": [ 77.6085404, 13.1167315 ] } },
{ "type": "Feature", "properties": { "name": "Bagaluru Cross", "highway": "bus_stop", "railway": null, "public_transport": "platform" }, "geometry": { "type": "Point", "coordinates": [ 77.6109517, 13.1214557 ] } },
{ "type": "Feature", "properties": { "name": "Reva College Gate", "highway": "bus_stop", "railway": null, "public_transport": "platform" }, "geometry": { "type": "Point", "coordinates": [ 77.630454, 13.1221035 ] } },
{ "type": "Feature", "properties": { "name": "Bellahalli Cross", "highway": "bus_stop", "railway": null, "public_transport": "platform" }, "geometry": { "type": "Point", "coordinates": [ 77.6349413, 13.1011046 ] } },
{ "type": "Feature", "properties": { "name": "K Narayanapura Cross", "highway": "bus_stop", "railway": null, "public_transport": "platform" }, "geometry": { "type": "Point", "coordinates": [ 77.6334983, 13.068006 ] } },
{ "type": "Feature", "properties": { "name": "Book Factory Thanisandra", "highway": "bus_stop", "railway": null, "public_transport": "platform" }, "geometry": { "type": "Point", "coordinates": [ 77.6332623, 13.0619626 ] } },
{ "type": "Feature", "properties": { "name": "Vidhyasagara", "highway": "bus_stop", "railway": null, "public_transport": "platform" }, "geometry": { "type": "Point", "coordinates": [ 77.6272112, 13.0453498 ] } },
{ "type": "Feature", "properties": { "name": "Petrol Bunk Nagavara Junction", "highway": "bus_stop", "railway": null, "public_transport": "platform" }, "geometry": { "type": "Point", "coordinates": [ 77.6248696, 13.0420496 ] } },
{ "type": "Feature", "properties": { "name": "Hebbala Bridge", "highway": "bus_stop", "railway": null, "public_transport": "platform" }, "geometry": { "type": "Point", "coordinates": [ 77.5914536, 13.0429448 ] } },
{ "type": "Feature", "properties": { "name": "MG Statue", "highway": "bus_stop", "railway": null, "public_transport": "platform" }, "geometry": { "type": "Point", "coordinates": [ 77.5981857, 12.9759915 ] } },
{ "type": "Feature", "properties": { "name": "Frazer Town", "highway": "bus_stop", "railway": null, "public_transport": "platform" }, "geometry": { "type": "Point", "coordinates": [ 77.6129828, 13.0009656 ] } },
{ "type": "Feature", "properties": { "name": "Lingarajapura Bridge", "highway": "bus_stop", "railway": null, "public_transport": "platform" }, "geometry": { "type": "Point", "coordinates": [ 77.6237176, 13.0098381 ] } },
{ "type": "Feature", "properties": { "name": "Kacharakanahalli", "highway": "bus_stop", "railway": null, "public_transport": "platform" }, "geometry": { "type": "Point", "coordinates": [ 77.6286958, 13.0215156 ] } },
{ "type": "Feature", "properties": { "name": "Depot-10 Gate", "highway": "bus_stop", "railway": null, "public_transport": "platform" }, "geometry": { "type": "Point", "coordinates": [ 77.6308389, 13.0262272 ] } },
{ "type": "Feature", "properties": { "name": "Hennur Junction", "highway": "bus_stop", "railway": null, "public_transport": "platform" }, "geometry": { "type": "Point", "coordinates": [ 77.63229, 13.0276331 ] } },
{ "type": "Feature", "properties": { "name": "Janaki Rama Layout", "highway": "bus_stop", "railway": null, "public_transport": "platform" }, "geometry": { "type": "Point", "coordinates": [ 77.6423053, 13.0434593 ] } },
{ "type": "Feature", "properties": { "name": "RK Medical", "highway": "bus_stop", "railway": null, "public_transport": "platform" }, "geometry": { "type": "Point", "coordinates": [ 77.6579413, 13.0228562 ] } },
{ "type": "Feature", "properties": { "name": "Patel Public School Kalyananagar", "highway": "bus_stop", "railway": null, "public_transport": "platform" }, "geometry": { "type": "Point", "coordinates": [ 77.6423644, 13.0137215 ] } },
{ "type": "Feature", "properties": { "name": "Maruthi School", "highway": "bus_stop", "railway": null, "public_transport": "platform" }, "geometry": { "type": "Point", "coordinates": [ 77.6431811, 13.0094565 ] } },
{ "type": "Feature", "properties": { "name": "Mosque Road", "highway": "bus_stop", "railway": null, "public_transport": "platform" }, "geometry": { "type": "Point", "coordinates": [ 77.6159406, 13.0003384 ] } },
{ "type": "Feature", "properties": { "name": "Coles Road", "highway": "bus_stop", "railway": null, "public_transport": "platform" }, "geometry": { "type": "Point", "coordinates": [ 77.6122002, 12.9965436 ] } },
{ "type": "Feature", "properties": { "name": "Postal and Telecom Colony", "highway": "bus_stop", "railway": null, "public_transport": "platform" }, "geometry": { "type": "Point", "coordinates": [ 77.6165709, 13.0132485 ] } },
{ "type": "Feature", "properties": { "name": "Indian Express", "highway": "bus_stop", "railway": null, "public_transport": "platform" }, "geometry": { "type": "Point", "coordinates": [ 77.5975057, 12.9840332 ] } },
{ "type": "Feature", "properties": { "name": "Kalyananagara Junction", "highway": "bus_stop", "railway": null, "public_transport": "platform" }, "geometry": { "type": "Point", "coordinates": [ 77.6369476, 13.0259411 ] } },
{ "type": "Feature", "properties": { "name": "Sindhi Colony", "highway": "bus_stop", "railway": null, "public_transport": "platform" }, "geometry": { "type": "Point", "coordinates": [ 77.616304, 12.9954982 ] } },
{ "type": "Feature", "properties": { "name": "Thoms Bakery", "highway": "bus_stop", "railway": null, "public_transport": "platform" }, "geometry": { "type": "Point", "coordinates": [ 77.6142226, 12.9912603 ] } },
{ "type": "Feature", "properties": { "name": "Sivanchetty Gardens", "highway": "bus_stop", "railway": null, "public_transport": "platform" }, "geometry": { "type": "Point", "coordinates": [ 77.6153612, 12.9896476 ] } },
{ "type": "Feature", "properties": { "name": "Commercial Street", "highway": "bus_stop", "railway": null, "public_transport": "platform" }, "geometry": { "type": "Point", "coordinates": [ 77.6098118, 12.9805153 ] } },
{ "type": "Feature", "properties": { "name": "Avinash Petrol Bunk", "highway": "bus_stop", "railway": null, "public_transport": "platform" }, "geometry": { "type": "Point", "coordinates": [ 77.5891785, 12.9904097 ] } },
{ "type": "Feature", "properties": { "name": "Shankar Mutt", "highway": "bus_stop", "railway": null, "public_transport": "platform" }, "geometry": { "type": "Point", "coordinates": [ 77.5415636, 12.9992662 ] } },
{ "type": "Feature", "properties": { "name": "Kurubarahalli", "highway": "bus_stop", "railway": null, "public_transport": "platform" }, "geometry": { "type": "Point", "coordinates": [ 77.5362964, 13.0012139 ] } },
{ "type": "Feature", "properties": { "name": "Vijaynagara", "highway": "bus_stop", "railway": null, "public_transport": "stop_position" }, "geometry": { "type": "Point", "coordinates": [ 77.5377676, 12.9717625 ] } },
{ "type": "Feature", "properties": { "name": "Vijayanagara Vijaya Bank", "highway": "bus_stop", "railway": null, "public_transport": "platform" }, "geometry": { "type": "Point", "coordinates": [ 77.5413148, 12.9735124 ] } },
{ "type": "Feature", "properties": { "name": "Income Tax Layout", "highway": "bus_stop", "railway": null, "public_transport": "platform" }, "geometry": { "type": "Point", "coordinates": [ 77.5331126, 12.9611543 ] } },
{ "type": "Feature", "properties": { "name": "KR Market", "highway": "bus_stop", "railway": null, "public_transport": "platform" }, "geometry": { "type": "Point", "coordinates": [ 77.5788818, 12.963972 ] } },
{ "type": "Feature", "properties": { "name": "Shantinagara TTMC", "highway": "bus_stop", "railway": null, "public_transport": "platform" }, "geometry": { "type": "Point", "coordinates": [ 77.5924312, 12.9544711 ] } },
{ "type": "Feature", "properties": { "name": "KR Market", "highway": "bus_stop", "railway": null, "public_transport": "platform" }, "geometry": { "type": "Point", "coordinates": [ 77.5761889, 12.9645 ] } },
{ "type": "Feature", "properties": { "name": "Vinayaka Talkies", "highway": "bus_stop", "railway": null, "public_transport": "platform" }, "geometry": { "type": "Point", "coordinates": [ 77.5685298, 12.963891 ] } },
{ "type": "Feature", "properties": { "name": "MG Road Metro Station", "highway": "bus_stop", "railway": null, "public_transport": "platform" }, "geometry": { "type": "Point", "coordinates": [ 77.6064952, 12.9753877 ] } },
{ "type": "Feature", "properties": { "name": "Vivekanagara", "highway": "bus_stop", "railway": null, "public_transport": "platform" }, "geometry": { "type": "Point", "coordinates": [ 77.6206318, 12.9545541 ] } },
{ "type": "Feature", "properties": { "name": "Ravi Tent", "highway": "bus_stop", "railway": null, "public_transport": "platform" }, "geometry": { "type": "Point", "coordinates": [ 77.6220714, 12.95142 ] } },
{ "type": "Feature", "properties": { "name": "Shine Bakery", "highway": "bus_stop", "railway": null, "public_transport": "platform" }, "geometry": { "type": "Point", "coordinates": [ 77.6242045, 12.9505352 ] } },
{ "type": "Feature", "properties": { "name": "Srinivagilu Ejipura", "highway": "bus_stop", "railway": null, "public_transport": "platform" }, "geometry": { "type": "Point", "coordinates": [ 77.6322712, 12.9392098 ] } },
{ "type": "Feature", "properties": { "name": "HMT Layout RT Nagar", "highway": "bus_stop", "railway": null, "public_transport": "platform" }, "geometry": { "type": "Point", "coordinates": [ 77.5946774, 13.0247743 ] } },
{ "type": "Feature", "properties": { "name": "Neelasandra Bus Stand", "highway": "bus_stop", "railway": null, "public_transport": "platform" }, "geometry": { "type": "Point", "coordinates": [ 77.6143393, 12.9576621 ] } },
{ "type": "Feature", "properties": { "name": "Neelasandra Rose Garden", "highway": "bus_stop", "railway": null, "public_transport": "platform" }, "geometry": { "type": "Point", "coordinates": [ 77.617509, 12.9536772 ] } },
{ "type": "Feature", "properties": { "name": "Austin Town", "highway": "bus_stop", "railway": null, "public_transport": "platform" }, "geometry": { "type": "Point", "coordinates": [ 77.6134227, 12.9616019 ] } },
{ "type": "Feature", "properties": { "name": "D'Souza Circle", "highway": "bus_stop", "railway": null, "public_transport": "platform" }, "geometry": { "type": "Point", "coordinates": [ 77.6109517, 12.9675529 ] } },
{ "type": "Feature", "properties": { "name": "Garuda Mall", "highway": "bus_stop", "railway": null, "public_transport": "platform" }, "geometry": { "type": "Point", "coordinates": [ 77.6103398, 12.9696744 ] } },
{ "type": "Feature", "properties": { "name": "Domlur Flyover", "highway": "bus_stop", "railway": null, "public_transport": "platform" }, "geometry": { "type": "Point", "coordinates": [ 77.6435673, 12.9605112 ] } },
{ "type": "Feature", "properties": { "name": "Military Accounts Office", "highway": "bus_stop", "railway": null, "public_transport": "platform" }, "geometry": { "type": "Point", "coordinates": [ 77.6210126, 12.9670171 ] } },
{ "type": "Feature", "properties": { "name": "Vijayanagara", "highway": "bus_stop", "railway": null, "public_transport": "stop_position" }, "geometry": { "type": "Point", "coordinates": [ 77.5376493, 12.9720026 ] } },
{ "type": "Feature", "properties": { "name": "Navarang Theatre", "highway": "bus_stop", "railway": null, "public_transport": "platform" }, "geometry": { "type": "Point", "coordinates": [ 77.5500105, 12.9993714 ] } },
{ "type": "Feature", "properties": { "name": "BHEL Gate", "highway": "bus_stop", "railway": null, "public_transport": "platform" }, "geometry": { "type": "Point", "coordinates": [ 77.5367068, 12.9497209 ] } },
{ "type": "Feature", "properties": { "name": "Mysore Road Metro", "highway": "bus_stop", "railway": null, "public_transport": "platform" }, "geometry": { "type": "Point", "coordinates": [ 77.5303258, 12.946243 ] } },
{ "type": "Feature", "properties": { "name": "KR Puram Govt Hospital", "highway": "bus_stop", "railway": null, "public_transport": "platform" }, "geometry": { "type": "Point", "coordinates": [ 77.6926517, 13.0077565 ] } },
{ "type": "Feature", "properties": { "name": "Yarayyanapalya", "highway": "bus_stop", "railway": null, "public_transport": "platform" }, "geometry": { "type": "Point", "coordinates": [ 77.6733546, 13.0115877 ] } },
{ "type": "Feature", "properties": { "name": "Banasawadi", "highway": "bus_stop", "railway": null, "public_transport": "platform" }, "geometry": { "type": "Point", "coordinates": [ 77.6524548, 13.01461 ] } },
{ "type": "Feature", "properties": { "name": "Ejipura", "highway": "bus_stop", "railway": null, "public_transport": "platform" }, "geometry": { "type": "Point", "coordinates": [ 77.6289077, 12.946605 ] } },
{ "type": "Feature", "properties": { "name": "Fairland Shop", "highway": "bus_stop", "railway": null, "public_transport": "platform" }, "geometry": { "type": "Point", "coordinates": [ 77.6261947, 12.9500437 ] } },
{ "type": "Feature", "properties": { "name": "Shine Bakery", "highway": "bus_stop", "railway": null, "public_transport": "platform" }, "geometry": { "type": "Point", "coordinates": [ 77.6239711, 12.9507168 ] } },
{ "type": "Feature", "properties": { "name": "Elgin Floor Mill", "highway": "bus_stop", "railway": null, "public_transport": "platform" }, "geometry": { "type": "Point", "coordinates": [ 77.606068, 12.958807 ] } },
{ "type": "Feature", "properties": { "name": "Nanjappa Circle", "highway": "bus_stop", "railway": null, "public_transport": "platform" }, "geometry": { "type": "Point", "coordinates": [ 77.6010322, 12.9606812 ] } },
{ "type": "Feature", "properties": { "name": "Akkithimmanahalli", "highway": "bus_stop", "railway": null, "public_transport": "platform" }, "geometry": { "type": "Point", "coordinates": [ 77.5969666, 12.9621501 ] } },
{ "type": "Feature", "properties": { "name": "High Ground Police Station", "highway": "bus_stop", "railway": null, "public_transport": "platform" }, "geometry": { "type": "Point", "coordinates": [ 77.588684, 12.989061 ] } },
{ "type": "Feature", "properties": { "name": "Maharani's College", "highway": "bus_stop", "railway": null, "public_transport": "platform" }, "geometry": { "type": "Point", "coordinates": [ 77.5848792, 12.9790586 ] } },
{ "type": "Feature", "properties": { "name": "Hennur", "highway": "bus_stop", "railway": null, "public_transport": "platform" }, "geometry": { "type": "Point", "coordinates": [ 77.6413592, 13.0398416 ] } },
{ "type": "Feature", "properties": { "name": "KR Circle", "highway": "bus_stop", "railway": null, "public_transport": "platform" }, "geometry": { "type": "Point", "coordinates": [ 77.5865892, 12.9757484 ] } },
{ "type": "Feature", "properties": { "name": "K Narayanapura Main Bus Stand", "highway": "bus_stop", "railway": null, "public_transport": "platform" }, "geometry": { "type": "Point", "coordinates": [ 77.640751, 13.0664906 ] } },
{ "type": "Feature", "properties": { "name": "Ashwath Nagara Cross", "highway": "bus_stop", "railway": null, "public_transport": "platform" }, "geometry": { "type": "Point", "coordinates": [ 77.6302917, 13.050419 ] } },
{ "type": "Feature", "properties": { "name": "BDS Nagara", "highway": "bus_stop", "railway": null, "public_transport": "platform" }, "geometry": { "type": "Point", "coordinates": [ 77.6429906, 13.0657342 ] } },
{ "type": "Feature", "properties": { "name": "Bannerughatta Circle", "highway": "bus_stop", "railway": null, "public_transport": "platform" }, "geometry": { "type": "Point", "coordinates": [ 77.5810195, 12.8135824 ] } },
{ "type": "Feature", "properties": { "name": "Bannerughatta National Park", "highway": "bus_stop", "railway": null, "public_transport": "platform" }, "geometry": { "type": "Point", "coordinates": [ 77.5776748, 12.8007292 ] } },
{ "type": "Feature", "properties": { "name": "Sampigehalli", "highway": "bus_stop", "railway": null, "public_transport": "platform" }, "geometry": { "type": "Point", "coordinates": [ 77.5789744, 12.8056079 ] } },
{ "type": "Feature", "properties": { "name": "Vijaya Bank Bannerughatta", "highway": "bus_stop", "railway": null, "public_transport": "stop_position" }, "geometry": { "type": "Point", "coordinates": [ 77.5831061, 12.815712 ] } },
{ "type": "Feature", "properties": { "name": "Ryan International School", "highway": "bus_stop", "railway": null, "public_transport": "platform" }, "geometry": { "type": "Point", "coordinates": [ 77.5848348, 12.8190924 ] } },
{ "type": "Feature", "properties": { "name": "AMC College", "highway": "bus_stop", "railway": null, "public_transport": "platform" }, "geometry": { "type": "Point", "coordinates": [ 77.5875575, 12.8294848 ] } },
{ "type": "Feature", "properties": { "name": "Basavanapura Gate", "highway": "bus_stop", "railway": null, "public_transport": "platform" }, "geometry": { "type": "Point", "coordinates": [ 77.5883406, 12.846154 ] } },
{ "type": "Feature", "properties": { "name": "Gottigere", "highway": "bus_stop", "railway": null, "public_transport": "platform" }, "geometry": { "type": "Point", "coordinates": [ 77.588979, 12.8568494 ] } },
{ "type": "Feature", "properties": { "name": "Himagiri", "highway": "bus_stop", "railway": null, "public_transport": "platform" }, "geometry": { "type": "Point", "coordinates": [ 77.5907318, 12.8625173 ] } },
{ "type": "Feature", "properties": { "name": "Kalena Agrahara", "highway": "bus_stop", "railway": null, "public_transport": "platform" }, "geometry": { "type": "Point", "coordinates": [ 77.59192, 12.8661075 ] } },
{ "type": "Feature", "properties": { "name": "Loyola School", "highway": "bus_stop", "railway": null, "public_transport": "platform" }, "geometry": { "type": "Point", "coordinates": [ 77.5934063, 12.8702731 ] } },
{ "type": "Feature", "properties": { "name": "Meenakshi Temple", "highway": "bus_stop", "railway": null, "public_transport": "platform" }, "geometry": { "type": "Point", "coordinates": [ 77.5950421, 12.8749691 ] } },
{ "type": "Feature", "properties": { "name": "MICO Layout Checkpost", "highway": "bus_stop", "railway": null, "public_transport": "platform" }, "geometry": { "type": "Point", "coordinates": [ 77.6000445, 12.9139498 ] } },
{ "type": "Feature", "properties": { "name": "Ananda Ashrama", "highway": "bus_stop", "railway": null, "public_transport": null }, "geometry": { "type": "Point", "coordinates": [ 77.6006364, 12.9276542 ] } },
{ "type": "Feature", "properties": { "name": "MICO Factory Junction", "highway": "bus_stop", "railway": null, "public_transport": "platform" }, "geometry": { "type": "Point", "coordinates": [ 77.6029372, 12.9441426 ] } },
{ "type": "Feature", "properties": { "name": "Indian Christian Cemetry", "highway": "bus_stop", "railway": null, "public_transport": "platform" }, "geometry": { "type": "Point", "coordinates": [ 77.604851, 12.9525963 ] } },
{ "type": "Feature", "properties": { "name": "Elgin Flour Mill", "highway": "bus_stop", "railway": null, "public_transport": "platform" }, "geometry": { "type": "Point", "coordinates": [ 77.6061814, 12.9580895 ] } },
{ "type": "Feature", "properties": { "name": "Johnson Market", "highway": "bus_stop", "railway": null, "public_transport": "platform" }, "geometry": { "type": "Point", "coordinates": [ 77.6066682, 12.9634117 ] } },
{ "type": "Feature", "properties": { "name": "Jayanthi Nagar", "highway": "bus_stop", "railway": null, "public_transport": "platform" }, "geometry": { "type": "Point", "coordinates": [ 77.6637201, 13.0288888 ] } },
{ "type": "Feature", "properties": { "name": "Horamavu Agara", "highway": "bus_stop", "railway": null, "public_transport": "platform" }, "geometry": { "type": "Point", "coordinates": [ 77.6549479, 13.0367725 ] } },
{ "type": "Feature", "properties": { "name": "Hennur", "highway": "bus_stop", "railway": null, "public_transport": "platform" }, "geometry": { "type": "Point", "coordinates": [ 77.6439857, 13.0390694 ] } },
{ "type": "Feature", "properties": { "name": "HRBR Layout Cross", "highway": "bus_stop", "railway": null, "public_transport": "platform" }, "geometry": { "type": "Point", "coordinates": [ 77.643224, 13.0238806 ] } },
{ "type": "Feature", "properties": { "name": "80ft Road HRBR Layout", "highway": "bus_stop", "railway": null, "public_transport": "platform" }, "geometry": { "type": "Point", "coordinates": [ 77.6431757, 13.0210831 ] } },
{ "type": "Feature", "properties": { "name": "Cauvery Bhavana", "highway": "bus_stop", "railway": null, "public_transport": "platform" }, "geometry": { "type": "Point", "coordinates": [ 77.5814541, 12.9734679 ] } },
{ "type": "Feature", "properties": { "name": "Maharani College, KR Circle", "highway": "bus_stop", "railway": null, "public_transport": "platform" }, "geometry": { "type": "Point", "coordinates": [ 77.5858556, 12.9767664 ] } },
{ "type": "Feature", "properties": { "name": "Indian Express", "highway": "bus_stop", "railway": null, "public_transport": "platform" }, "geometry": { "type": "Point", "coordinates": [ 77.5963419, 12.9835004 ] } },
{ "type": "Feature", "properties": { "name": "Bamboo Bazar", "highway": "bus_stop", "railway": null, "public_transport": "platform" }, "geometry": { "type": "Point", "coordinates": [ 77.6019113, 12.9918092 ] } },
{ "type": "Feature", "properties": { "name": "Doddi", "highway": "bus_stop", "railway": null, "public_transport": "platform" }, "geometry": { "type": "Point", "coordinates": [ 77.6122002, 13.0028662 ] } },
{ "type": "Feature", "properties": { "name": "Canara Bank Tannery Road", "highway": "bus_stop", "railway": null, "public_transport": "platform" }, "geometry": { "type": "Point", "coordinates": [ 77.6126039, 13.0070581 ] } },
{ "type": "Feature", "properties": { "name": "Periyar Nagara Circle", "highway": "bus_stop", "railway": null, "public_transport": "platform" }, "geometry": { "type": "Point", "coordinates": [ 77.6133053, 13.0085327 ] } },
{ "type": "Feature", "properties": { "name": "Muslim Colony", "highway": "bus_stop", "railway": null, "public_transport": "platform" }, "geometry": { "type": "Point", "coordinates": [ 77.6151332, 13.0104745 ] } },
{ "type": "Feature", "properties": { "name": "Postal and Telecom Colony", "highway": "bus_stop", "railway": null, "public_transport": "platform" }, "geometry": { "type": "Point", "coordinates": [ 77.6160921, 13.0119314 ] } },
{ "type": "Feature", "properties": { "name": "Venkateshapura", "highway": "bus_stop", "railway": null, "public_transport": "platform" }, "geometry": { "type": "Point", "coordinates": [ 77.617511, 13.0152581 ] } },
{ "type": "Feature", "properties": { "name": "Kadugondanahalli Police Station", "highway": "bus_stop", "railway": null, "public_transport": "platform" }, "geometry": { "type": "Point", "coordinates": [ 77.6190707, 13.0211014 ] } },
{ "type": "Feature", "properties": { "name": "Ambedkar Medical College Shampura", "highway": "bus_stop", "railway": null, "public_transport": "platform" }, "geometry": { "type": "Point", "coordinates": [ 77.6126347, 13.0231175 ] } },
{ "type": "Feature", "properties": { "name": "Thanisandra", "highway": "bus_stop", "railway": null, "public_transport": "platform" }, "geometry": { "type": "Point", "coordinates": [ 77.6320513, 13.0559857 ] } },
{ "type": "Feature", "properties": { "name": "Sujatha Talkies", "highway": "bus_stop", "railway": null, "public_transport": "platform" }, "geometry": { "type": "Point", "coordinates": [ 77.5619169, 12.9823871 ] } },
{ "type": "Feature", "properties": { "name": "Sujatha Talkies", "highway": "bus_stop", "railway": null, "public_transport": "platform" }, "geometry": { "type": "Point", "coordinates": [ 77.5622065, 12.9823721 ] } },
{ "type": "Feature", "properties": { "name": "Rajajinagar Entrance", "highway": "bus_stop", "railway": null, "public_transport": "platform" }, "geometry": { "type": "Point", "coordinates": [ 77.556936, 12.9844532 ] } },
{ "type": "Feature", "properties": { "name": "Vijayanagara Garage", "highway": "bus_stop", "railway": null, "public_transport": "platform" }, "geometry": { "type": "Point", "coordinates": [ 77.5343062, 12.9631003 ] } },
{ "type": "Feature", "properties": { "name": "Chowdeshwari Temple", "highway": "bus_stop", "railway": null, "public_transport": "platform" }, "geometry": { "type": "Point", "coordinates": [ 77.5663975, 12.9947442 ] } },
{ "type": "Feature", "properties": { "name": "RC College", "highway": "bus_stop", "railway": null, "public_transport": "platform" }, "geometry": { "type": "Point", "coordinates": [ 77.5868205, 12.9839279 ] } },
{ "type": "Feature", "properties": { "name": "GPO", "highway": "bus_stop", "railway": null, "public_transport": "platform" }, "geometry": { "type": "Point", "coordinates": [ 77.5949469, 12.981735 ] } },
{ "type": "Feature", "properties": { "name": "Raj Bhavan", "highway": "bus_stop", "railway": null, "public_transport": "platform" }, "geometry": { "type": "Point", "coordinates": [ 77.5921641, 12.9829373 ] } },
{ "type": "Feature", "properties": { "name": "Ashwathkatte Sultanpalya", "highway": "bus_stop", "railway": null, "public_transport": "platform" }, "geometry": { "type": "Point", "coordinates": [ 77.6033127, 13.0246071 ] } },
{ "type": "Feature", "properties": { "name": "Electric B Station", "highway": "bus_stop", "railway": null, "public_transport": "platform" }, "geometry": { "type": "Point", "coordinates": [ 77.6138595, 12.9739911 ] } },
{ "type": "Feature", "properties": { "name": "Petrol Bunk", "highway": "bus_stop", "railway": null, "public_transport": "platform" }, "geometry": { "type": "Point", "coordinates": [ 77.6559953, 12.9674562 ] } },
{ "type": "Feature", "properties": { "name": "Malleshwaram 18th Cross", "highway": "bus_stop", "railway": null, "public_transport": "platform" }, "geometry": { "type": "Point", "coordinates": [ 77.5711125, 13.008731 ] } },
{ "type": "Feature", "properties": { "name": "RM Guttahalli", "highway": "bus_stop", "railway": null, "public_transport": "platform" }, "geometry": { "type": "Point", "coordinates": [ 77.5820187, 12.998441 ] } },
{ "type": "Feature", "properties": { "name": "Ganesha Temple Vasanthanagara", "highway": "bus_stop", "railway": null, "public_transport": "platform" }, "geometry": { "type": "Point", "coordinates": [ 77.5920926, 12.995202 ] } },
{ "type": "Feature", "properties": { "name": "Jeevanahalli Cross", "highway": "bus_stop", "railway": null, "public_transport": "platform" }, "geometry": { "type": "Point", "coordinates": [ 77.6288179, 12.9942724 ] } },
{ "type": "Feature", "properties": { "name": "Pankaj Dairy", "highway": "bus_stop", "railway": null, "public_transport": "platform" }, "geometry": { "type": "Point", "coordinates": [ 77.6238812, 12.9958484 ] } },
{ "type": "Feature", "properties": { "name": "Sirsi Circle", "highway": "bus_stop", "railway": null, "public_transport": "platform" }, "geometry": { "type": "Point", "coordinates": [ 77.5594828, 12.9612418 ] } },
{ "type": "Feature", "properties": { "name": null, "highway": "bus_stop", "railway": null, "public_transport": null }, "geometry": { "type": "Point", "coordinates": [ 77.6638138, 12.8552525 ] } },
{ "type": "Feature", "properties": { "name": "Crown Plaza", "highway": "bus_stop", "railway": null, "public_transport": "platform" }, "geometry": { "type": "Point", "coordinates": [ 77.6603337, 12.8508834 ] } },
{ "type": "Feature", "properties": { "name": "Electronic City Bus Station", "highway": "bus_stop", "railway": null, "public_transport": null }, "geometry": { "type": "Point", "coordinates": [ 77.661702, 12.850569 ] } },
{ "type": "Feature", "properties": { "name": "Rajaji Nagar 1st Block", "highway": "bus_stop", "railway": null, "public_transport": "platform" }, "geometry": { "type": "Point", "coordinates": [ 77.5491817, 13.0041618 ] } },
{ "type": "Feature", "properties": { "name": "Anand Rao", "highway": "bus_stop", "railway": null, "public_transport": null }, "geometry": { "type": "Point", "coordinates": [ 77.5768709, 12.9811159 ] } },
{ "type": "Feature", "properties": { "name": "Kalyananagara Junction", "highway": "bus_stop", "railway": null, "public_transport": "platform" }, "geometry": { "type": "Point", "coordinates": [ 77.6364058, 13.0263618 ] } },
{ "type": "Feature", "properties": { "name": "Kalyananagara Junction", "highway": "bus_stop", "railway": null, "public_transport": "platform" }, "geometry": { "type": "Point", "coordinates": [ 77.6362396, 13.0263932 ] } },
{ "type": "Feature", "properties": { "name": "Tata Institute", "highway": "bus_stop", "railway": null, "public_transport": "platform" }, "geometry": { "type": "Point", "coordinates": [ 77.5684152, 13.0144454 ] } },
{ "type": "Feature", "properties": { "name": "Tata Institute", "highway": "bus_stop", "railway": null, "public_transport": "platform" }, "geometry": { "type": "Point", "coordinates": [ 77.5682737, 13.0144349 ] } },
{ "type": "Feature", "properties": { "name": "HBR Layout", "highway": "bus_stop", "railway": null, "public_transport": "platform" }, "geometry": { "type": "Point", "coordinates": [ 77.6288883, 13.0346167 ] } },
{ "type": "Feature", "properties": { "name": "HBR Layout", "highway": "bus_stop", "railway": null, "public_transport": "platform" }, "geometry": { "type": "Point", "coordinates": [ 77.6283201, 13.0352027 ] } },
{ "type": "Feature", "properties": { "name": "Hennur Cross", "highway": "bus_stop", "railway": null, "public_transport": "platform" }, "geometry": { "type": "Point", "coordinates": [ 77.6316918, 13.0293448 ] } },
{ "type": "Feature", "properties": { "name": "Hennur Cross", "highway": "bus_stop", "railway": null, "public_transport": "platform" }, "geometry": { "type": "Point", "coordinates": [ 77.6316127, 13.029461 ] } },
{ "type": "Feature", "properties": { "name": "Lumbini Gardens", "highway": "bus_stop", "railway": null, "public_transport": "platform" }, "geometry": { "type": "Point", "coordinates": [ 77.6094579, 13.0432701 ] } },
{ "type": "Feature", "properties": { "name": "Lumbini Gardens", "highway": "bus_stop", "railway": null, "public_transport": "platform" }, "geometry": { "type": "Point", "coordinates": [ 77.6097425, 13.043198 ] } },
{ "type": "Feature", "properties": { "name": "Manyatha Tech Park", "highway": "bus_stop", "railway": null, "public_transport": "platform" }, "geometry": { "type": "Point", "coordinates": [ 77.6184473, 13.0408346 ] } },
{ "type": "Feature", "properties": { "name": "Manyatha Tech Park", "highway": "bus_stop", "railway": null, "public_transport": "platform" }, "geometry": { "type": "Point", "coordinates": [ 77.6182622, 13.0408171 ] } },
{ "type": "Feature", "properties": { "name": "Manyatha Tech Park", "highway": "bus_stop", "railway": null, "public_transport": "platform" }, "geometry": { "type": "Point", "coordinates": [ 77.6204098, 13.0411801 ] } },
{ "type": "Feature", "properties": { "name": "Atturu Layout Yelahanka Road", "highway": "bus_stop", "railway": null, "public_transport": "platform" }, "geometry": { "type": "Point", "coordinates": [ 77.5681275, 13.0978189 ] } },
{ "type": "Feature", "properties": { "name": "Atturu Layout Yelahanka Road", "highway": "bus_stop", "railway": null, "public_transport": "platform" }, "geometry": { "type": "Point", "coordinates": [ 77.5679438, 13.0978025 ] } },
{ "type": "Feature", "properties": { "name": "Mekhri Circle", "highway": "bus_stop", "railway": null, "public_transport": "platform" }, "geometry": { "type": "Point", "coordinates": [ 77.5837071, 13.0199738 ] } },
{ "type": "Feature", "properties": { "name": "Mekhri Circle", "highway": "bus_stop", "railway": null, "public_transport": "platform" }, "geometry": { "type": "Point", "coordinates": [ 77.5837085, 13.0200927 ] } },
{ "type": "Feature", "properties": { "name": "Mekhri Circle", "highway": "bus_stop", "railway": null, "public_transport": "platform" }, "geometry": { "type": "Point", "coordinates": [ 77.5837125, 13.0201985 ] } },
{ "type": "Feature", "properties": { "name": "Mekhri Circle", "highway": "bus_stop", "railway": null, "public_transport": "platform" }, "geometry": { "type": "Point", "coordinates": [ 77.5837192, 13.0203763 ] } },
{ "type": "Feature", "properties": { "name": "CBI", "highway": "bus_stop", "railway": null, "public_transport": "platform" }, "geometry": { "type": "Point", "coordinates": [ 77.5855168, 13.0258842 ] } },
{ "type": "Feature", "properties": { "name": "UAS Campus", "highway": "bus_stop", "railway": null, "public_transport": "platform" }, "geometry": { "type": "Point", "coordinates": [ 77.5871095, 13.0302097 ] } },
{ "type": "Feature", "properties": { "name": "Veterinary College", "highway": "bus_stop", "railway": null, "public_transport": "platform" }, "geometry": { "type": "Point", "coordinates": [ 77.5876111, 13.0326896 ] } },
{ "type": "Feature", "properties": { "name": "Double Tank", "highway": "bus_stop", "railway": null, "public_transport": "platform" }, "geometry": { "type": "Point", "coordinates": [ 77.544685, 13.0676794 ] } },
{ "type": "Feature", "properties": { "name": "Jelly Machine Yalahanka", "highway": "bus_stop", "railway": null, "public_transport": "platform" }, "geometry": { "type": "Point", "coordinates": [ 77.5554179, 13.0859294 ] } },
{ "type": "Feature", "properties": { "name": "Mattikere", "highway": "bus_stop", "railway": null, "public_transport": "platform" }, "geometry": { "type": "Point", "coordinates": [ 77.5573879, 13.0354072 ] } },
{ "type": "Feature", "properties": { "name": "Gokula", "highway": "bus_stop", "railway": null, "public_transport": "platform" }, "geometry": { "type": "Point", "coordinates": [ 77.5572981, 13.0412801 ] } },
{ "type": "Feature", "properties": { "name": "BEL Circle", "highway": "bus_stop", "railway": null, "public_transport": "platform" }, "geometry": { "type": "Point", "coordinates": [ 77.5567791, 13.0452884 ] } },
{ "type": "Feature", "properties": { "name": "BEL Circle", "highway": "bus_stop", "railway": null, "public_transport": "platform" }, "geometry": { "type": "Point", "coordinates": [ 77.5568026, 13.0452035 ] } },
{ "type": "Feature", "properties": { "name": "State Bank BEL Circle", "highway": "bus_stop", "railway": null, "public_transport": "platform" }, "geometry": { "type": "Point", "coordinates": [ 77.5541009, 13.0492614 ] } },
{ "type": "Feature", "properties": { "name": "BEL Market", "highway": "bus_stop", "railway": null, "public_transport": "platform" }, "geometry": { "type": "Point", "coordinates": [ 77.5522068, 13.0514021 ] } },
{ "type": "Feature", "properties": { "name": "CPRI", "highway": "bus_stop", "railway": null, "public_transport": "platform" }, "geometry": { "type": "Point", "coordinates": [ 77.5751945, 13.0148505 ] } },
{ "type": "Feature", "properties": { "name": "Sujatha Talkies", "highway": "bus_stop", "railway": null, "public_transport": "platform" }, "geometry": { "type": "Point", "coordinates": [ 77.5623903, 12.9827491 ] } },
{ "type": "Feature", "properties": { "name": "Mosque Road", "highway": "bus_stop", "railway": null, "public_transport": "platform" }, "geometry": { "type": "Point", "coordinates": [ 77.6160988, 13.0001384 ] } },
{ "type": "Feature", "properties": { "name": "Frazer Town", "highway": "bus_stop", "railway": null, "public_transport": "platform" }, "geometry": { "type": "Point", "coordinates": [ 77.6121318, 13.0011811 ] } },
{ "type": "Feature", "properties": { "name": "Harris Road", "highway": "bus_stop", "railway": null, "public_transport": "platform" }, "geometry": { "type": "Point", "coordinates": [ 77.6093812, 12.9994445 ] } },
{ "type": "Feature", "properties": { "name": "Hennur Cross", "highway": "bus_stop", "railway": null, "public_transport": "platform" }, "geometry": { "type": "Point", "coordinates": [ 77.6337062, 13.0277468 ] } },
{ "type": "Feature", "properties": { "name": "Janaki Rama Layout", "highway": "bus_stop", "railway": null, "public_transport": "platform" }, "geometry": { "type": "Point", "coordinates": [ 77.6427881, 13.0436506 ] } },
{ "type": "Feature", "properties": { "name": "Lumbini Gardens", "highway": "bus_stop", "railway": null, "public_transport": "platform" }, "geometry": { "type": "Point", "coordinates": [ 77.607847, 13.0434329 ] } },
{ "type": "Feature", "properties": { "name": "Lumbini Gardens", "highway": "bus_stop", "railway": null, "public_transport": "platform" }, "geometry": { "type": "Point", "coordinates": [ 77.6075598, 13.0434781 ] } },
{ "type": "Feature", "properties": { "name": "Mekhri Circle", "highway": "bus_stop", "railway": null, "public_transport": "platform" }, "geometry": { "type": "Point", "coordinates": [ 77.582214, 13.0145459 ] } },
{ "type": "Feature", "properties": { "name": "Mekhri Circle", "highway": "bus_stop", "railway": null, "public_transport": "platform" }, "geometry": { "type": "Point", "coordinates": [ 77.584, 13.0197222 ] } },
{ "type": "Feature", "properties": { "name": "Mekhri Circle", "highway": "bus_stop", "railway": null, "public_transport": "platform" }, "geometry": { "type": "Point", "coordinates": [ 77.5840113, 13.0199181 ] } },
{ "type": "Feature", "properties": { "name": "Gangenahalli", "highway": "bus_stop", "railway": null, "public_transport": "platform" }, "geometry": { "type": "Point", "coordinates": [ 77.5840235, 13.0232851 ] } },
{ "type": "Feature", "properties": { "name": "CBI", "highway": "bus_stop", "railway": null, "public_transport": "platform" }, "geometry": { "type": "Point", "coordinates": [ 77.5854562, 13.0256818 ] } },
{ "type": "Feature", "properties": { "name": "Sadashivanagara Police Station", "highway": "bus_stop", "railway": null, "public_transport": "platform" }, "geometry": { "type": "Point", "coordinates": [ 77.5726283, 13.0161793 ] } },
{ "type": "Feature", "properties": { "name": "CPRI Quarters", "highway": "bus_stop", "railway": null, "public_transport": "platform" }, "geometry": { "type": "Point", "coordinates": [ 77.5722903, 13.0226929 ] } },
{ "type": "Feature", "properties": { "name": "MS Ramaiah Hospital", "highway": "bus_stop", "railway": null, "public_transport": "platform" }, "geometry": { "type": "Point", "coordinates": [ 77.5719356, 13.0268786 ] } },
{ "type": "Feature", "properties": { "name": "Begihalli", "highway": "bus_stop", "railway": null, "public_transport": "platform" }, "geometry": { "type": "Point", "coordinates": [ 77.6037105, 12.7980047 ] } },
{ "type": "Feature", "properties": { "name": "Mantapa Cross", "highway": "bus_stop", "railway": null, "public_transport": "platform" }, "geometry": { "type": "Point", "coordinates": [ 77.6014557, 12.7986962 ] } },
{ "type": "Feature", "properties": { "name": "Mantapa Cross", "highway": "bus_stop", "railway": null, "public_transport": "platform" }, "geometry": { "type": "Point", "coordinates": [ 77.5964946, 12.8027613 ] } },
{ "type": "Feature", "properties": { "name": "Sarala Birla Academy", "highway": "bus_stop", "railway": null, "public_transport": "platform" }, "geometry": { "type": "Point", "coordinates": [ 77.5844602, 12.8117316 ] } },
{ "type": "Feature", "properties": { "name": "Tulip Resort Cross", "highway": "bus_stop", "railway": null, "public_transport": null }, "geometry": { "type": "Point", "coordinates": [ 77.5894094, 12.8345371 ] } },
{ "type": "Feature", "properties": { "name": "RC College", "highway": "bus_stop", "railway": null, "public_transport": "platform" }, "geometry": { "type": "Point", "coordinates": [ 77.5870015, 12.983973 ] } },
{ "type": "Feature", "properties": { "name": "KPCC Office", "highway": "bus_stop", "railway": null, "public_transport": "platform" }, "geometry": { "type": "Point", "coordinates": [ 77.5765751, 12.9831464 ] } },
{ "type": "Feature", "properties": { "name": "1st Block Koramangala", "highway": "bus_stop", "railway": null, "public_transport": "platform" }, "geometry": { "type": "Point", "coordinates": [ 77.6346785, 12.925122 ] } },
{ "type": "Feature", "properties": { "name": "1st Block Koramangala", "highway": "bus_stop", "railway": null, "public_transport": "platform" }, "geometry": { "type": "Point", "coordinates": [ 77.6348354, 12.9251364 ] } },
{ "type": "Feature", "properties": { "name": "Koramangala Water Tank", "highway": "bus_stop", "railway": null, "public_transport": "platform" }, "geometry": { "type": "Point", "coordinates": [ 77.6227936, 12.926867 ] } },
{ "type": "Feature", "properties": { "name": "St. John's Hospital", "highway": "bus_stop", "railway": null, "public_transport": "platform" }, "geometry": { "type": "Point", "coordinates": [ 77.6161149, 12.9295048 ] } },
{ "type": "Feature", "properties": { "name": "Ganakkal", "highway": "bus_stop", "railway": null, "public_transport": "platform" }, "geometry": { "type": "Point", "coordinates": [ 77.5122102, 12.8984779 ] } },
{ "type": "Feature", "properties": { "name": "Jayanagara 38th Cross", "highway": "bus_stop", "railway": null, "public_transport": "platform" }, "geometry": { "type": "Point", "coordinates": [ 77.5836333, 12.9215014 ] } },
{ "type": "Feature", "properties": { "name": "ISKCON Temple", "highway": "bus_stop", "railway": null, "public_transport": "platform" }, "geometry": { "type": "Point", "coordinates": [ 77.551535, 13.0118968 ] } },
{ "type": "Feature", "properties": { "name": "Corporation Circle", "highway": "bus_stop", "railway": null, "public_transport": "platform" }, "geometry": { "type": "Point", "coordinates": [ 77.5880067, 12.9667074 ] } },
{ "type": "Feature", "properties": { "name": "Corporation Circle", "highway": "bus_stop", "railway": null, "public_transport": "platform" }, "geometry": { "type": "Point", "coordinates": [ 77.588118, 12.966842 ] } },
{ "type": "Feature", "properties": { "name": "Corporation", "highway": "bus_stop", "railway": null, "public_transport": "platform" }, "geometry": { "type": "Point", "coordinates": [ 77.5873811, 12.9681907 ] } },
{ "type": "Feature", "properties": { "name": "Corporation", "highway": "bus_stop", "railway": null, "public_transport": "platform" }, "geometry": { "type": "Point", "coordinates": [ 77.5865073, 12.9685004 ] } },
{ "type": "Feature", "properties": { "name": "Mysore Bank", "highway": "bus_stop", "railway": null, "public_transport": "platform" }, "geometry": { "type": "Point", "coordinates": [ 77.5824183, 12.9721532 ] } },
{ "type": "Feature", "properties": { "name": "Mysore Bank", "highway": "bus_stop", "railway": null, "public_transport": "platform" }, "geometry": { "type": "Point", "coordinates": [ 77.5822601, 12.9722682 ] } },
{ "type": "Feature", "properties": { "name": "Anepalya", "highway": "bus_stop", "railway": null, "public_transport": "platform" }, "geometry": { "type": "Point", "coordinates": [ 77.6051527, 12.9531008 ] } },
{ "type": "Feature", "properties": { "name": "Anepalya", "highway": "bus_stop", "railway": null, "public_transport": "platform" }, "geometry": { "type": "Point", "coordinates": [ 77.6051795, 12.9533583 ] } },
{ "type": "Feature", "properties": { "name": "Anepalya", "highway": "bus_stop", "railway": null, "public_transport": "platform" }, "geometry": { "type": "Point", "coordinates": [ 77.6052292, 12.9537582 ] } },
{ "type": "Feature", "properties": { "name": "Hudson Circle", "highway": "bus_stop", "railway": null, "public_transport": "platform" }, "geometry": { "type": "Point", "coordinates": [ 77.5908682, 12.9678456 ] } },
{ "type": "Feature", "properties": { "name": "Hudson Circle", "highway": "bus_stop", "railway": null, "public_transport": "platform" }, "geometry": { "type": "Point", "coordinates": [ 77.59109, 12.9679138 ] } },
{ "type": "Feature", "properties": { "name": "Adugodi Police Station", "highway": "bus_stop", "railway": null, "public_transport": "platform" }, "geometry": { "type": "Point", "coordinates": [ 77.6094322, 12.940032 ] } },
{ "type": "Feature", "properties": { "name": "Anepalya", "highway": "bus_stop", "railway": null, "public_transport": "platform" }, "geometry": { "type": "Point", "coordinates": [ 77.6053243, 12.9521114 ] } },
{ "type": "Feature", "properties": { "name": "HSR Layout BDA Complex", "highway": "bus_stop", "railway": null, "public_transport": "platform" }, "geometry": { "type": "Point", "coordinates": [ 77.6351761, 12.916089 ] } },
{ "type": "Feature", "properties": { "name": "Central Silk Board", "highway": "bus_stop", "railway": null, "public_transport": "platform" }, "geometry": { "type": "Point", "coordinates": [ 77.6245029, 12.917519 ] } },
{ "type": "Feature", "properties": { "name": "Central Silk Board", "highway": "bus_stop", "railway": null, "public_transport": "platform" }, "geometry": { "type": "Point", "coordinates": [ 77.6244009, 12.9175046 ] } },
{ "type": "Feature", "properties": { "name": "Madiwala", "highway": "bus_stop", "railway": null, "public_transport": "platform" }, "geometry": { "type": "Point", "coordinates": [ 77.6209509, 12.9196739 ] } },
{ "type": "Feature", "properties": { "name": "Madiwala", "highway": "bus_stop", "railway": null, "public_transport": "platform" }, "geometry": { "type": "Point", "coordinates": [ 77.6208436, 12.9198229 ] } },
{ "type": "Feature", "properties": { "name": "Madiwala", "highway": "bus_stop", "railway": null, "public_transport": "platform" }, "geometry": { "type": "Point", "coordinates": [ 77.620727, 12.9200033 ] } },
{ "type": "Feature", "properties": { "name": "Chinkurchi", "highway": "bus_stop", "railway": null, "public_transport": "platform" }, "geometry": { "type": "Point", "coordinates": [ 77.4595899, 12.8274696 ] } },
{ "type": "Feature", "properties": { "name": "Velankani Drive", "highway": "bus_stop", "railway": null, "public_transport": "platform" }, "geometry": { "type": "Point", "coordinates": [ 77.6577616, 12.8511902 ] } },
{ "type": "Feature", "properties": { "name": null, "highway": "bus_stop", "railway": null, "public_transport": "platform" }, "geometry": { "type": "Point", "coordinates": [ 77.6021357, 12.9391739 ] } },
{ "type": "Feature", "properties": { "name": "Ramesh Nagar Bus stop", "highway": "bus_stop", "railway": null, "public_transport": "platform" }, "geometry": { "type": "Point", "coordinates": [ 77.6816765, 12.9624428 ] } },
{ "type": "Feature", "properties": { "name": "Provident Sunworth Apartments", "highway": "bus_stop", "railway": null, "public_transport": "platform" }, "geometry": { "type": "Point", "coordinates": [ 77.4718418, 12.8824672 ] } },
{ "type": "Feature", "properties": { "name": "Shankar Mutt", "highway": "bus_stop", "railway": null, "public_transport": "platform" }, "geometry": { "type": "Point", "coordinates": [ 77.5416662, 12.9992146 ] } },
{ "type": "Feature", "properties": { "name": "Yeshwantpura", "highway": "bus_stop", "railway": null, "public_transport": null }, "geometry": { "type": "Point", "coordinates": [ 77.5533325, 13.02183 ] } },
{ "type": "Feature", "properties": { "name": "Dairy circle (towards lakkasandra)", "highway": "bus_stop", "railway": null, "public_transport": "platform" }, "geometry": { "type": "Point", "coordinates": [ 77.6012737, 12.9356855 ] } },
{ "type": "Feature", "properties": { "name": "Suryacity bus stop", "highway": "bus_stop", "railway": null, "public_transport": "platform" }, "geometry": { "type": "Point", "coordinates": [ 77.7016125, 12.7883908 ] } },
{ "type": "Feature", "properties": { "name": "Jnanabharathi", "highway": null, "railway": "station", "public_transport": "station" }, "geometry": { "type": "Point", "coordinates": [ 77.5124063, 12.9354357 ] } },
{ "type": "Feature", "properties": { "name": "Pantharapalya - Nayandahalli", "highway": null, "railway": "station", "public_transport": "station" }, "geometry": { "type": "Point", "coordinates": [ 77.5251166, 12.9416715 ] } },
{ "type": "Feature", "properties": { "name": "Kengeri Bus Terminal", "highway": null, "railway": "station", "public_transport": "station" }, "geometry": { "type": "Point", "coordinates": [ 77.4878557, 12.914689 ] } },
{ "type": "Feature", "properties": { "name": "Kengeri", "highway": null, "railway": "station", "public_transport": "station" }, "geometry": { "type": "Point", "coordinates": [ 77.4765784, 12.9079105 ] } },
{ "type": "Feature", "properties": { "name": "Rajarajeshwari Nagar", "highway": null, "railway": "station", "public_transport": "station" }, "geometry": { "type": "Point", "coordinates": [ 77.5196788, 12.9365996 ] } },
{ "type": "Feature", "properties": { "name": "Pattanagere", "highway": null, "railway": "station", "public_transport": "station" }, "geometry": { "type": "Point", "coordinates": [ 77.4983509, 12.9242505 ] } },
{ "type": "Feature", "properties": { "name": "Siddaiah Puranik Junction", "highway": "bus_stop", "railway": null, "public_transport": "platform" }, "geometry": { "type": "Point", "coordinates": [ 77.5371708, 12.9823899 ] } },
{ "type": "Feature", "properties": { "name": "Havanuru Circle", "highway": "bus_stop", "railway": null, "public_transport": "platform" }, "geometry": { "type": "Point", "coordinates": [ 77.5376291, 12.9882597 ] } },
{ "type": "Feature", "properties": { "name": "Kamalanagar 8th Main", "highway": "bus_stop", "railway": null, "public_transport": "platform" }, "geometry": { "type": "Point", "coordinates": [ 77.5385914, 12.9918959 ] } },
{ "type": "Feature", "properties": { "name": "Siddaiah Puranik Junction", "highway": "bus_stop", "railway": null, "public_transport": "platform" }, "geometry": { "type": "Point", "coordinates": [ 77.5372303, 12.9830788 ] } },
{ "type": "Feature", "properties": { "name": "Nagarbhavi Circle", "highway": "bus_stop", "railway": null, "public_transport": "platform" }, "geometry": { "type": "Point", "coordinates": [ 77.5189278, 12.9580737 ] } },
{ "type": "Feature", "properties": { "name": null, "highway": "bus_stop", "railway": null, "public_transport": "platform" }, "geometry": { "type": "Point", "coordinates": [ 77.5206544, 12.9595234 ] } },
{ "type": "Feature", "properties": { "name": "Vijayanagar", "highway": "bus_stop", "railway": null, "public_transport": "platform" }, "geometry": { "type": "Point", "coordinates": [ 77.5381791, 12.9731035 ] } },
{ "type": "Feature", "properties": { "name": "Manuvana/Hosahalli Metro station", "highway": "bus_stop", "railway": null, "public_transport": "platform" }, "geometry": { "type": "Point", "coordinates": [ 77.5443065, 12.9740795 ] } },
{ "type": "Feature", "properties": { "name": "Bangalore University Quarters", "highway": "bus_stop", "railway": null, "public_transport": "platform" }, "geometry": { "type": "Point", "coordinates": [ 77.4997562, 12.9517777 ] } },
{ "type": "Feature", "properties": { "name": "Mariappanapalya", "highway": "bus_stop", "railway": null, "public_transport": "platform" }, "geometry": { "type": "Point", "coordinates": [ 77.4954923, 12.945414 ] } },
{ "type": "Feature", "properties": { "name": "Ambedkar College", "highway": "bus_stop", "railway": null, "public_transport": null }, "geometry": { "type": "Point", "coordinates": [ 77.5047583, 12.9652036 ] } },
{ "type": "Feature", "properties": { "name": "Summanahalli", "highway": "bus_stop", "railway": null, "public_transport": "platform" }, "geometry": { "type": "Point", "coordinates": [ 77.5191572, 12.9877707 ] } },
{ "type": "Feature", "properties": { "name": "Mallathahalli", "highway": "bus_stop", "railway": null, "public_transport": null }, "geometry": { "type": "Point", "coordinates": [ 77.5032946, 12.9580697 ] } },
{ "type": "Feature", "properties": { "name": "Kenchapura Bus Stop", "highway": "bus_stop", "railway": null, "public_transport": null }, "geometry": { "type": "Point", "coordinates": [ 77.4937189, 12.942324 ] } },
{ "type": "Feature", "properties": { "name": "University quarters bus stop", "highway": "bus_stop", "railway": null, "public_transport": "platform" }, "geometry": { "type": "Point", "coordinates": [ 77.4999694, 12.9527254 ] } },
{ "type": "Feature", "properties": { "name": "Deepa Complex", "highway": "bus_stop", "railway": null, "public_transport": "platform" }, "geometry": { "type": "Point", "coordinates": [ 77.5048879, 12.9665643 ] } },
{ "type": "Feature", "properties": { "name": "Nagarbhavi BDA complex", "highway": "bus_stop", "railway": null, "public_transport": null }, "geometry": { "type": "Point", "coordinates": [ 77.5105425, 12.9793561 ] } },
{ "type": "Feature", "properties": { "name": "PVP School", "highway": "bus_stop", "railway": null, "public_transport": "platform" }, "geometry": { "type": "Point", "coordinates": [ 77.4969824, 12.9483134 ] } },
{ "type": "Feature", "properties": { "name": "Kottigepalya", "highway": "bus_stop", "railway": null, "public_transport": "platform" }, "geometry": { "type": "Point", "coordinates": [ 77.5145253, 12.9879079 ] } },
{ "type": "Feature", "properties": { "name": "Kengunte cross", "highway": "bus_stop", "railway": null, "public_transport": "platform" }, "geometry": { "type": "Point", "coordinates": [ 77.5042369, 12.96047 ] } },
{ "type": "Feature", "properties": { "name": "K Channasandra", "highway": "bus_stop", "railway": null, "public_transport": "platform" }, "geometry": { "type": "Point", "coordinates": [ 77.6794318, 13.0400484 ] } },
{ "type": "Feature", "properties": { "name": "Shivananda Stores", "highway": "bus_stop", "railway": null, "public_transport": "platform" }, "geometry": { "type": "Point", "coordinates": [ 77.5804174, 12.9877594 ] } },
{ "type": "Feature", "properties": { "name": "HSR KEB Junction", "highway": "bus_stop", "railway": null, "public_transport": "platform" }, "geometry": { "type": "Point", "coordinates": [ 77.6499433, 12.903547 ] } },
{ "type": "Feature", "properties": { "name": "Kengeri Church Stop", "highway": "bus_stop", "railway": null, "public_transport": "platform" }, "geometry": { "type": "Point", "coordinates": [ 77.4867571, 12.9290165 ] } },
{ "type": "Feature", "properties": { "name": "Richmond Circle", "highway": "bus_stop", "railway": null, "public_transport": "platform" }, "geometry": { "type": "Point", "coordinates": [ 77.5992467, 12.9672877 ] } },
{ "type": "Feature", "properties": { "name": "Richmond Circle", "highway": "bus_stop", "railway": null, "public_transport": "platform" }, "geometry": { "type": "Point", "coordinates": [ 77.5995767, 12.9675763 ] } },
{ "type": "Feature", "properties": { "name": null, "highway": "bus_stop", "railway": null, "public_transport": "platform" }, "geometry": { "type": "Point", "coordinates": [ 77.5389954, 12.9509272 ] } },
{ "type": "Feature", "properties": { "name": "Society", "highway": "bus_stop", "railway": null, "public_transport": "platform" }, "geometry": { "type": "Point", "coordinates": [ 77.483849, 12.9212141 ] } },
{ "type": "Feature", "properties": { "name": "Indian Express", "highway": "bus_stop", "railway": null, "public_transport": "platform" }, "geometry": { "type": "Point", "coordinates": [ 77.5971299, 12.983377 ] } },
{ "type": "Feature", "properties": { "name": "Indian Express", "highway": "bus_stop", "railway": null, "public_transport": "platform" }, "geometry": { "type": "Point", "coordinates": [ 77.5971848, 12.9834529 ] } },
{ "type": "Feature", "properties": { "name": "Nagarabhavi 12th Block", "highway": "bus_stop", "railway": null, "public_transport": "platform" }, "geometry": { "type": "Point", "coordinates": [ 77.5127389, 12.9609553 ] } },
{ "type": "Feature", "properties": { "name": "ITI Colony", "highway": "bus_stop", "railway": null, "public_transport": "platform" }, "geometry": { "type": "Point", "coordinates": [ 77.5686963, 13.0338561 ] } },
{ "type": "Feature", "properties": { "name": "Bashayam Circle", "highway": "bus_stop", "railway": null, "public_transport": "platform" }, "geometry": { "type": "Point", "coordinates": [ 77.5811906, 13.0049151 ] } },
{ "type": "Feature", "properties": { "name": "Devaiah Park", "highway": "bus_stop", "railway": null, "public_transport": "platform" }, "geometry": { "type": "Point", "coordinates": [ 77.564306, 12.9964495 ] } },
{ "type": "Feature", "properties": { "name": "Mount Carmel College", "highway": "bus_stop", "railway": null, "public_transport": "platform" }, "geometry": { "type": "Point", "coordinates": [ 77.5887322, 12.9928951 ] } },
{ "type": "Feature", "properties": { "name": "East Railway Station Bus Stop", "highway": "bus_stop", "railway": null, "public_transport": "platform" }, "geometry": { "type": "Point", "coordinates": [ 77.6185274, 13.0015767 ] } },
{ "type": "Feature", "properties": { "name": "Hasanath College", "highway": "bus_stop", "railway": null, "public_transport": "platform" }, "geometry": { "type": "Point", "coordinates": [ 77.6148261, 12.9793239 ] } },
{ "type": "Feature", "properties": { "name": "The Millenia", "highway": "bus_stop", "railway": null, "public_transport": "platform" }, "geometry": { "type": "Point", "coordinates": [ 77.6240394, 12.9819825 ] } },
{ "type": "Feature", "properties": { "name": "Begum Mahal Ulsoor", "highway": "bus_stop", "railway": null, "public_transport": "platform" }, "geometry": { "type": "Point", "coordinates": [ 77.6200787, 12.9752411 ] } },
{ "type": "Feature", "properties": { "name": "St. Theresa Hospital", "highway": "bus_stop", "railway": null, "public_transport": "platform" }, "geometry": { "type": "Point", "coordinates": [ 77.5542349, 13.0065732 ] } },
{ "type": "Feature", "properties": { "name": "St. Theresa Hospital", "highway": "bus_stop", "railway": null, "public_transport": "platform" }, "geometry": { "type": "Point", "coordinates": [ 77.5542249, 13.0065244 ] } },
{ "type": "Feature", "properties": { "name": "St. Theresa Hospital", "highway": "bus_stop", "railway": null, "public_transport": "platform" }, "geometry": { "type": "Point", "coordinates": [ 77.5542304, 13.0065514 ] } },
{ "type": "Feature", "properties": { "name": "Navarang Theatre", "highway": "bus_stop", "railway": null, "public_transport": "platform" }, "geometry": { "type": "Point", "coordinates": [ 77.5535557, 12.9971734 ] } },
{ "type": "Feature", "properties": { "name": "Navarang Theatre", "highway": "bus_stop", "railway": null, "public_transport": "platform" }, "geometry": { "type": "Point", "coordinates": [ 77.553608, 12.9971205 ] } },
{ "type": "Feature", "properties": { "name": "Indiranagar Police Station", "highway": "bus_stop", "railway": null, "public_transport": "platform" }, "geometry": { "type": "Point", "coordinates": [ 77.6409534, 12.9781764 ] } },
{ "type": "Feature", "properties": { "name": "Indiranagar Police Station", "highway": "bus_stop", "railway": null, "public_transport": "platform" }, "geometry": { "type": "Point", "coordinates": [ 77.6409527, 12.9781925 ] } },
{ "type": "Feature", "properties": { "name": "Multiplex Marathahalli", "highway": "bus_stop", "railway": null, "public_transport": "platform" }, "geometry": { "type": "Point", "coordinates": [ 77.6995745, 12.9512947 ] } },
{ "type": "Feature", "properties": { "name": "Rainbow Hospital", "highway": "bus_stop", "railway": null, "public_transport": "platform" }, "geometry": { "type": "Point", "coordinates": [ 77.6973784, 12.9749842 ] } },
{ "type": "Feature", "properties": { "name": "EMC2", "highway": "bus_stop", "railway": null, "public_transport": "platform" }, "geometry": { "type": "Point", "coordinates": [ 77.6940181, 12.9804675 ] } },
{ "type": "Feature", "properties": { "name": "Mahadevapura", "highway": "bus_stop", "railway": null, "public_transport": "platform" }, "geometry": { "type": "Point", "coordinates": [ 77.6856611, 12.9933963 ] } },
{ "type": "Feature", "properties": { "name": "B. Narayanapura", "highway": "bus_stop", "railway": null, "public_transport": "platform" }, "geometry": { "type": "Point", "coordinates": [ 77.6836231, 12.996232 ] } },
{ "type": "Feature", "properties": { "name": "Hennur Cross", "highway": "bus_stop", "railway": null, "public_transport": "platform" }, "geometry": { "type": "Point", "coordinates": [ 77.6309703, 13.0299279 ] } },
{ "type": "Feature", "properties": { "name": "Kempapura", "highway": "bus_stop", "railway": null, "public_transport": "platform" }, "geometry": { "type": "Point", "coordinates": [ 77.6018105, 13.0435918 ] } },
{ "type": "Feature", "properties": { "name": "Channasandra", "highway": "bus_stop", "railway": null, "public_transport": "platform" }, "geometry": { "type": "Point", "coordinates": [ 77.6624857, 13.0112663 ] } },
{ "type": "Feature", "properties": { "name": "Mahadevapura", "highway": "bus_stop", "railway": null, "public_transport": "platform" }, "geometry": { "type": "Point", "coordinates": [ 77.6859402, 12.9934589 ] } },
{ "type": "Feature", "properties": { "name": "EMC2", "highway": "bus_stop", "railway": null, "public_transport": "platform" }, "geometry": { "type": "Point", "coordinates": [ 77.6941743, 12.9806913 ] } },
{ "type": "Feature", "properties": { "name": "Rainbow Hospital", "highway": "bus_stop", "railway": null, "public_transport": "platform" }, "geometry": { "type": "Point", "coordinates": [ 77.6978692, 12.9746364 ] } },
{ "type": "Feature", "properties": { "name": "Multiplex Marathahalli", "highway": "bus_stop", "railway": null, "public_transport": "platform" }, "geometry": { "type": "Point", "coordinates": [ 77.6999162, 12.9516284 ] } },
{ "type": "Feature", "properties": { "name": "Sarjapura Road Junction", "highway": "bus_stop", "railway": null, "public_transport": "platform" }, "geometry": { "type": "Point", "coordinates": [ 77.6681618, 12.9219291 ] } },
{ "type": "Feature", "properties": { "name": "Ibbaluru", "highway": "bus_stop", "railway": null, "public_transport": "platform" }, "geometry": { "type": "Point", "coordinates": [ 77.66221, 12.9212787 ] } },
{ "type": "Feature", "properties": { "name": null, "highway": "bus_stop", "railway": null, "public_transport": "platform" }, "geometry": { "type": "Point", "coordinates": [ 77.702647, 12.9043359 ] } },
{ "type": "Feature", "properties": { "name": null, "highway": "bus_stop", "railway": null, "public_transport": "platform" }, "geometry": { "type": "Point", "coordinates": [ 77.7016486, 12.9628924 ] } },
{ "type": "Feature", "properties": { "name": "Forest Gate", "highway": "bus_stop", "railway": null, "public_transport": null }, "geometry": { "type": "Point", "coordinates": [ 77.4591106, 12.9916762 ] } },
{ "type": "Feature", "properties": { "name": "Machohalli Cross", "highway": "bus_stop", "railway": null, "public_transport": null }, "geometry": { "type": "Point", "coordinates": [ 77.454317, 12.9907989 ] } },
{ "type": "Feature", "properties": { "name": "Kadabagere Cross", "highway": "bus_stop", "railway": null, "public_transport": null }, "geometry": { "type": "Point", "coordinates": [ 77.4492686, 12.9888745 ] } },
{ "type": "Feature", "properties": { "name": "Sigehalli Gate", "highway": "bus_stop", "railway": null, "public_transport": null }, "geometry": { "type": "Point", "coordinates": [ 77.4440363, 12.9841118 ] } },
{ "type": "Feature", "properties": { "name": "Hamsa Farm", "highway": "bus_stop", "railway": null, "public_transport": null }, "geometry": { "type": "Point", "coordinates": [ 77.4398636, 12.9817861 ] } },
{ "type": "Feature", "properties": { "name": "Channenahalli", "highway": "bus_stop", "railway": null, "public_transport": null }, "geometry": { "type": "Point", "coordinates": [ 77.4305523, 12.9778584 ] } },
{ "type": "Feature", "properties": { "name": "Honnagana Hatti", "highway": "bus_stop", "railway": null, "public_transport": null }, "geometry": { "type": "Point", "coordinates": [ 77.4209797, 12.9741071 ] } },
{ "type": "Feature", "properties": { "name": "Channadasi Palya", "highway": "bus_stop", "railway": null, "public_transport": null }, "geometry": { "type": "Point", "coordinates": [ 77.4148902, 12.9708979 ] } },
{ "type": "Feature", "properties": { "name": "Sub Register Office, Lakkuppe", "highway": "bus_stop", "railway": null, "public_transport": null }, "geometry": { "type": "Point", "coordinates": [ 77.4101179, 12.9699365 ] } },
{ "type": "Feature", "properties": { "name": "Ramagondanahalli", "highway": "bus_stop", "railway": null, "public_transport": "platform" }, "geometry": { "type": "Point", "coordinates": [ 77.7399868, 12.9569171 ] } },
{ "type": "Feature", "properties": { "name": "Marathahalli Bridge", "highway": "bus_stop", "railway": null, "public_transport": "platform" }, "geometry": { "type": "Point", "coordinates": [ 77.7028789, 12.9566967 ] } },
{ "type": "Feature", "properties": { "name": "Hosmat Hospital", "highway": "bus_stop", "railway": null, "public_transport": "platform" }, "geometry": { "type": "Point", "coordinates": [ 77.6117085, 12.9699263 ] } },
{ "type": "Feature", "properties": { "name": "Hosmat Hospital", "highway": "bus_stop", "railway": null, "public_transport": "platform" }, "geometry": { "type": "Point", "coordinates": [ 77.6117919, 12.9699074 ] } },
{ "type": "Feature", "properties": { "name": "Mayo Hall", "highway": "bus_stop", "railway": null, "public_transport": "platform" }, "geometry": { "type": "Point", "coordinates": [ 77.6097782, 12.9733555 ] } },
{ "type": "Feature", "properties": { "name": "Mayo Hall", "highway": "bus_stop", "railway": null, "public_transport": "platform" }, "geometry": { "type": "Point", "coordinates": [ 77.6098707, 12.9734039 ] } },
{ "type": "Feature", "properties": { "name": "ಡಿ.ಎಸ್ ಸ್ಪ್ಲೆಂಡರ್ ಅಪಾರ್ಟ್ಮೆಂಟ್", "highway": "bus_stop", "railway": null, "public_transport": null }, "geometry": { "type": "Point", "coordinates": [ 77.5107883, 13.0800666 ] } },
{ "type": "Feature", "properties": { "name": "BTM Nagar Layout Water Tank", "highway": "bus_stop", "railway": null, "public_transport": "platform" }, "geometry": { "type": "Point", "coordinates": [ 77.6067922, 12.9165145 ] } },
{ "type": "Feature", "properties": { "name": "27th Main 13th Cross HSR Layout", "highway": "bus_stop", "railway": null, "public_transport": "platform" }, "geometry": { "type": "Point", "coordinates": [ 77.6518272, 12.9159916 ] } },
{ "type": "Feature", "properties": { "name": "Mariyappanapalya", "highway": "bus_stop", "railway": null, "public_transport": "platform" }, "geometry": { "type": "Point", "coordinates": [ 77.5565015, 12.9984573 ] } },
{ "type": "Feature", "properties": { "name": "Sujatha Talkies", "highway": "bus_stop", "railway": null, "public_transport": "platform" }, "geometry": { "type": "Point", "coordinates": [ 77.5623339, 12.9827537 ] } },
{ "type": "Feature", "properties": { "name": "MD Block", "highway": "bus_stop", "railway": null, "public_transport": "platform" }, "geometry": { "type": "Point", "coordinates": [ 77.5700963, 12.99341 ] } },
{ "type": "Feature", "properties": { "name": "Central", "highway": "bus_stop", "railway": null, "public_transport": "platform" }, "geometry": { "type": "Point", "coordinates": [ 77.5720957, 12.9899872 ] } },
{ "type": "Feature", "properties": { "name": "RC College", "highway": "bus_stop", "railway": null, "public_transport": "platform" }, "geometry": { "type": "Point", "coordinates": [ 77.5868943, 12.9842458 ] } },
{ "type": "Feature", "properties": { "name": "RC College", "highway": "bus_stop", "railway": null, "public_transport": "platform" }, "geometry": { "type": "Point", "coordinates": [ 77.5870321, 12.984283 ] } },
{ "type": "Feature", "properties": { "name": "Chinnaswamy Stadium", "highway": "bus_stop", "railway": null, "public_transport": "platform" }, "geometry": { "type": "Point", "coordinates": [ 77.5981481, 12.9788437 ] } },
{ "type": "Feature", "properties": { "name": "Chinnaswamy Stadium", "highway": "bus_stop", "railway": null, "public_transport": "platform" }, "geometry": { "type": "Point", "coordinates": [ 77.5981783, 12.9787907 ] } },
{ "type": "Feature", "properties": { "name": "Corporation Circle (Cubbon Park)", "highway": "bus_stop", "railway": null, "public_transport": "platform" }, "geometry": { "type": "Point", "coordinates": [ 77.5894846, 12.9684037 ] } },
{ "type": "Feature", "properties": { "name": "Corporation Circle (Cubbon Park)", "highway": "bus_stop", "railway": null, "public_transport": "platform" }, "geometry": { "type": "Point", "coordinates": [ 77.5895771, 12.968473 ] } },
{ "type": "Feature", "properties": { "name": "Govardhan Talkies", "highway": "bus_stop", "railway": null, "public_transport": "platform" }, "geometry": { "type": "Point", "coordinates": [ 77.5536409, 13.0185208 ] } },
{ "type": "Feature", "properties": { "name": "Government Soap Factory", "highway": "bus_stop", "railway": null, "public_transport": "platform" }, "geometry": { "type": "Point", "coordinates": [ 77.5537127, 13.0133439 ] } },
{ "type": "Feature", "properties": { "name": "Mahalakshmi Layout Entrance", "highway": "bus_stop", "railway": null, "public_transport": "platform" }, "geometry": { "type": "Point", "coordinates": [ 77.5488572, 13.0091625 ] } },
{ "type": "Feature", "properties": { "name": "Mahalakshmi Layout Entrance", "highway": "bus_stop", "railway": null, "public_transport": "platform" }, "geometry": { "type": "Point", "coordinates": [ 77.548876, 13.0092409 ] } },
{ "type": "Feature", "properties": { "name": "Hebbala Bridge", "highway": "bus_stop", "railway": null, "public_transport": "platform" }, "geometry": { "type": "Point", "coordinates": [ 77.5848746, 13.0433016 ] } },
{ "type": "Feature", "properties": { "name": "Hebbala Bridge", "highway": "bus_stop", "railway": null, "public_transport": "platform" }, "geometry": { "type": "Point", "coordinates": [ 77.5846217, 13.0437052 ] } },
{ "type": "Feature", "properties": { "name": "Bhadrappa Layout", "highway": "bus_stop", "railway": null, "public_transport": "platform" }, "geometry": { "type": "Point", "coordinates": [ 77.5734584, 13.0470966 ] } },
{ "type": "Feature", "properties": { "name": "Goraguntepalya", "highway": "bus_stop", "railway": null, "public_transport": "platform" }, "geometry": { "type": "Point", "coordinates": [ 77.5401118, 13.0295068 ] } },
{ "type": "Feature", "properties": { "name": "Goraguntepalya", "highway": "bus_stop", "railway": null, "public_transport": "platform" }, "geometry": { "type": "Point", "coordinates": [ 77.5401252, 13.0296126 ] } },
{ "type": "Feature", "properties": { "name": "Goraguntepalya", "highway": "bus_stop", "railway": null, "public_transport": "platform" }, "geometry": { "type": "Point", "coordinates": [ 77.540144, 13.029708 ] } },
{ "type": "Feature", "properties": { "name": "Challaghatta", "highway": null, "railway": "station", "public_transport": "station" }, "geometry": { "type": "Point", "coordinates": [ 77.4612877, 12.8973539 ] } },
{ "type": "Feature", "properties": { "name": "Silk Institute", "highway": null, "railway": "station", "public_transport": "station" }, "geometry": { "type": "Point", "coordinates": [ 77.5299545, 12.8617298 ] } },
{ "type": "Feature", "properties": { "name": "Thalaghattapura", "highway": null, "railway": "station", "public_transport": "station" }, "geometry": { "type": "Point", "coordinates": [ 77.5383958, 12.8714097 ] } },
{ "type": "Feature", "properties": { "name": "Vajarahalli", "highway": null, "railway": "station", "public_transport": "station" }, "geometry": { "type": "Point", "coordinates": [ 77.5447414, 12.8774369 ] } },
{ "type": "Feature", "properties": { "name": "Doddakallasandra", "highway": null, "railway": "station", "public_transport": "station" }, "geometry": { "type": "Point", "coordinates": [ 77.5527546, 12.8846435 ] } },
{ "type": "Feature", "properties": { "name": "Konanakunte Cross", "highway": null, "railway": "station", "public_transport": "station" }, "geometry": { "type": "Point", "coordinates": [ 77.5626665, 12.8889671 ] } },
{ "type": "Feature", "properties": { "name": "Lalbagh West Gate, V V Puram", "highway": "bus_stop", "railway": null, "public_transport": "platform" }, "geometry": { "type": "Point", "coordinates": [ 77.5801089, 12.9474363 ] } },
{ "type": "Feature", "properties": { "name": "Lalbagh West Gate, V V Puram", "highway": "bus_stop", "railway": null, "public_transport": "platform" }, "geometry": { "type": "Point", "coordinates": [ 77.5801089, 12.9475069 ] } },
{ "type": "Feature", "properties": { "name": "Koramangala BDA Complex", "highway": "bus_stop", "railway": null, "public_transport": "platform" }, "geometry": { "type": "Point", "coordinates": [ 77.6225603, 12.9312249 ] } },
{ "type": "Feature", "properties": { "name": "Ejipura Junction", "highway": "bus_stop", "railway": null, "public_transport": "platform" }, "geometry": { "type": "Point", "coordinates": [ 77.6317924, 12.9384282 ] } },
{ "type": "Feature", "properties": { "name": "Embassy Golf Links", "highway": "bus_stop", "railway": null, "public_transport": "platform" }, "geometry": { "type": "Point", "coordinates": [ 77.6395482, 12.9508858 ] } },
{ "type": "Feature", "properties": { "name": "Embassy Golf Links", "highway": "bus_stop", "railway": null, "public_transport": "platform" }, "geometry": { "type": "Point", "coordinates": [ 77.6395817, 12.950946 ] } },
{ "type": "Feature", "properties": { "name": "Embassy Golf Links", "highway": "bus_stop", "railway": null, "public_transport": "platform" }, "geometry": { "type": "Point", "coordinates": [ 77.6396032, 12.9510113 ] } },
{ "type": "Feature", "properties": { "name": "Ejipura Junction", "highway": "bus_stop", "railway": null, "public_transport": "platform" }, "geometry": { "type": "Point", "coordinates": [ 77.6334634, 12.9386295 ] } },
{ "type": "Feature", "properties": { "name": "Adugodi Police Station", "highway": "bus_stop", "railway": null, "public_transport": "platform" }, "geometry": { "type": "Point", "coordinates": [ 77.6094872, 12.9399274 ] } },
{ "type": "Feature", "properties": { "name": "Big Bazaar", "highway": "bus_stop", "railway": null, "public_transport": "platform" }, "geometry": { "type": "Point", "coordinates": [ 77.731464, 12.9883342 ] } },
{ "type": "Feature", "properties": { "name": "Big Bazar", "highway": "bus_stop", "railway": null, "public_transport": "platform" }, "geometry": { "type": "Point", "coordinates": [ 77.7311874, 12.9882001 ] } },
{ "type": "Feature", "properties": { "name": "Vydehi Hospital", "highway": "bus_stop", "railway": null, "public_transport": "platform" }, "geometry": { "type": "Point", "coordinates": [ 77.7273265, 12.9768589 ] } },
{ "type": "Feature", "properties": { "name": "Passport Office", "highway": "bus_stop", "railway": null, "public_transport": "platform" }, "geometry": { "type": "Point", "coordinates": [ 77.6192189, 12.9455201 ] } },
{ "type": "Feature", "properties": { "name": "Marathahalli Bridge", "highway": "bus_stop", "railway": null, "public_transport": "platform" }, "geometry": { "type": "Point", "coordinates": [ 77.7013376, 12.9566237 ] } },
{ "type": "Feature", "properties": { "name": "Marathahalli Bridge", "highway": "bus_stop", "railway": null, "public_transport": "platform" }, "geometry": { "type": "Point", "coordinates": [ 77.700244, 12.954008 ] } },
{ "type": "Feature", "properties": { "name": "Brookfields", "highway": "bus_stop", "railway": null, "public_transport": "platform" }, "geometry": { "type": "Point", "coordinates": [ 77.7169748, 12.9673643 ] } },
{ "type": "Feature", "properties": { "name": "Bagmane Rio", "highway": "bus_stop", "railway": null, "public_transport": "platform" }, "geometry": { "type": "Point", "coordinates": [ 77.692626, 12.982724 ] } },
{ "type": "Feature", "properties": { "name": "Byappanahalli", "highway": "bus_stop", "railway": null, "public_transport": "platform" }, "geometry": { "type": "Point", "coordinates": [ 77.6541742, 12.9896869 ] } },
{ "type": "Feature", "properties": { "name": "Vydehi Hospital", "highway": "bus_stop", "railway": null, "public_transport": "platform" }, "geometry": { "type": "Point", "coordinates": [ 77.726735, 12.9763808 ] } },
{ "type": "Feature", "properties": { "name": "Channasandra", "highway": "bus_stop", "railway": null, "public_transport": "platform" }, "geometry": { "type": "Point", "coordinates": [ 77.7680183, 12.9832987 ] } },
{ "type": "Feature", "properties": { "name": "Hoodi Circle", "highway": "bus_stop", "railway": null, "public_transport": "platform" }, "geometry": { "type": "Point", "coordinates": [ 77.7164207, 12.992226 ] } },
{ "type": "Feature", "properties": { "name": "Sadahalli Gate", "highway": "bus_stop", "railway": null, "public_transport": "platform" }, "geometry": { "type": "Point", "coordinates": [ 77.6463852, 13.1906814 ] } },
{ "type": "Feature", "properties": { "name": "KR Puram Railway Station KIAS stop", "highway": "bus_stop", "railway": null, "public_transport": "platform" }, "geometry": { "type": "Point", "coordinates": [ 77.6760403, 13.0003547 ] } },
{ "type": "Feature", "properties": { "name": "Silk Board TTMC", "highway": "bus_stop", "railway": null, "public_transport": "platform" }, "geometry": { "type": "Point", "coordinates": [ 77.6231178, 12.9182691 ] } },
{ "type": "Feature", "properties": { "name": "GR Tech Park", "highway": "bus_stop", "railway": null, "public_transport": "platform" }, "geometry": { "type": "Point", "coordinates": [ 77.7440036, 12.9865383 ] } },
{ "type": "Feature", "properties": { "name": "Tin Factory", "highway": "bus_stop", "railway": null, "public_transport": "platform" }, "geometry": { "type": "Point", "coordinates": [ 77.6688503, 12.9971131 ] } },
{ "type": "Feature", "properties": { "name": null, "highway": "bus_stop", "railway": null, "public_transport": "platform" }, "geometry": { "type": "Point", "coordinates": [ 77.6995441, 12.9495193 ] } },
{ "type": "Feature", "properties": { "name": "Railway Station, Majestic", "highway": "bus_stop", "railway": null, "public_transport": "platform" }, "geometry": { "type": "Point", "coordinates": [ 77.5707681, 12.9775068 ] } },
{ "type": "Feature", "properties": { "name": "Richmond Circle", "highway": "bus_stop", "railway": null, "public_transport": "platform" }, "geometry": { "type": "Point", "coordinates": [ 77.6042277, 12.9657401 ] } },
{ "type": "Feature", "properties": { "name": "TB Kalyana Mandapa", "highway": "bus_stop", "railway": null, "public_transport": "platform" }, "geometry": { "type": "Point", "coordinates": [ 77.6894136, 12.9884767 ] } },
{ "type": "Feature", "properties": { "name": "Kempapura Bus Stop", "highway": "bus_stop", "railway": null, "public_transport": "platform" }, "geometry": { "type": "Point", "coordinates": [ 77.6040949, 13.0514088 ] } },
{ "type": "Feature", "properties": { "name": "Dr. bR Amedkar Circle Billapura Gate", "highway": "bus_stop", "railway": null, "public_transport": null }, "geometry": { "type": "Point", "coordinates": [ 77.7849694, 12.8348763 ] } },
{ "type": "Feature", "properties": { "name": "Yeshwanthpura Circle", "highway": "bus_stop", "railway": null, "public_transport": "platform" }, "geometry": { "type": "Point", "coordinates": [ 77.5586238, 13.0170646 ] } },
{ "type": "Feature", "properties": { "name": "Mysore Lamps", "highway": "bus_stop", "railway": null, "public_transport": "platform" }, "geometry": { "type": "Point", "coordinates": [ 77.5608712, 13.0131142 ] } },
{ "type": "Feature", "properties": { "name": "Ambedkar Nagara", "highway": "bus_stop", "railway": null, "public_transport": "platform" }, "geometry": { "type": "Point", "coordinates": [ 77.7513099, 12.9777529 ] } },
{ "type": "Feature", "properties": { "name": "Kundalahalli Gate", "highway": "bus_stop", "railway": null, "public_transport": "platform" }, "geometry": { "type": "Point", "coordinates": [ 77.7165455, 12.9558725 ] } },
{ "type": "Feature", "properties": { "name": "Forum Mall", "highway": "bus_stop", "railway": null, "public_transport": "platform" }, "geometry": { "type": "Point", "coordinates": [ 77.7468792, 12.9599565 ] } },
{ "type": "Feature", "properties": { "name": "Hosur Junction", "highway": "bus_stop", "railway": null, "public_transport": "platform" }, "geometry": { "type": "Point", "coordinates": [ 77.6133272, 12.9323224 ] } },
{ "type": "Feature", "properties": { "name": "Adugodi", "highway": "bus_stop", "railway": null, "public_transport": "platform" }, "geometry": { "type": "Point", "coordinates": [ 77.6075165, 12.9447421 ] } },
{ "type": "Feature", "properties": { "name": "Ayappa Temple", "highway": "bus_stop", "railway": null, "public_transport": "platform" }, "geometry": { "type": "Point", "coordinates": [ 77.6173123, 12.9260627 ] } },
{ "type": "Feature", "properties": { "name": "St. John's Hospital", "highway": "bus_stop", "railway": null, "public_transport": "platform" }, "geometry": { "type": "Point", "coordinates": [ 77.6156476, 12.9289585 ] } },
{ "type": "Feature", "properties": { "name": "Madiwala", "highway": "bus_stop", "railway": null, "public_transport": "platform" }, "geometry": { "type": "Point", "coordinates": [ 77.6207639, 12.9205403 ] } },
{ "type": "Feature", "properties": { "name": "State Bank of India", "highway": "bus_stop", "railway": null, "public_transport": "platform" }, "geometry": { "type": "Point", "coordinates": [ 77.6648625, 12.8453804 ] } },
{ "type": "Feature", "properties": { "name": "BHEL", "highway": "bus_stop", "railway": null, "public_transport": "platform" }, "geometry": { "type": "Point", "coordinates": [ 77.6603155, 12.8448107 ] } },
{ "type": "Feature", "properties": { "name": "Wipro Gate", "highway": "bus_stop", "railway": null, "public_transport": "platform" }, "geometry": { "type": "Point", "coordinates": [ 77.6595579, 12.8392965 ] } },
{ "type": "Feature", "properties": { "name": null, "highway": "bus_stop", "railway": null, "public_transport": "platform" }, "geometry": { "type": "Point", "coordinates": [ 77.7079526, 12.9855003 ] } },
{ "type": "Feature", "properties": { "name": "Shantinikethan", "highway": "bus_stop", "railway": null, "public_transport": "platform" }, "geometry": { "type": "Point", "coordinates": [ 77.728393, 12.9886717 ] } },
{ "type": "Feature", "properties": { "name": "Industrial Area Rajajiangara", "highway": "bus_stop", "railway": null, "public_transport": "platform" }, "geometry": { "type": "Point", "coordinates": [ 77.5491191, 12.9814851 ] } },
{ "type": "Feature", "properties": { "name": "Prestige Technostar", "highway": "bus_stop", "railway": null, "public_transport": "platform" }, "geometry": { "type": "Point", "coordinates": [ 77.7112291, 12.9733224 ] } },
{ "type": "Feature", "properties": { "name": "Koramanagala BDA Complex", "highway": "bus_stop", "railway": null, "public_transport": "platform" }, "geometry": { "type": "Point", "coordinates": [ 77.6222207, 12.9310071 ] } },
{ "type": "Feature", "properties": { "name": "Koramanagala BDA Complex", "highway": "bus_stop", "railway": null, "public_transport": "platform" }, "geometry": { "type": "Point", "coordinates": [ 77.6221866, 12.9309406 ] } },
{ "type": "Feature", "properties": { "name": "Domlur Bridge", "highway": "bus_stop", "railway": null, "public_transport": "platform" }, "geometry": { "type": "Point", "coordinates": [ 77.6414602, 12.9579831 ] } },
{ "type": "Feature", "properties": { "name": "Jyoti Nivas College", "highway": "bus_stop", "railway": null, "public_transport": "platform" }, "geometry": { "type": "Point", "coordinates": [ 77.6142374, 12.9352234 ] } },
{ "type": "Feature", "properties": { "name": "Koramangala Kalyana Mantapa", "highway": "bus_stop", "railway": null, "public_transport": "platform" }, "geometry": { "type": "Point", "coordinates": [ 77.6186183, 12.9375522 ] } },
{ "type": "Feature", "properties": { "name": null, "highway": "bus_stop", "railway": null, "public_transport": "platform" }, "geometry": { "type": "Point", "coordinates": [ 77.6231945, 12.9421933 ] } },
{ "type": "Feature", "properties": { "name": "Electric B Station", "highway": "bus_stop", "railway": null, "public_transport": "platform" }, "geometry": { "type": "Point", "coordinates": [ 77.6140566, 12.9739504 ] } },
{ "type": "Feature", "properties": { "name": "Agara", "highway": "bus_stop", "railway": null, "public_transport": "platform" }, "geometry": { "type": "Point", "coordinates": [ 77.6472169, 12.9241053 ] } },
{ "type": "Feature", "properties": { "name": "Sampangiram Nagara", "highway": "bus_stop", "railway": null, "public_transport": "platform" }, "geometry": { "type": "Point", "coordinates": [ 77.5861467, 12.8254804 ] } },
{ "type": "Feature", "properties": { "name": null, "highway": "bus_stop", "railway": null, "public_transport": "platform" }, "geometry": { "type": "Point", "coordinates": [ 77.5808351, 12.8137212 ] } },
{ "type": "Feature", "properties": { "name": "Nagaravale", "highway": "bus_stop", "railway": null, "public_transport": "platform" }, "geometry": { "type": "Point", "coordinates": [ 77.4964908, 12.9991701 ] } },
{ "type": "Feature", "properties": { "name": "Huskuru", "highway": null, "railway": "halt", "public_transport": null }, "geometry": { "type": "Point", "coordinates": [ 77.7104562, 12.8598841 ] } },
{ "type": "Feature", "properties": { "name": "Doddajala", "highway": null, "railway": "halt", "public_transport": "halt" }, "geometry": { "type": "Point", "coordinates": [ 77.6409183, 13.1806713 ] } },
{ "type": "Feature", "properties": { "name": "ESI Hospital (towards Vijayanagara)", "highway": "bus_stop", "railway": null, "public_transport": "platform" }, "geometry": { "type": "Point", "coordinates": [ 77.5506448, 12.9896917 ] } },
{ "type": "Feature", "properties": { "name": "Fun World Munireddypalya", "highway": "bus_stop", "railway": null, "public_transport": "platform" }, "geometry": { "type": "Point", "coordinates": [ 77.589905, 13.0109351 ] } },
{ "type": "Feature", "properties": { "name": "Fun World Munireddypalya", "highway": "bus_stop", "railway": null, "public_transport": "platform" }, "geometry": { "type": "Point", "coordinates": [ 77.5898822, 13.0109716 ] } },
{ "type": "Feature", "properties": { "name": "Fun World Munireddypalya", "highway": "bus_stop", "railway": null, "public_transport": "platform" }, "geometry": { "type": "Point", "coordinates": [ 77.5898615, 13.0110069 ] } },
{ "type": "Feature", "properties": { "name": "Sarjapura Road Junction", "highway": "bus_stop", "railway": null, "public_transport": "platform" }, "geometry": { "type": "Point", "coordinates": [ 77.6657012, 12.9204518 ] } },
{ "type": "Feature", "properties": { "name": "Halasuru", "highway": "bus_stop", "railway": null, "public_transport": "platform" }, "geometry": { "type": "Point", "coordinates": [ 77.6279305, 12.977681 ] } },
{ "type": "Feature", "properties": { "name": "Command Hospital", "highway": "bus_stop", "railway": null, "public_transport": "platform" }, "geometry": { "type": "Point", "coordinates": [ 77.6262034, 12.9640877 ] } },
{ "type": "Feature", "properties": { "name": "Command Hospital", "highway": "bus_stop", "railway": null, "public_transport": "platform" }, "geometry": { "type": "Point", "coordinates": [ 77.6257739, 12.9644573 ] } },
{ "type": "Feature", "properties": { "name": "Lido Talkies", "highway": "bus_stop", "railway": null, "public_transport": "platform" }, "geometry": { "type": "Point", "coordinates": [ 77.6215247, 12.9728157 ] } },
{ "type": "Feature", "properties": { "name": "Lido Talkies", "highway": "bus_stop", "railway": null, "public_transport": "platform" }, "geometry": { "type": "Point", "coordinates": [ 77.6214901, 12.9728007 ] } },
{ "type": "Feature", "properties": { "name": "Lido Talkies", "highway": "bus_stop", "railway": null, "public_transport": "platform" }, "geometry": { "type": "Point", "coordinates": [ 77.621415, 12.9727903 ] } },
{ "type": "Feature", "properties": { "name": "Trinity Circle", "highway": "bus_stop", "railway": null, "public_transport": "platform" }, "geometry": { "type": "Point", "coordinates": [ 77.6197325, 12.9707267 ] } },
{ "type": "Feature", "properties": { "name": "Trinity Circle", "highway": "bus_stop", "railway": null, "public_transport": "platform" }, "geometry": { "type": "Point", "coordinates": [ 77.6197178, 12.9708156 ] } },
{ "type": "Feature", "properties": { "name": "Nanda Talkies", "highway": "bus_stop", "railway": null, "public_transport": "platform" }, "geometry": { "type": "Point", "coordinates": [ 77.5802162, 12.9325103 ] } },
{ "type": "Feature", "properties": { "name": "Koramangala Police Station", "highway": "bus_stop", "railway": null, "public_transport": "platform" }, "geometry": { "type": "Point", "coordinates": [ 77.6209247, 12.9410235 ] } },
{ "type": "Feature", "properties": { "name": "Koramangala Forum Mall", "highway": "bus_stop", "railway": null, "public_transport": "platform" }, "geometry": { "type": "Point", "coordinates": [ 77.6117987, 12.9352222 ] } },
{ "type": "Feature", "properties": { "name": "MICO Gate", "highway": "bus_stop", "railway": null, "public_transport": "platform" }, "geometry": { "type": "Point", "coordinates": [ 77.6029896, 12.9444688 ] } },
{ "type": "Feature", "properties": { "name": null, "highway": "bus_stop", "railway": null, "public_transport": "platform" }, "geometry": { "type": "Point", "coordinates": [ 77.7462602, 12.9588934 ] } },
{ "type": "Feature", "properties": { "name": "ESI Hospital Rajajinagara (Towards Navarang)", "highway": "bus_stop", "railway": null, "public_transport": "platform" }, "geometry": { "type": "Point", "coordinates": [ 77.5524849, 12.9912355 ] } },
{ "type": "Feature", "properties": { "name": "ESI Hospital Rajajinagara (Towards Old Police Station)", "highway": "bus_stop", "railway": null, "public_transport": "platform" }, "geometry": { "type": "Point", "coordinates": [ 77.5525774, 12.9913688 ] } },
{ "type": "Feature", "properties": { "name": "ESI Hospital Rajajinagara (Towards Old Police Station)", "highway": "bus_stop", "railway": null, "public_transport": "platform" }, "geometry": { "type": "Point", "coordinates": [ 77.5525834, 12.9914884 ] } },
{ "type": "Feature", "properties": { "name": "ESI Hospital Rajajinagara (Towards Old Police Station)", "highway": "bus_stop", "railway": null, "public_transport": "platform" }, "geometry": { "type": "Point", "coordinates": [ 77.5525848, 12.9916158 ] } },
{ "type": "Feature", "properties": { "name": "MG Statue", "highway": "bus_stop", "railway": null, "public_transport": "platform" }, "geometry": { "type": "Point", "coordinates": [ 77.6000646, 12.9767481 ] } },
{ "type": "Feature", "properties": { "name": "Wipro Park", "highway": "bus_stop", "railway": null, "public_transport": "platform" }, "geometry": { "type": "Point", "coordinates": [ 77.6332998, 12.9287689 ] } },
{ "type": "Feature", "properties": { "name": "Koramangala CPWD Quarters", "highway": "bus_stop", "railway": null, "public_transport": "platform" }, "geometry": { "type": "Point", "coordinates": [ 77.6247141, 12.9261318 ] } },
{ "type": "Feature", "properties": { "name": "Depot 6 Gate", "highway": "bus_stop", "railway": null, "public_transport": "platform" }, "geometry": { "type": "Point", "coordinates": [ 77.6348111, 12.9824401 ] } },
{ "type": "Feature", "properties": { "name": "Johnson Market", "highway": "bus_stop", "railway": null, "public_transport": "platform" }, "geometry": { "type": "Point", "coordinates": [ 77.6066702, 12.9632852 ] } },
{ "type": "Feature", "properties": { "name": "Forum Mall", "highway": "bus_stop", "railway": null, "public_transport": "platform" }, "geometry": { "type": "Point", "coordinates": [ 77.7472087, 12.9601225 ] } },
{ "type": "Feature", "properties": { "name": "Jaraganahalli", "highway": "bus_stop", "railway": null, "public_transport": "platform" }, "geometry": { "type": "Point", "coordinates": [ 77.5728931, 12.9001606 ] } },
{ "type": "Feature", "properties": { "name": "Jaraganahalli", "highway": "bus_stop", "railway": null, "public_transport": "platform" }, "geometry": { "type": "Point", "coordinates": [ 77.5728831, 12.9001207 ] } },
{ "type": "Feature", "properties": { "name": "Vydehi TTMC KIA Bus Stop", "highway": "bus_stop", "railway": null, "public_transport": "platform" }, "geometry": { "type": "Point", "coordinates": [ 77.7268482, 12.9769416 ] } },
{ "type": "Feature", "properties": { "name": "Malleshwaram 15th Cross", "highway": "bus_stop", "railway": null, "public_transport": "platform" }, "geometry": { "type": "Point", "coordinates": [ 77.5711666, 13.0050199 ] } },
{ "type": "Feature", "properties": { "name": "Inter Terminal Shuttle", "highway": "bus_stop", "railway": null, "public_transport": null }, "geometry": { "type": "Point", "coordinates": [ 77.70883, 13.1996643 ] } },
{ "type": "Feature", "properties": { "name": "Airport Shuttle for T1", "highway": "bus_stop", "railway": null, "public_transport": null }, "geometry": { "type": "Point", "coordinates": [ 77.7153135, 13.1988104 ] } },
{ "type": "Feature", "properties": { "name": "Budigere Cross", "highway": "bus_stop", "railway": null, "public_transport": "platform" }, "geometry": { "type": "Point", "coordinates": [ 77.7504582, 13.0464988 ] } },
{ "type": "Feature", "properties": { "name": "Grind Well", "highway": "bus_stop", "railway": null, "public_transport": "platform" }, "geometry": { "type": "Point", "coordinates": [ 77.7403394, 13.0628297 ] } },
{ "type": "Feature", "properties": { "name": "K Narayanapura", "highway": "bus_stop", "railway": null, "public_transport": "platform" }, "geometry": { "type": "Point", "coordinates": [ 77.642194, 13.0624591 ] } },
{ "type": "Feature", "properties": { "name": "Kalyan Nagar Junction", "highway": "bus_stop", "railway": null, "public_transport": "platform" }, "geometry": { "type": "Point", "coordinates": [ 77.6372019, 13.0265031 ] } },
{ "type": "Feature", "properties": { "name": "Adugodi (Towards St. Johns)", "highway": "bus_stop", "railway": null, "public_transport": "platform" }, "geometry": { "type": "Point", "coordinates": [ 77.6074256, 12.9440865 ] } },
{ "type": "Feature", "properties": { "name": "Sampigehalli", "highway": "bus_stop", "railway": null, "public_transport": "platform" }, "geometry": { "type": "Point", "coordinates": [ 77.5788932, 12.8056182 ] } },
{ "type": "Feature", "properties": { "name": "Ryan International School", "highway": "bus_stop", "railway": null, "public_transport": "platform" }, "geometry": { "type": "Point", "coordinates": [ 77.5845714, 12.8191468 ] } },
{ "type": "Feature", "properties": { "name": "Kalkere", "highway": "bus_stop", "railway": null, "public_transport": "platform" }, "geometry": { "type": "Point", "coordinates": [ 77.5889897, 12.8328087 ] } },
{ "type": "Feature", "properties": { "name": "Tulip Resort Cross", "highway": "bus_stop", "railway": null, "public_transport": "platform" }, "geometry": { "type": "Point", "coordinates": [ 77.5890794, 12.8345567 ] } },
{ "type": "Feature", "properties": { "name": "Koli Farm Gate", "highway": "bus_stop", "railway": null, "public_transport": "platform" }, "geometry": { "type": "Point", "coordinates": [ 77.5884758, 12.841319 ] } },
{ "type": "Feature", "properties": { "name": "Basavanapura Gate", "highway": "bus_stop", "railway": null, "public_transport": "platform" }, "geometry": { "type": "Point", "coordinates": [ 77.5880729, 12.8461791 ] } },
{ "type": "Feature", "properties": { "name": "Gottigere", "highway": "bus_stop", "railway": null, "public_transport": "platform" }, "geometry": { "type": "Point", "coordinates": [ 77.5888492, 12.8568559 ] } },
{ "type": "Feature", "properties": { "name": "Himagiri", "highway": "bus_stop", "railway": null, "public_transport": "platform" }, "geometry": { "type": "Point", "coordinates": [ 77.5905278, 12.8625695 ] } },
{ "type": "Feature", "properties": { "name": "Kalena Agrahara", "highway": "bus_stop", "railway": null, "public_transport": "platform" }, "geometry": { "type": "Point", "coordinates": [ 77.5917508, 12.8661194 ] } },
{ "type": "Feature", "properties": { "name": "Meenakshi Temple", "highway": "bus_stop", "railway": null, "public_transport": "platform" }, "geometry": { "type": "Point", "coordinates": [ 77.5943862, 12.8740279 ] } },
{ "type": "Feature", "properties": { "name": "Loyola School", "highway": "bus_stop", "railway": null, "public_transport": "platform" }, "geometry": { "type": "Point", "coordinates": [ 77.593153, 12.8703356 ] } },
{ "type": "Feature", "properties": { "name": "IIM Apollo", "highway": "bus_stop", "railway": null, "public_transport": "platform" }, "geometry": { "type": "Point", "coordinates": [ 77.5995958, 12.8959986 ] } },
{ "type": "Feature", "properties": { "name": "MICO Layout Checkpost", "highway": "bus_stop", "railway": null, "public_transport": "platform" }, "geometry": { "type": "Point", "coordinates": [ 77.5997922, 12.9134835 ] } },
{ "type": "Feature", "properties": { "name": "Gurappanapalya", "highway": "bus_stop", "railway": null, "public_transport": "platform" }, "geometry": { "type": "Point", "coordinates": [ 77.5999265, 12.919549 ] } },
{ "type": "Feature", "properties": { "name": "Sanjay Nagara", "highway": "bus_stop", "railway": null, "public_transport": "platform" }, "geometry": { "type": "Point", "coordinates": [ 77.5758966, 13.0337293 ] } },
{ "type": "Feature", "properties": { "name": "Ashwath Nagar", "highway": "bus_stop", "railway": null, "public_transport": "platform" }, "geometry": { "type": "Point", "coordinates": [ 77.5802122, 13.0265095 ] } },
{ "type": "Feature", "properties": { "name": null, "highway": "bus_stop", "railway": null, "public_transport": "platform" }, "geometry": { "type": "Point", "coordinates": [ 77.582313, 13.0247959 ] } },
{ "type": "Feature", "properties": { "name": null, "highway": "bus_stop", "railway": null, "public_transport": "platform" }, "geometry": { "type": "Point", "coordinates": [ 77.5988965, 12.9842075 ] } },
{ "type": "Feature", "properties": { "name": "Veerabhadra Nagara", "highway": "bus_stop", "railway": null, "public_transport": "platform" }, "geometry": { "type": "Point", "coordinates": [ 77.5338279, 12.9380763 ] } },
{ "type": "Feature", "properties": { "name": "Sangam Circle", "highway": "bus_stop", "railway": null, "public_transport": "platform" }, "geometry": { "type": "Point", "coordinates": [ 77.5786109, 12.9170622 ] } },
{ "type": "Feature", "properties": { "name": "Agara", "highway": "bus_stop", "railway": null, "public_transport": "platform" }, "geometry": { "type": "Point", "coordinates": [ 77.6505625, 12.9241914 ] } },
{ "type": "Feature", "properties": { "name": "Mylanahalli", "highway": "bus_stop", "railway": null, "public_transport": "platform" }, "geometry": { "type": "Point", "coordinates": [ 77.6960447, 13.1839532 ] } },
{ "type": "Feature", "properties": { "name": "Nelamangala KSRTC Bus Stand", "highway": "bus_stop", "railway": null, "public_transport": "platform" }, "geometry": { "type": "Point", "coordinates": [ 77.393962, 13.0982336 ] } },
{ "type": "Feature", "properties": { "name": "Jalahalli KSRTC Stop", "highway": "bus_stop", "railway": null, "public_transport": "platform" }, "geometry": { "type": "Point", "coordinates": [ 77.5186045, 13.0400545 ] } },
{ "type": "Feature", "properties": { "name": "NR Colony", "highway": "bus_stop", "railway": null, "public_transport": "platform" }, "geometry": { "type": "Point", "coordinates": [ 77.569651, 12.9378701 ] } },
{ "type": "Feature", "properties": { "name": "Mandooru", "highway": "bus_stop", "railway": null, "public_transport": "platform" }, "geometry": { "type": "Point", "coordinates": [ 77.7387486, 13.0820076 ] } },
{ "type": "Feature", "properties": { "name": "Kadayarppanhalli", "highway": "bus_stop", "railway": null, "public_transport": null }, "geometry": { "type": "Point", "coordinates": [ 77.7052845, 13.1841123 ] } },
{ "type": "Feature", "properties": { "name": "Chikkanahalli (Towards Beguru)", "highway": "bus_stop", "railway": null, "public_transport": "platform" }, "geometry": { "type": "Point", "coordinates": [ 77.6890032, 13.1837998 ] } },
{ "type": "Feature", "properties": { "name": "Beguru", "highway": "bus_stop", "railway": null, "public_transport": "platform" }, "geometry": { "type": "Point", "coordinates": [ 77.6811451, 13.1836643 ] } },
{ "type": "Feature", "properties": { "name": "Corporation", "highway": "bus_stop", "railway": null, "public_transport": "platform" }, "geometry": { "type": "Point", "coordinates": [ 77.586453, 12.9685514 ] } },
{ "type": "Feature", "properties": { "name": "Central", "highway": "bus_stop", "railway": null, "public_transport": "platform" }, "geometry": { "type": "Point", "coordinates": [ 77.5717351, 12.9898987 ] } },
{ "type": "Feature", "properties": { "name": "Manjunatha Nagara", "highway": "bus_stop", "railway": null, "public_transport": "platform" }, "geometry": { "type": "Point", "coordinates": [ 77.5507884, 12.9957981 ] } },
{ "type": "Feature", "properties": { "name": "Manjunatha Nagara", "highway": "bus_stop", "railway": null, "public_transport": "platform" }, "geometry": { "type": "Point", "coordinates": [ 77.5507636, 12.9958909 ] } },
{ "type": "Feature", "properties": { "name": "Ragigudda", "highway": "bus_stop", "railway": null, "public_transport": "platform" }, "geometry": { "type": "Point", "coordinates": [ 77.593805, 12.9167837 ] } },
{ "type": "Feature", "properties": { "name": "Jayanagar 5th Block", "highway": "bus_stop", "railway": null, "public_transport": "platform" }, "geometry": { "type": "Point", "coordinates": [ 77.5850797, 12.917202 ] } },
{ "type": "Feature", "properties": { "name": "7th Cross Wilson Garden", "highway": "bus_stop", "railway": null, "public_transport": "platform" }, "geometry": { "type": "Point", "coordinates": [ 77.594381, 12.9470023 ] } },
{ "type": "Feature", "properties": { "name": "NIMHANS Hospital", "highway": "bus_stop", "railway": null, "public_transport": "platform" }, "geometry": { "type": "Point", "coordinates": [ 77.5982333, 12.9387406 ] } },
{ "type": "Feature", "properties": { "name": "Kudremukha Colony", "highway": "bus_stop", "railway": null, "public_transport": "platform" }, "geometry": { "type": "Point", "coordinates": [ 77.625335, 12.9256044 ] } },
{ "type": "Feature", "properties": { "name": "HSR Police Station", "highway": "bus_stop", "railway": null, "public_transport": "platform" }, "geometry": { "type": "Point", "coordinates": [ 77.6515015, 12.919997 ] } },
{ "type": "Feature", "properties": { "name": "CPWD Quarters HSR Layout", "highway": "bus_stop", "railway": null, "public_transport": "platform" }, "geometry": { "type": "Point", "coordinates": [ 77.6517132, 12.9153354 ] } },
{ "type": "Feature", "properties": { "name": "NIFT College", "highway": "bus_stop", "railway": null, "public_transport": "platform" }, "geometry": { "type": "Point", "coordinates": [ 77.6518212, 12.9117472 ] } },
{ "type": "Feature", "properties": { "name": "Parangipalya Cross", "highway": "bus_stop", "railway": null, "public_transport": "platform" }, "geometry": { "type": "Point", "coordinates": [ 77.6517481, 12.9082426 ] } },
{ "type": "Feature", "properties": { "name": "SVR College", "highway": "bus_stop", "railway": null, "public_transport": "platform" }, "geometry": { "type": "Point", "coordinates": [ 77.6505236, 12.9023182 ] } },
{ "type": "Feature", "properties": { "name": "Somasundarapalya", "highway": "bus_stop", "railway": null, "public_transport": "platform" }, "geometry": { "type": "Point", "coordinates": [ 77.6512063, 12.8987938 ] } },
{ "type": "Feature", "properties": { "name": "Kudremukha Colony", "highway": "bus_stop", "railway": null, "public_transport": "platform" }, "geometry": { "type": "Point", "coordinates": [ 77.6252751, 12.9258857 ] } },
{ "type": "Feature", "properties": { "name": "Sony World Signal", "highway": "bus_stop", "railway": null, "public_transport": "platform" }, "geometry": { "type": "Point", "coordinates": [ 77.6266777, 12.9369597 ] } },
{ "type": "Feature", "properties": { "name": "Ejipura Junction", "highway": "bus_stop", "railway": null, "public_transport": "platform" }, "geometry": { "type": "Point", "coordinates": [ 77.63313, 12.9383886 ] } },
{ "type": "Feature", "properties": { "name": "Military Bridge", "highway": "bus_stop", "railway": null, "public_transport": "platform" }, "geometry": { "type": "Point", "coordinates": [ 77.6401558, 12.9459132 ] } },
{ "type": "Feature", "properties": { "name": "Kodihalli", "highway": "bus_stop", "railway": null, "public_transport": "platform" }, "geometry": { "type": "Point", "coordinates": [ 77.649596, 12.9686413 ] } },
{ "type": "Feature", "properties": { "name": "Canara Bank", "highway": "bus_stop", "railway": null, "public_transport": "platform" }, "geometry": { "type": "Point", "coordinates": [ 77.6238229, 12.9347192 ] } },
{ "type": "Feature", "properties": { "name": "Sangam Circle", "highway": "bus_stop", "railway": null, "public_transport": "platform" }, "geometry": { "type": "Point", "coordinates": [ 77.578978, 12.9172836 ] } },
{ "type": "Feature", "properties": { "name": "Silk Board", "highway": "bus_stop", "railway": null, "public_transport": "platform" }, "geometry": { "type": "Point", "coordinates": [ 77.6223209, 12.9170295 ] } },
{ "type": "Feature", "properties": { "name": "Silk Board", "highway": "bus_stop", "railway": null, "public_transport": "platform" }, "geometry": { "type": "Point", "coordinates": [ 77.6223685, 12.9168164 ] } },
{ "type": "Feature", "properties": { "name": "Silk Board", "highway": "bus_stop", "railway": null, "public_transport": "platform" }, "geometry": { "type": "Point", "coordinates": [ 77.6222833, 12.9168583 ] } },
{ "type": "Feature", "properties": { "name": "Passport Office", "highway": "bus_stop", "railway": null, "public_transport": "platform" }, "geometry": { "type": "Point", "coordinates": [ 77.6199116, 12.9447935 ] } },
{ "type": "Feature", "properties": { "name": "Sowdamini Kalyana Mantapa", "highway": "bus_stop", "railway": null, "public_transport": "platform" }, "geometry": { "type": "Point", "coordinates": [ 77.5666087, 12.8838461 ] } },
{ "type": "Feature", "properties": { "name": "Kenchenahalli Gate", "highway": "bus_stop", "railway": null, "public_transport": "platform" }, "geometry": { "type": "Point", "coordinates": [ 77.5777231, 13.1180494 ] } },
{ "type": "Feature", "properties": { "name": "Gurappanapalya", "highway": "bus_stop", "railway": null, "public_transport": "platform" }, "geometry": { "type": "Point", "coordinates": [ 77.6004538, 12.9238132 ] } },
{ "type": "Feature", "properties": { "name": "Marenahalli", "highway": "bus_stop", "railway": null, "public_transport": "platform" }, "geometry": { "type": "Point", "coordinates": [ 77.5858783, 12.9147486 ] } },
{ "type": "Feature", "properties": { "name": "Dattatreya Temple", "highway": "bus_stop", "railway": null, "public_transport": "platform" }, "geometry": { "type": "Point", "coordinates": [ 77.5749544, 12.998912 ] } },
{ "type": "Feature", "properties": { "name": "15th Cross Malleshwaram", "highway": "bus_stop", "railway": null, "public_transport": "platform" }, "geometry": { "type": "Point", "coordinates": [ 77.5643751, 13.0070274 ] } },
{ "type": "Feature", "properties": { "name": "Bamboo Bazar", "highway": "bus_stop", "railway": null, "public_transport": "platform" }, "geometry": { "type": "Point", "coordinates": [ 77.6020497, 12.9918628 ] } },
{ "type": "Feature", "properties": { "name": "Coles Park", "highway": "bus_stop", "railway": null, "public_transport": "platform" }, "geometry": { "type": "Point", "coordinates": [ 77.6082784, 12.9951999 ] } },
{ "type": "Feature", "properties": { "name": "Ali Asker Road", "highway": "bus_stop", "railway": null, "public_transport": "platform" }, "geometry": { "type": "Point", "coordinates": [ 77.5928213, 12.9844166 ] } },
{ "type": "Feature", "properties": { "name": "St. Anne's College", "highway": "bus_stop", "railway": null, "public_transport": "platform" }, "geometry": { "type": "Point", "coordinates": [ 77.5907137, 12.9869146 ] } },
{ "type": "Feature", "properties": { "name": "Kalpana Circle", "highway": "bus_stop", "railway": null, "public_transport": "platform" }, "geometry": { "type": "Point", "coordinates": [ 77.5926945, 12.9894093 ] } },
{ "type": "Feature", "properties": { "name": "Mount Carmel College", "highway": "bus_stop", "railway": null, "public_transport": "platform" }, "geometry": { "type": "Point", "coordinates": [ 77.5888342, 12.9927997 ] } },
{ "type": "Feature", "properties": { "name": "Chandrika Hotel", "highway": "bus_stop", "railway": null, "public_transport": "platform" }, "geometry": { "type": "Point", "coordinates": [ 77.5928821, 12.9894774 ] } },
{ "type": "Feature", "properties": { "name": "Cubbon Park Metro Station", "highway": "bus_stop", "railway": null, "public_transport": "platform" }, "geometry": { "type": "Point", "coordinates": [ 77.5984117, 12.9807412 ] } },
{ "type": "Feature", "properties": { "name": "27th Main", "highway": "bus_stop", "railway": null, "public_transport": "platform" }, "geometry": { "type": "Point", "coordinates": [ 77.6515362, 12.9230934 ] } },
{ "type": "Feature", "properties": { "name": "NIFT", "highway": "bus_stop", "railway": null, "public_transport": "platform" }, "geometry": { "type": "Point", "coordinates": [ 77.6517813, 12.9122064 ] } },
{ "type": "Feature", "properties": { "name": "KEB", "highway": "bus_stop", "railway": null, "public_transport": "platform" }, "geometry": { "type": "Point", "coordinates": [ 77.6491812, 12.9119668 ] } },
{ "type": "Feature", "properties": { "name": null, "highway": "bus_stop", "railway": null, "public_transport": "platform" }, "geometry": { "type": "Point", "coordinates": [ 77.6458767, 12.9090465 ] } },
{ "type": "Feature", "properties": { "name": "HSR Club", "highway": "bus_stop", "railway": null, "public_transport": "platform" }, "geometry": { "type": "Point", "coordinates": [ 77.6423818, 12.9092648 ] } },
{ "type": "Feature", "properties": { "name": null, "highway": "bus_stop", "railway": null, "public_transport": "platform" }, "geometry": { "type": "Point", "coordinates": [ 77.6379937, 12.908987 ] } },
{ "type": "Feature", "properties": { "name": "Mangammanapalya", "highway": "bus_stop", "railway": null, "public_transport": "platform" }, "geometry": { "type": "Point", "coordinates": [ 77.6350312, 12.9075288 ] } },
{ "type": "Feature", "properties": { "name": "Salarpuria Serenity", "highway": "bus_stop", "railway": null, "public_transport": "platform" }, "geometry": { "type": "Point", "coordinates": [ 77.6326279, 12.906917 ] } },
{ "type": "Feature", "properties": { "name": "5th Main", "highway": "bus_stop", "railway": null, "public_transport": "platform" }, "geometry": { "type": "Point", "coordinates": [ 77.6325233, 12.910572 ] } },
{ "type": "Feature", "properties": { "name": "9th Main", "highway": "bus_stop", "railway": null, "public_transport": "platform" }, "geometry": { "type": "Point", "coordinates": [ 77.6351291, 12.9123524 ] } },
{ "type": "Feature", "properties": { "name": "14th Main Road", "highway": "bus_stop", "railway": null, "public_transport": "platform" }, "geometry": { "type": "Point", "coordinates": [ 77.6378529, 12.9122452 ] } },
{ "type": "Feature", "properties": { "name": null, "highway": "bus_stop", "railway": null, "public_transport": "platform" }, "geometry": { "type": "Point", "coordinates": [ 77.6417902, 12.911938 ] } },
{ "type": "Feature", "properties": { "name": "19th Main", "highway": "bus_stop", "railway": null, "public_transport": "platform" }, "geometry": { "type": "Point", "coordinates": [ 77.6446939, 12.9123687 ] } },
{ "type": "Feature", "properties": { "name": null, "highway": "bus_stop", "railway": null, "public_transport": "platform" }, "geometry": { "type": "Point", "coordinates": [ 77.6448655, 12.9162609 ] } },
{ "type": "Feature", "properties": { "name": "Indian Oil", "highway": "bus_stop", "railway": null, "public_transport": "platform" }, "geometry": { "type": "Point", "coordinates": [ 77.6451109, 12.9217039 ] } },
{ "type": "Feature", "properties": { "name": "Immadihalli", "highway": "bus_stop", "railway": null, "public_transport": "platform" }, "geometry": { "type": "Point", "coordinates": [ 77.7629746, 12.9667028 ] } },
{ "type": "Feature", "properties": { "name": "Bangalore High School", "highway": "bus_stop", "railway": null, "public_transport": "platform" }, "geometry": { "type": "Point", "coordinates": [ 77.5676688, 12.9533135 ] } },
{ "type": "Feature", "properties": { "name": "KHB Colony", "highway": "bus_stop", "railway": null, "public_transport": "platform" }, "geometry": { "type": "Point", "coordinates": [ 77.535992, 12.9812319 ] } },
{ "type": "Feature", "properties": { "name": "KHB Colony", "highway": "bus_stop", "railway": null, "public_transport": "platform" }, "geometry": { "type": "Point", "coordinates": [ 77.5358176, 12.9812933 ] } },
{ "type": "Feature", "properties": { "name": "National College", "highway": "bus_stop", "railway": null, "public_transport": "platform" }, "geometry": { "type": "Point", "coordinates": [ 77.5736234, 12.9491223 ] } },
{ "type": "Feature", "properties": { "name": "Shell Petrol Bank", "highway": "bus_stop", "railway": null, "public_transport": "platform" }, "geometry": { "type": "Point", "coordinates": [ 77.762243, 13.0178871 ] } },
{ "type": "Feature", "properties": { "name": "Bhadrappa Layout", "highway": "bus_stop", "railway": null, "public_transport": "platform" }, "geometry": { "type": "Point", "coordinates": [ 77.5735469, 13.0470848 ] } },
{ "type": "Feature", "properties": { "name": "Hebbala Bridge", "highway": "bus_stop", "railway": null, "public_transport": "platform" }, "geometry": { "type": "Point", "coordinates": [ 77.5898078, 13.0425709 ] } },
{ "type": "Feature", "properties": { "name": "Tin Factory", "highway": "bus_stop", "railway": null, "public_transport": "platform" }, "geometry": { "type": "Point", "coordinates": [ 77.6684421, 12.996213 ] } },
{ "type": "Feature", "properties": { "name": "Tin Factory", "highway": "bus_stop", "railway": null, "public_transport": "platform" }, "geometry": { "type": "Point", "coordinates": [ 77.6697525, 12.9966065 ] } },
{ "type": "Feature", "properties": { "name": "9th Main", "highway": "bus_stop", "railway": null, "public_transport": "platform" }, "geometry": { "type": "Point", "coordinates": [ 77.6349306, 12.9124648 ] } },
{ "type": "Feature", "properties": { "name": "Malagala", "highway": "bus_stop", "railway": null, "public_transport": "platform" }, "geometry": { "type": "Point", "coordinates": [ 77.5149608, 12.9780471 ] } },
{ "type": "Feature", "properties": { "name": "Nagarabhavi Village", "highway": "bus_stop", "railway": null, "public_transport": "platform" }, "geometry": { "type": "Point", "coordinates": [ 77.5168068, 12.9592625 ] } },
{ "type": "Feature", "properties": { "name": "BDA Complex Nagarbhavi", "highway": "bus_stop", "railway": null, "public_transport": "platform" }, "geometry": { "type": "Point", "coordinates": [ 77.5126621, 12.9682351 ] } },
{ "type": "Feature", "properties": { "name": "Nayandahalli", "highway": "bus_stop", "railway": null, "public_transport": "platform" }, "geometry": { "type": "Point", "coordinates": [ 77.528168, 12.94583 ] } },
{ "type": "Feature", "properties": { "name": "Yarab Nagara", "highway": "bus_stop", "railway": null, "public_transport": "platform" }, "geometry": { "type": "Point", "coordinates": [ 77.5694773, 12.9157857 ] } },
{ "type": "Feature", "properties": { "name": "Devegowda Petrol Bunk", "highway": "bus_stop", "railway": null, "public_transport": "platform" }, "geometry": { "type": "Point", "coordinates": [ 77.5594868, 12.9221339 ] } },
{ "type": "Feature", "properties": { "name": "JC Nagara", "highway": "bus_stop", "railway": null, "public_transport": "platform" }, "geometry": { "type": "Point", "coordinates": [ 77.5925933, 13.0068223 ] } },
{ "type": "Feature", "properties": { "name": "JC Nagara", "highway": "bus_stop", "railway": null, "public_transport": "platform" }, "geometry": { "type": "Point", "coordinates": [ 77.5925691, 13.0068602 ] } },
{ "type": "Feature", "properties": { "name": null, "highway": "bus_stop", "railway": null, "public_transport": null }, "geometry": { "type": "Point", "coordinates": [ 77.790311, 12.7661563 ] } },
{ "type": "Feature", "properties": { "name": "Mallasandra Purvankara Bus Stop", "highway": "bus_stop", "railway": null, "public_transport": null }, "geometry": { "type": "Point", "coordinates": [ 77.5419708, 12.8551373 ] } },
{ "type": "Feature", "properties": { "name": null, "highway": "bus_stop", "railway": null, "public_transport": null }, "geometry": { "type": "Point", "coordinates": [ 77.5952448, 12.9513843 ] } },
{ "type": "Feature", "properties": { "name": "Chikka Begur", "highway": "bus_stop", "railway": null, "public_transport": null }, "geometry": { "type": "Point", "coordinates": [ 77.6372193, 12.8790241 ] } },
{ "type": "Feature", "properties": { "name": "R V Dental College", "highway": "bus_stop", "railway": null, "public_transport": "platform" }, "geometry": { "type": "Point", "coordinates": [ 77.5851165, 12.9104465 ] } },
{ "type": "Feature", "properties": { "name": "RV Dental College", "highway": "bus_stop", "railway": null, "public_transport": "platform" }, "geometry": { "type": "Point", "coordinates": [ 77.5853472, 12.9104748 ] } },
{ "type": "Feature", "properties": { "name": null, "highway": "bus_stop", "railway": null, "public_transport": null }, "geometry": { "type": "Point", "coordinates": [ 77.55404, 12.9577859 ] } },
{ "type": "Feature", "properties": { "name": null, "highway": "bus_stop", "railway": null, "public_transport": "platform" }, "geometry": { "type": "Point", "coordinates": [ 77.5427735, 12.9529751 ] } },
{ "type": "Feature", "properties": { "name": "TB Kalyana Mandapa", "highway": "bus_stop", "railway": null, "public_transport": null }, "geometry": { "type": "Point", "coordinates": [ 77.6889163, 12.9885795 ] } },
{ "type": "Feature", "properties": { "name": "Jayanagar 5th Block 40th Cross", "highway": "bus_stop", "railway": null, "public_transport": "platform" }, "geometry": { "type": "Point", "coordinates": [ 77.5805844, 12.9199007 ] } },
{ "type": "Feature", "properties": { "name": "Jayanagar 38th Cross", "highway": "bus_stop", "railway": null, "public_transport": "platform" }, "geometry": { "type": "Point", "coordinates": [ 77.5837833, 12.9225341 ] } },
{ "type": "Feature", "properties": { "name": "Jayanagar TTMC", "highway": "bus_stop", "railway": null, "public_transport": "platform" }, "geometry": { "type": "Point", "coordinates": [ 77.5843951, 12.9285179 ] } },
{ "type": "Feature", "properties": { "name": "Siddapura", "highway": "bus_stop", "railway": null, "public_transport": "platform" }, "geometry": { "type": "Point", "coordinates": [ 77.588169, 12.9461685 ] } },
{ "type": "Feature", "properties": { "name": "Mallige Hospital", "highway": "bus_stop", "railway": null, "public_transport": "platform" }, "geometry": { "type": "Point", "coordinates": [ 77.5921306, 12.9478623 ] } },
{ "type": "Feature", "properties": { "name": "Kasturba Road", "highway": "bus_stop", "railway": null, "public_transport": "platform" }, "geometry": { "type": "Point", "coordinates": [ 77.5953901, 12.9738378 ] } },
{ "type": "Feature", "properties": { "name": "Kasturba Road", "highway": "bus_stop", "railway": null, "public_transport": "platform" }, "geometry": { "type": "Point", "coordinates": [ 77.5956811, 12.9740803 ] } },
{ "type": "Feature", "properties": { "name": "A Narayanapura", "highway": "bus_stop", "railway": null, "public_transport": "platform" }, "geometry": { "type": "Point", "coordinates": [ 77.676929, 12.9947771 ] } },
{ "type": "Feature", "properties": { "name": "27th Main", "highway": "bus_stop", "railway": null, "public_transport": "platform" }, "geometry": { "type": "Point", "coordinates": [ 77.6516783, 12.9234202 ] } },
{ "type": "Feature", "properties": { "name": "Mekhri Circle", "highway": "bus_stop", "railway": null, "public_transport": "platform" }, "geometry": { "type": "Point", "coordinates": [ 77.5837552, 13.0198088 ] } },
{ "type": "Feature", "properties": { "name": "Vidyaranyapura BEL 1st Block", "highway": "bus_stop", "railway": null, "public_transport": "platform" }, "geometry": { "type": "Point", "coordinates": [ 77.5554238, 13.0703809 ] } },
{ "type": "Feature", "properties": { "name": "Vidyaranyapura Post Office", "highway": "bus_stop", "railway": null, "public_transport": "platform" }, "geometry": { "type": "Point", "coordinates": [ 77.5581953, 13.0764196 ] } },
{ "type": "Feature", "properties": { "name": null, "highway": "bus_stop", "railway": null, "public_transport": "platform" }, "geometry": { "type": "Point", "coordinates": [ 77.5590549, 13.079545 ] } },
{ "type": "Feature", "properties": { "name": null, "highway": "bus_stop", "railway": null, "public_transport": "platform" }, "geometry": { "type": "Point", "coordinates": [ 77.5595634, 13.081377 ] } },
{ "type": "Feature", "properties": { "name": null, "highway": "bus_stop", "railway": null, "public_transport": "platform" }, "geometry": { "type": "Point", "coordinates": [ 77.5598162, 13.084334 ] } },
{ "type": "Feature", "properties": { "name": "Sharavathi Hotel", "highway": "bus_stop", "railway": null, "public_transport": "platform" }, "geometry": { "type": "Point", "coordinates": [ 77.5842355, 13.0976393 ] } },
{ "type": "Feature", "properties": { "name": "Chamundeshwari Layout", "highway": "bus_stop", "railway": null, "public_transport": "platform" }, "geometry": { "type": "Point", "coordinates": [ 77.559521, 13.0647859 ] } },
{ "type": "Feature", "properties": { "name": "BEL Circle", "highway": "bus_stop", "railway": null, "public_transport": "platform" }, "geometry": { "type": "Point", "coordinates": [ 77.5559023, 13.0461913 ] } },
{ "type": "Feature", "properties": { "name": "Yelahanka Santhe Circle", "highway": "bus_stop", "railway": null, "public_transport": "platform" }, "geometry": { "type": "Point", "coordinates": [ 77.5976114, 13.0997554 ] } },
{ "type": "Feature", "properties": { "name": "Yelahanka Santhe Circle", "highway": "bus_stop", "railway": null, "public_transport": "platform" }, "geometry": { "type": "Point", "coordinates": [ 77.5966268, 13.0978934 ] } },
{ "type": "Feature", "properties": { "name": "Biocon Hebbagodi", "highway": null, "railway": "station", "public_transport": "station" }, "geometry": { "type": "Point", "coordinates": [ 77.6813744, 12.8290325 ] } },
{ "type": "Feature", "properties": { "name": null, "highway": "bus_stop", "railway": null, "public_transport": "platform" }, "geometry": { "type": "Point", "coordinates": [ 77.6490311, 12.9128871 ] } },
{ "type": "Feature", "properties": { "name": "KSRTC", "highway": "bus_stop", "railway": null, "public_transport": null }, "geometry": { "type": "Point", "coordinates": [ 77.6721066, 12.8468497 ] } },
{ "type": "Feature", "properties": { "name": "B Channasandra Bridge (Towards Banaswadi)", "highway": "bus_stop", "railway": null, "public_transport": "platform" }, "geometry": { "type": "Point", "coordinates": [ 77.6619246, 13.0131862 ] } },
{ "type": "Feature", "properties": { "name": "ITC Factory", "highway": "bus_stop", "railway": null, "public_transport": "platform" }, "geometry": { "type": "Point", "coordinates": [ 77.62207, 12.9985542 ] } },
{ "type": "Feature", "properties": { "name": "Chikkegowdana Palya", "highway": "bus_stop", "railway": null, "public_transport": null }, "geometry": { "type": "Point", "coordinates": [ 77.5151815, 12.8786603 ] } },
{ "type": "Feature", "properties": { "name": "Acharya Institute of Technology", "highway": "bus_stop", "railway": null, "public_transport": "platform" }, "geometry": { "type": "Point", "coordinates": [ 77.48411, 13.0835308 ] } },
{ "type": "Feature", "properties": { "name": "WIMAC Junction", "highway": "bus_stop", "railway": null, "public_transport": "platform" }, "geometry": { "type": "Point", "coordinates": [ 77.5299691, 13.0687297 ] } },
{ "type": "Feature", "properties": { "name": "Abbanakuppe", "highway": "bus_stop", "railway": null, "public_transport": "platform" }, "geometry": { "type": "Point", "coordinates": [ 77.4093904, 12.7741232 ] } },
{ "type": "Feature", "properties": { "name": "Andrahalli", "highway": "bus_stop", "railway": null, "public_transport": "platform" }, "geometry": { "type": "Point", "coordinates": [ 77.4848449, 13.0080767 ] } },
{ "type": "Feature", "properties": { "name": "Adithi School Yelahanka", "highway": "bus_stop", "railway": null, "public_transport": "platform" }, "geometry": { "type": "Point", "coordinates": [ 77.5829481, 13.1025258 ] } },
{ "type": "Feature", "properties": { "name": "Adigondanahalli", "highway": "bus_stop", "railway": null, "public_transport": "platform" }, "geometry": { "type": "Point", "coordinates": [ 77.7512459, 12.8145612 ] } },
{ "type": "Feature", "properties": { "name": "Addiganahalli Extension", "highway": "bus_stop", "railway": null, "public_transport": "platform" }, "geometry": { "type": "Point", "coordinates": [ 77.5712556, 13.1729128 ] } },
{ "type": "Feature", "properties": { "name": "Gollahalli Road Junction", "highway": "bus_stop", "railway": null, "public_transport": "platform" }, "geometry": { "type": "Point", "coordinates": [ 77.4890372, 12.9075354 ] } },
{ "type": "Feature", "properties": { "name": "Mantri Alpyne Apartment", "highway": "bus_stop", "railway": null, "public_transport": "platform" }, "geometry": { "type": "Point", "coordinates": [ 77.5271876, 12.9044908 ] } },
{ "type": "Feature", "properties": { "name": "Uttarahalli", "highway": "bus_stop", "railway": null, "public_transport": "platform" }, "geometry": { "type": "Point", "coordinates": [ 77.5426096, 12.905749 ] } },
{ "type": "Feature", "properties": { "name": "Kadirenahalli Circle", "highway": "bus_stop", "railway": null, "public_transport": "platform" }, "geometry": { "type": "Point", "coordinates": [ 77.561367, 12.9157354 ] } },
{ "type": "Feature", "properties": { "name": "Prarthana School", "highway": "bus_stop", "railway": null, "public_transport": "platform" }, "geometry": { "type": "Point", "coordinates": [ 77.5583589, 12.9116576 ] } },
{ "type": "Feature", "properties": { "name": "Gowdanapalya", "highway": "bus_stop", "railway": null, "public_transport": "platform" }, "geometry": { "type": "Point", "coordinates": [ 77.5555882, 12.9115877 ] } },
{ "type": "Feature", "properties": { "name": "Chikkallasandra Aralimara", "highway": "bus_stop", "railway": null, "public_transport": "platform" }, "geometry": { "type": "Point", "coordinates": [ 77.5523508, 12.9118609 ] } },
{ "type": "Feature", "properties": { "name": "Chikkallasandra Bank Colony", "highway": "bus_stop", "railway": null, "public_transport": "platform" }, "geometry": { "type": "Point", "coordinates": [ 77.5490557, 12.9090687 ] } },
{ "type": "Feature", "properties": { "name": "Krishnarajendra Hospital", "highway": "bus_stop", "railway": null, "public_transport": "platform" }, "geometry": { "type": "Point", "coordinates": [ 77.5460891, 12.9070216 ] } },
{ "type": "Feature", "properties": { "name": "Uttarahalli", "highway": "bus_stop", "railway": null, "public_transport": "platform" }, "geometry": { "type": "Point", "coordinates": [ 77.5428276, 12.9059052 ] } },
{ "type": "Feature", "properties": { "name": "Arehalli", "highway": "bus_stop", "railway": null, "public_transport": "platform" }, "geometry": { "type": "Point", "coordinates": [ 77.537781, 12.9084491 ] } },
{ "type": "Feature", "properties": { "name": "Poornaprajna Layout", "highway": "bus_stop", "railway": null, "public_transport": "platform" }, "geometry": { "type": "Point", "coordinates": [ 77.5358618, 12.9087208 ] } },
{ "type": "Feature", "properties": { "name": "Uttarahalli Water Tank", "highway": "bus_stop", "railway": null, "public_transport": "platform" }, "geometry": { "type": "Point", "coordinates": [ 77.5344269, 12.9083667 ] } },
{ "type": "Feature", "properties": { "name": "Patalamma Temple", "highway": "bus_stop", "railway": null, "public_transport": "platform" }, "geometry": { "type": "Point", "coordinates": [ 77.5299919, 12.9049353 ] } },
{ "type": "Feature", "properties": { "name": "Mantri Alpyne Apartment", "highway": "bus_stop", "railway": null, "public_transport": "platform" }, "geometry": { "type": "Point", "coordinates": [ 77.526961, 12.904517 ] } },
{ "type": "Feature", "properties": { "name": "Channasandra", "highway": "bus_stop", "railway": null, "public_transport": "platform" }, "geometry": { "type": "Point", "coordinates": [ 77.5213632, 12.9029038 ] } },
{ "type": "Feature", "properties": { "name": "Channasandra Colony", "highway": "bus_stop", "railway": null, "public_transport": "platform" }, "geometry": { "type": "Point", "coordinates": [ 77.5161114, 12.9034398 ] } },
{ "type": "Feature", "properties": { "name": "Indo American Hybrid Farm", "highway": "bus_stop", "railway": null, "public_transport": "platform" }, "geometry": { "type": "Point", "coordinates": [ 77.5122826, 12.9041209 ] } },
{ "type": "Feature", "properties": { "name": "JSS College", "highway": "bus_stop", "railway": null, "public_transport": "platform" }, "geometry": { "type": "Point", "coordinates": [ 77.5079723, 12.9039101 ] } },
{ "type": "Feature", "properties": { "name": "Omkar Hills", "highway": "bus_stop", "railway": null, "public_transport": "platform" }, "geometry": { "type": "Point", "coordinates": [ 77.5045243, 12.9048235 ] } },
{ "type": "Feature", "properties": { "name": "BGS Health City", "highway": "bus_stop", "railway": null, "public_transport": "platform" }, "geometry": { "type": "Point", "coordinates": [ 77.4989855, 12.9072249 ] } },
{ "type": "Feature", "properties": { "name": "Ashrama Savandarbar", "highway": "bus_stop", "railway": null, "public_transport": "platform" }, "geometry": { "type": "Point", "coordinates": [ 77.4921875, 12.9095981 ] } },
{ "type": "Feature", "properties": { "name": "Gollahalli Road Junction", "highway": "bus_stop", "railway": null, "public_transport": "platform" }, "geometry": { "type": "Point", "coordinates": [ 77.4888186, 12.9077393 ] } },
{ "type": "Feature", "properties": { "name": "Electronic City", "highway": "bus_stop", "railway": null, "public_transport": "platform" }, "geometry": { "type": "Point", "coordinates": [ 77.6702848, 12.8470967 ] } },
{ "type": "Feature", "properties": { "name": "BHEL", "highway": "bus_stop", "railway": null, "public_transport": "platform" }, "geometry": { "type": "Point", "coordinates": [ 77.6603379, 12.8452099 ] } },
{ "type": "Feature", "properties": { "name": "Neeladri Nagar", "highway": "bus_stop", "railway": null, "public_transport": "platform" }, "geometry": { "type": "Point", "coordinates": [ 77.6479125, 12.8415946 ] } },
{ "type": "Feature", "properties": { "name": "Thogur Cross", "highway": "bus_stop", "railway": null, "public_transport": "platform" }, "geometry": { "type": "Point", "coordinates": [ 77.6443197, 12.8434539 ] } },
{ "type": "Feature", "properties": { "name": "Vittasandra Cross", "highway": "bus_stop", "railway": null, "public_transport": "platform" }, "geometry": { "type": "Point", "coordinates": [ 77.6346114, 12.8438213 ] } },
{ "type": "Feature", "properties": { "name": "Bettadasanapura", "highway": "bus_stop", "railway": null, "public_transport": "platform" }, "geometry": { "type": "Point", "coordinates": [ 77.6318501, 12.8416246 ] } },
{ "type": "Feature", "properties": { "name": "Jalli Machine", "highway": "bus_stop", "railway": null, "public_transport": "platform" }, "geometry": { "type": "Point", "coordinates": [ 77.6250487, 12.8364015 ] } },
{ "type": "Feature", "properties": { "name": "Mylasandra Road Junction", "highway": "bus_stop", "railway": null, "public_transport": "platform" }, "geometry": { "type": "Point", "coordinates": [ 77.6187247, 12.8422941 ] } },
{ "type": "Feature", "properties": { "name": "Mylasandra Cross", "highway": "bus_stop", "railway": null, "public_transport": "platform" }, "geometry": { "type": "Point", "coordinates": [ 77.6133824, 12.8435265 ] } },
{ "type": "Feature", "properties": { "name": "Vaddarapalya", "highway": "bus_stop", "railway": null, "public_transport": "platform" }, "geometry": { "type": "Point", "coordinates": [ 77.6119106, 12.8439272 ] } },
{ "type": "Feature", "properties": { "name": "St Mary's School", "highway": "bus_stop", "railway": null, "public_transport": "platform" }, "geometry": { "type": "Point", "coordinates": [ 77.6094402, 12.8459448 ] } },
{ "type": "Feature", "properties": { "name": "Basavanna Devasthana CK Palya", "highway": "bus_stop", "railway": null, "public_transport": "platform" }, "geometry": { "type": "Point", "coordinates": [ 77.6060285, 12.8439835 ] } },
{ "type": "Feature", "properties": { "name": "Hommadevanahalli", "highway": "bus_stop", "railway": null, "public_transport": "platform" }, "geometry": { "type": "Point", "coordinates": [ 77.598018, 12.8444398 ] } },
{ "type": "Feature", "properties": { "name": "Hommadevanahalli Cross", "highway": "bus_stop", "railway": null, "public_transport": "platform" }, "geometry": { "type": "Point", "coordinates": [ 77.5973448, 12.8408571 ] } },
{ "type": "Feature", "properties": { "name": "CK Palya Cross", "highway": "bus_stop", "railway": null, "public_transport": "platform" }, "geometry": { "type": "Point", "coordinates": [ 77.593575, 12.840559 ] } },
{ "type": "Feature", "properties": { "name": "Koli Farm Gate", "highway": "bus_stop", "railway": null, "public_transport": "platform" }, "geometry": { "type": "Point", "coordinates": [ 77.5886598, 12.8417802 ] } },
{ "type": "Feature", "properties": { "name": "T John College", "highway": "bus_stop", "railway": null, "public_transport": "platform" }, "geometry": { "type": "Point", "coordinates": [ 77.5883983, 12.8510428 ] } },
{ "type": "Feature", "properties": { "name": "Bhagya Nagara", "highway": "bus_stop", "railway": null, "public_transport": "platform" }, "geometry": { "type": "Point", "coordinates": [ 77.5855485, 12.8608816 ] } },
{ "type": "Feature", "properties": { "name": "Vinayaka Chitramandira", "highway": "bus_stop", "railway": null, "public_transport": "platform" }, "geometry": { "type": "Point", "coordinates": [ 77.5702871, 12.8747228 ] } },
{ "type": "Feature", "properties": { "name": "Sowdamini Kalyana Mantapa", "highway": "bus_stop", "railway": null, "public_transport": "platform" }, "geometry": { "type": "Point", "coordinates": [ 77.5666872, 12.8838991 ] } },
{ "type": "Feature", "properties": { "name": "Subramanyapura Post Office", "highway": "bus_stop", "railway": null, "public_transport": "platform" }, "geometry": { "type": "Point", "coordinates": [ 77.5439957, 12.8987729 ] } },
{ "type": "Feature", "properties": { "name": "Subramanyapura Police Station", "highway": "bus_stop", "railway": null, "public_transport": "platform" }, "geometry": { "type": "Point", "coordinates": [ 77.5440929, 12.9015155 ] } },
{ "type": "Feature", "properties": { "name": "Subramanyapura Post Office", "highway": "bus_stop", "railway": null, "public_transport": "platform" }, "geometry": { "type": "Point", "coordinates": [ 77.5438857, 12.8987481 ] } },
{ "type": "Feature", "properties": { "name": "Subramanyapura KEB", "highway": "bus_stop", "railway": null, "public_transport": "platform" }, "geometry": { "type": "Point", "coordinates": [ 77.546356, 12.8975781 ] } },
{ "type": "Feature", "properties": { "name": "Yadalam Nagara", "highway": "bus_stop", "railway": null, "public_transport": "platform" }, "geometry": { "type": "Point", "coordinates": [ 77.5482195, 12.8964277 ] } },
{ "type": "Feature", "properties": { "name": "Vasanthapura", "highway": "bus_stop", "railway": null, "public_transport": "platform" }, "geometry": { "type": "Point", "coordinates": [ 77.5524822, 12.8962094 ] } },
{ "type": "Feature", "properties": { "name": "Pipeline Vasanthapura", "highway": "bus_stop", "railway": null, "public_transport": "platform" }, "geometry": { "type": "Point", "coordinates": [ 77.5547491, 12.8950425 ] } },
{ "type": "Feature", "properties": { "name": "Sharadanagara", "highway": "bus_stop", "railway": null, "public_transport": "platform" }, "geometry": { "type": "Point", "coordinates": [ 77.5593781, 12.8926732 ] } },
{ "type": "Feature", "properties": { "name": "Ragi Machine", "highway": "bus_stop", "railway": null, "public_transport": "platform" }, "geometry": { "type": "Point", "coordinates": [ 77.5601352, 12.8916803 ] } },
{ "type": "Feature", "properties": { "name": "Hari Nagara Cross", "highway": "bus_stop", "railway": null, "public_transport": "platform" }, "geometry": { "type": "Point", "coordinates": [ 77.5672719, 12.8791724 ] } },
{ "type": "Feature", "properties": { "name": "Glass Factory", "highway": "bus_stop", "railway": null, "public_transport": "platform" }, "geometry": { "type": "Point", "coordinates": [ 77.5668962, 12.8762737 ] } },
{ "type": "Feature", "properties": { "name": "Vinayaka Chitramandira", "highway": "bus_stop", "railway": null, "public_transport": "platform" }, "geometry": { "type": "Point", "coordinates": [ 77.5702335, 12.8746484 ] } },
{ "type": "Feature", "properties": { "name": "Sarathi Nagara", "highway": "bus_stop", "railway": null, "public_transport": "platform" }, "geometry": { "type": "Point", "coordinates": [ 77.573213, 12.8738631 ] } },
{ "type": "Feature", "properties": { "name": "Royal Layout", "highway": "bus_stop", "railway": null, "public_transport": "platform" }, "geometry": { "type": "Point", "coordinates": [ 77.5756453, 12.8692835 ] } },
{ "type": "Feature", "properties": { "name": "Jambu Savari Dinne", "highway": "bus_stop", "railway": null, "public_transport": "platform" }, "geometry": { "type": "Point", "coordinates": [ 77.5809941, 12.8655505 ] } },
{ "type": "Feature", "properties": { "name": "Bhagya Nagara", "highway": "bus_stop", "railway": null, "public_transport": "platform" }, "geometry": { "type": "Point", "coordinates": [ 77.5852896, 12.8609692 ] } },
{ "type": "Feature", "properties": { "name": "T John College", "highway": "bus_stop", "railway": null, "public_transport": "platform" }, "geometry": { "type": "Point", "coordinates": [ 77.5881985, 12.8493365 ] } },
{ "type": "Feature", "properties": { "name": "Koli Farm Gate", "highway": "bus_stop", "railway": null, "public_transport": "platform" }, "geometry": { "type": "Point", "coordinates": [ 77.5887389, 12.8416992 ] } },
{ "type": "Feature", "properties": { "name": "CK Palya Cross", "highway": "bus_stop", "railway": null, "public_transport": "platform" }, "geometry": { "type": "Point", "coordinates": [ 77.5937212, 12.8404413 ] } },
{ "type": "Feature", "properties": { "name": "Hommadevanahalli Cross", "highway": "bus_stop", "railway": null, "public_transport": "platform" }, "geometry": { "type": "Point", "coordinates": [ 77.5972657, 12.8407276 ] } },
{ "type": "Feature", "properties": { "name": "Hommadevanahalli", "highway": "bus_stop", "railway": null, "public_transport": "platform" }, "geometry": { "type": "Point", "coordinates": [ 77.5981019, 12.8443528 ] } },
{ "type": "Feature", "properties": { "name": "Basavanna Devasthana CK Palya", "highway": "bus_stop", "railway": null, "public_transport": "platform" }, "geometry": { "type": "Point", "coordinates": [ 77.6061076, 12.8439109 ] } },
{ "type": "Feature", "properties": { "name": "St Mary's School", "highway": "bus_stop", "railway": null, "public_transport": "platform" }, "geometry": { "type": "Point", "coordinates": [ 77.609514, 12.8456846 ] } },
{ "type": "Feature", "properties": { "name": "Vaddarapalya", "highway": "bus_stop", "railway": null, "public_transport": "platform" }, "geometry": { "type": "Point", "coordinates": [ 77.6120822, 12.8437782 ] } },
{ "type": "Feature", "properties": { "name": "Mylasandra Cross", "highway": "bus_stop", "railway": null, "public_transport": "platform" }, "geometry": { "type": "Point", "coordinates": [ 77.6134662, 12.843433 ] } },
{ "type": "Feature", "properties": { "name": "Mylasandra Road Junction", "highway": "bus_stop", "railway": null, "public_transport": "platform" }, "geometry": { "type": "Point", "coordinates": [ 77.6186322, 12.8422653 ] } },
{ "type": "Feature", "properties": { "name": "Jalli Machine", "highway": "bus_stop", "railway": null, "public_transport": "platform" }, "geometry": { "type": "Point", "coordinates": [ 77.6249984, 12.8362806 ] } },
{ "type": "Feature", "properties": { "name": "Bettadasanapura", "highway": "bus_stop", "railway": null, "public_transport": "platform" }, "geometry": { "type": "Point", "coordinates": [ 77.6319433, 12.8415691 ] } },
{ "type": "Feature", "properties": { "name": "Vittasandra Cross", "highway": "bus_stop", "railway": null, "public_transport": "platform" }, "geometry": { "type": "Point", "coordinates": [ 77.6348227, 12.8438082 ] } },
{ "type": "Feature", "properties": { "name": "Thogur Cross", "highway": "bus_stop", "railway": null, "public_transport": "platform" }, "geometry": { "type": "Point", "coordinates": [ 77.6442111, 12.8434291 ] } },
{ "type": "Feature", "properties": { "name": "Ajmeer Apartment Neeladri Road", "highway": "bus_stop", "railway": null, "public_transport": "platform" }, "geometry": { "type": "Point", "coordinates": [ 77.6467296, 12.8417868 ] } },
{ "type": "Feature", "properties": { "name": "Neeladri Nagar", "highway": "bus_stop", "railway": null, "public_transport": "platform" }, "geometry": { "type": "Point", "coordinates": [ 77.6479661, 12.8414612 ] } },
{ "type": "Feature", "properties": { "name": "Concord Apartment Electronic City", "highway": "bus_stop", "railway": null, "public_transport": "platform" }, "geometry": { "type": "Point", "coordinates": [ 77.6518272, 12.8405171 ] } },
{ "type": "Feature", "properties": { "name": "Siemens", "highway": "bus_stop", "railway": null, "public_transport": "platform" }, "geometry": { "type": "Point", "coordinates": [ 77.6622798, 12.8454257 ] } },
{ "type": "Feature", "properties": { "name": "Electronic City", "highway": "bus_stop", "railway": null, "public_transport": "platform" }, "geometry": { "type": "Point", "coordinates": [ 77.6704404, 12.8467986 ] } },
{ "type": "Feature", "properties": { "name": "Koppa Gate", "highway": "bus_stop", "railway": null, "public_transport": "platform" }, "geometry": { "type": "Point", "coordinates": [ 77.6163194, 12.7963554 ] } },
{ "type": "Feature", "properties": { "name": "Ragihalli Gate", "highway": "bus_stop", "railway": null, "public_transport": "platform" }, "geometry": { "type": "Point", "coordinates": [ 77.5989394, 12.8003899 ] } },
{ "type": "Feature", "properties": { "name": "Ragihalli Gate", "highway": "bus_stop", "railway": null, "public_transport": "platform" }, "geometry": { "type": "Point", "coordinates": [ 77.5988924, 12.8002605 ] } },
{ "type": "Feature", "properties": { "name": "Jungepalya Gate", "highway": "bus_stop", "railway": null, "public_transport": "platform" }, "geometry": { "type": "Point", "coordinates": [ 77.5905065, 12.8083816 ] } },
{ "type": "Feature", "properties": { "name": "Booathanahalli", "highway": "bus_stop", "railway": null, "public_transport": "platform" }, "geometry": { "type": "Point", "coordinates": [ 77.5604752, 12.8045042 ] } },
{ "type": "Feature", "properties": { "name": "Booathanahalli", "highway": "bus_stop", "railway": null, "public_transport": "platform" }, "geometry": { "type": "Point", "coordinates": [ 77.5602888, 12.8044649 ] } },
{ "type": "Feature", "properties": { "name": "Kesaraguppe", "highway": "bus_stop", "railway": null, "public_transport": "platform" }, "geometry": { "type": "Point", "coordinates": [ 77.5669554, 12.8165535 ] } },
{ "type": "Feature", "properties": { "name": "Kesaraguppe", "highway": "bus_stop", "railway": null, "public_transport": "platform" }, "geometry": { "type": "Point", "coordinates": [ 77.5672987, 12.8172727 ] } },
{ "type": "Feature", "properties": { "name": "Weavers Colony", "highway": "bus_stop", "railway": null, "public_transport": "platform" }, "geometry": { "type": "Point", "coordinates": [ 77.5838681, 12.8444293 ] } },
{ "type": "Feature", "properties": { "name": "Muneshwara Temple", "highway": "bus_stop", "railway": null, "public_transport": "platform" }, "geometry": { "type": "Point", "coordinates": [ 77.5721817, 12.8357026 ] } },
{ "type": "Feature", "properties": { "name": "Muneshwara Temple", "highway": "bus_stop", "railway": null, "public_transport": "platform" }, "geometry": { "type": "Point", "coordinates": [ 77.5720704, 12.8357758 ] } },
{ "type": "Feature", "properties": { "name": "Kulumepalya", "highway": "bus_stop", "railway": null, "public_transport": "platform" }, "geometry": { "type": "Point", "coordinates": [ 77.5531608, 12.8326579 ] } },
{ "type": "Feature", "properties": { "name": "Onti Mane", "highway": "bus_stop", "railway": null, "public_transport": "platform" }, "geometry": { "type": "Point", "coordinates": [ 77.5509708, 12.8438056 ] } },
{ "type": "Feature", "properties": { "name": "Onti Mane", "highway": "bus_stop", "railway": null, "public_transport": "platform" }, "geometry": { "type": "Point", "coordinates": [ 77.5511411, 12.8438148 ] } },
{ "type": "Feature", "properties": { "name": "Vajragiri Estate", "highway": "bus_stop", "railway": null, "public_transport": "platform" }, "geometry": { "type": "Point", "coordinates": [ 77.5565055, 12.8577137 ] } },
{ "type": "Feature", "properties": { "name": "Kidwai Layout", "highway": "bus_stop", "railway": null, "public_transport": "platform" }, "geometry": { "type": "Point", "coordinates": [ 77.5631091, 12.8588851 ] } },
{ "type": "Feature", "properties": { "name": "Nisarga Gate", "highway": "bus_stop", "railway": null, "public_transport": "platform" }, "geometry": { "type": "Point", "coordinates": [ 77.6200399, 12.7946085 ] } },
{ "type": "Feature", "properties": { "name": "Depot 31 Gate", "highway": "bus_stop", "railway": null, "public_transport": "platform" }, "geometry": { "type": "Point", "coordinates": [ 77.5215167, 12.9931081 ] } },
{ "type": "Feature", "properties": { "name": "Nandini Layout Ring Road", "highway": "bus_stop", "railway": null, "public_transport": "platform" }, "geometry": { "type": "Point", "coordinates": [ 77.5306745, 13.0146767 ] } },
{ "type": "Feature", "properties": { "name": "Reliance Petrol Bunk Goraguntepalya", "highway": "bus_stop", "railway": null, "public_transport": "platform" }, "geometry": { "type": "Point", "coordinates": [ 77.5361972, 13.0288417 ] } },
{ "type": "Feature", "properties": { "name": "Nandhini Layout", "highway": "bus_stop", "railway": null, "public_transport": "platform" }, "geometry": { "type": "Point", "coordinates": [ 77.5305055, 13.0147335 ] } },
{ "type": "Feature", "properties": { "name": "Depot 31 Gate", "highway": "bus_stop", "railway": null, "public_transport": "platform" }, "geometry": { "type": "Point", "coordinates": [ 77.5212707, 12.9931878 ] } },
{ "type": "Feature", "properties": { "name": "Malagala", "highway": "bus_stop", "railway": null, "public_transport": "platform" }, "geometry": { "type": "Point", "coordinates": [ 77.5149648, 12.9785777 ] } },
{ "type": "Feature", "properties": { "name": "BDA Complex Nagarbhavi", "highway": "bus_stop", "railway": null, "public_transport": "platform" }, "geometry": { "type": "Point", "coordinates": [ 77.5127466, 12.9721571 ] } },
{ "type": "Feature", "properties": { "name": "Hosakerehalli Petrol Bunk", "highway": "bus_stop", "railway": null, "public_transport": "platform" }, "geometry": { "type": "Point", "coordinates": [ 77.5403411, 12.9328128 ] } },
{ "type": "Feature", "properties": { "name": "Hosakerehalli Junction", "highway": "bus_stop", "railway": null, "public_transport": "platform" }, "geometry": { "type": "Point", "coordinates": [ 77.5430415, 12.9306844 ] } },
{ "type": "Feature", "properties": { "name": "Kommaghatta Junction", "highway": "bus_stop", "railway": null, "public_transport": "platform" }, "geometry": { "type": "Point", "coordinates": [ 77.4814653, 12.9142936 ] } },
{ "type": "Feature", "properties": { "name": "Kengeri Post Office", "highway": "bus_stop", "railway": null, "public_transport": "platform" }, "geometry": { "type": "Point", "coordinates": [ 77.4818355, 12.9153576 ] } },
{ "type": "Feature", "properties": { "name": "Kengeri Satellite Town", "highway": "bus_stop", "railway": null, "public_transport": "platform" }, "geometry": { "type": "Point", "coordinates": [ 77.4850018, 12.9239162 ] } },
{ "type": "Feature", "properties": { "name": "Kottigepalya", "highway": "bus_stop", "railway": null, "public_transport": "stop_position" }, "geometry": { "type": "Point", "coordinates": [ 77.5145511, 12.9877247 ] } },
{ "type": "Feature", "properties": { "name": "Kottigepalya", "highway": "bus_stop", "railway": null, "public_transport": "platform" }, "geometry": { "type": "Point", "coordinates": [ 77.514997, 12.9877503 ] } },
{ "type": "Feature", "properties": { "name": "Summanahalli", "highway": "bus_stop", "railway": null, "public_transport": "platform" }, "geometry": { "type": "Point", "coordinates": [ 77.5190914, 12.9873779 ] } },
{ "type": "Feature", "properties": { "name": "Sadappanahalli Cross", "highway": "bus_stop", "railway": null, "public_transport": "platform" }, "geometry": { "type": "Point", "coordinates": [ 77.7925332, 13.1646858 ] } },
{ "type": "Feature", "properties": { "name": "Jabbar", "highway": "bus_stop", "railway": null, "public_transport": null }, "geometry": { "type": "Point", "coordinates": [ 77.5741337, 12.9803979 ] } },
{ "type": "Feature", "properties": { "name": "Doddanekundi Cross", "highway": "bus_stop", "railway": null, "public_transport": "platform" }, "geometry": { "type": "Point", "coordinates": [ 77.6900323, 12.9553885 ] } },
{ "type": "Feature", "properties": { "name": "St. Benedict's Church", "highway": "bus_stop", "railway": null, "public_transport": "platform" }, "geometry": { "type": "Point", "coordinates": [ 77.4630332, 12.8845469 ] } },
{ "type": "Feature", "properties": { "name": "Doddabele", "highway": "bus_stop", "railway": null, "public_transport": "platform" }, "geometry": { "type": "Point", "coordinates": [ 77.4716806, 12.8884898 ] } },
{ "type": "Feature", "properties": { "name": null, "highway": "bus_stop", "railway": null, "public_transport": "platform" }, "geometry": { "type": "Point", "coordinates": [ 77.372742, 12.7846563 ] } },
{ "type": "Feature", "properties": { "name": "Maharani's College", "highway": "bus_stop", "railway": null, "public_transport": "platform" }, "geometry": { "type": "Point", "coordinates": [ 77.5851461, 12.9790907 ] } },
{ "type": "Feature", "properties": { "name": "Ananthapura Gate Bus Stop", "highway": "bus_stop", "railway": null, "public_transport": "platform" }, "geometry": { "type": "Point", "coordinates": [ 77.5791251, 13.114669 ] } },
{ "type": "Feature", "properties": { "name": "80 Feet Road", "highway": "bus_stop", "railway": null, "public_transport": "platform" }, "geometry": { "type": "Point", "coordinates": [ 77.5753869, 13.0276998 ] } },
{ "type": "Feature", "properties": { "name": "80 Feet Road", "highway": "bus_stop", "railway": null, "public_transport": "platform" }, "geometry": { "type": "Point", "coordinates": [ 77.5745407, 13.027771 ] } },
{ "type": "Feature", "properties": { "name": "Kanakagiri", "highway": "bus_stop", "railway": null, "public_transport": "platform" }, "geometry": { "type": "Point", "coordinates": [ 77.668144, 13.0396395 ] } },
{ "type": "Feature", "properties": { "name": null, "highway": "bus_stop", "railway": null, "public_transport": "platform" }, "geometry": { "type": "Point", "coordinates": [ 77.588658, 12.9821835 ] } },
{ "type": "Feature", "properties": { "name": "Telephone Exchange AGO/VSD", "highway": "bus_stop", "railway": null, "public_transport": "platform" }, "geometry": { "type": "Point", "coordinates": [ 77.5885244, 12.9824083 ] } },
{ "type": "Feature", "properties": { "name": "Kumaraswamy Layout Police Station", "highway": "bus_stop", "railway": null, "public_transport": "platform" }, "geometry": { "type": "Point", "coordinates": [ 77.5627658, 12.9053118 ] } },
{ "type": "Feature", "properties": { "name": "Kasturba Road", "highway": "bus_stop", "railway": null, "public_transport": "platform" }, "geometry": { "type": "Point", "coordinates": [ 77.5957681, 12.9741511 ] } },
{ "type": "Feature", "properties": { "name": null, "highway": "bus_stop", "railway": null, "public_transport": "platform" }, "geometry": { "type": "Point", "coordinates": [ 77.7262429, 12.9764291 ] } },
{ "type": "Feature", "properties": { "name": null, "highway": "bus_stop", "railway": null, "public_transport": "platform" }, "geometry": { "type": "Point", "coordinates": [ 77.7262143, 12.9764291 ] } },
{ "type": "Feature", "properties": { "name": null, "highway": "bus_stop", "railway": null, "public_transport": "platform" }, "geometry": { "type": "Point", "coordinates": [ 77.6516666, 12.9208885 ] } },
{ "type": "Feature", "properties": { "name": null, "highway": "bus_stop", "railway": null, "public_transport": "platform" }, "geometry": { "type": "Point", "coordinates": [ 77.6516694, 12.9208376 ] } },
{ "type": "Feature", "properties": { "name": null, "highway": "bus_stop", "railway": null, "public_transport": "platform" }, "geometry": { "type": "Point", "coordinates": [ 77.6516716, 12.920779 ] } },
{ "type": "Feature", "properties": { "name": "Sanjeevini Nagara", "highway": "bus_stop", "railway": null, "public_transport": "platform" }, "geometry": { "type": "Point", "coordinates": [ 77.5913588, 13.0576155 ] } },
{ "type": "Feature", "properties": { "name": "Kodigehalli Gate", "highway": "bus_stop", "railway": null, "public_transport": "platform" }, "geometry": { "type": "Point", "coordinates": [ 77.593182, 13.0571432 ] } },
{ "type": "Feature", "properties": { "name": "NES Office", "highway": "bus_stop", "railway": null, "public_transport": "platform" }, "geometry": { "type": "Point", "coordinates": [ 77.5918215, 13.0977614 ] } },
{ "type": "Feature", "properties": { "name": "Chikkabommasandra Cross", "highway": "bus_stop", "railway": null, "public_transport": "platform" }, "geometry": { "type": "Point", "coordinates": [ 77.5824746, 13.0937467 ] } },
{ "type": "Feature", "properties": { "name": "Srishti School Yelahanka", "highway": "bus_stop", "railway": null, "public_transport": "platform" }, "geometry": { "type": "Point", "coordinates": [ 77.5757961, 13.1070323 ] } },
{ "type": "Feature", "properties": { "name": "Bagalur Old Police Station", "highway": "bus_stop", "railway": null, "public_transport": "platform" }, "geometry": { "type": "Point", "coordinates": [ 77.6664452, 13.1302377 ] } },
{ "type": "Feature", "properties": { "name": "Kanakshree Layout Chikka Gubbi", "highway": "bus_stop", "railway": null, "public_transport": "platform" }, "geometry": { "type": "Point", "coordinates": [ 77.6546904, 13.0872951 ] } },
{ "type": "Feature", "properties": { "name": "Hennur Petrol Bunk", "highway": "bus_stop", "railway": null, "public_transport": "platform" }, "geometry": { "type": "Point", "coordinates": [ 77.6371448, 13.0328255 ] } },
{ "type": "Feature", "properties": { "name": "Kogilu Cross", "highway": "bus_stop", "railway": null, "public_transport": "platform" }, "geometry": { "type": "Point", "coordinates": [ 77.6012045, 13.103589 ] } },
{ "type": "Feature", "properties": { "name": "Kogilu", "highway": "bus_stop", "railway": null, "public_transport": "platform" }, "geometry": { "type": "Point", "coordinates": [ 77.6161424, 13.1035374 ] } },
{ "type": "Feature", "properties": { "name": "Sir M Vishweshwaraiah Railway Station", "highway": "bus_stop", "railway": null, "public_transport": "platform" }, "geometry": { "type": "Point", "coordinates": [ 77.640464, 12.9994746 ] } },
{ "type": "Feature", "properties": { "name": "Seventh Day School", "highway": "bus_stop", "railway": null, "public_transport": "platform" }, "geometry": { "type": "Point", "coordinates": [ 77.6110596, 12.9956942 ] } },
{ "type": "Feature", "properties": { "name": "Dasarahalli Kere", "highway": "bus_stop", "railway": null, "public_transport": "platform" }, "geometry": { "type": "Point", "coordinates": [ 77.5418647, 12.985858 ] } },
{ "type": "Feature", "properties": { "name": "Bashyam Circle Rajajinagara", "highway": "bus_stop", "railway": null, "public_transport": "platform" }, "geometry": { "type": "Point", "coordinates": [ 77.5539426, 12.9844558 ] } },
{ "type": "Feature", "properties": { "name": "Basaveshwaranagara New Bus Stand", "highway": "bus_stop", "railway": null, "public_transport": "platform" }, "geometry": { "type": "Point", "coordinates": [ 77.5336665, 12.9884455 ] } },
{ "type": "Feature", "properties": { "name": "Havanuru Circle", "highway": "bus_stop", "railway": null, "public_transport": "platform" }, "geometry": { "type": "Point", "coordinates": [ 77.5370622, 12.9879241 ] } },
{ "type": "Feature", "properties": { "name": "Canara Bank Rajajinagara 1st Block", "highway": "bus_stop", "railway": null, "public_transport": "platform" }, "geometry": { "type": "Point", "coordinates": [ 77.5505242, 13.0002194 ] } },
{ "type": "Feature", "properties": { "name": "SBM Colony", "highway": "bus_stop", "railway": null, "public_transport": "platform" }, "geometry": { "type": "Point", "coordinates": [ 77.5526032, 12.938813 ] } },
{ "type": "Feature", "properties": { "name": "Shanimahathma Temple", "highway": "bus_stop", "railway": null, "public_transport": "platform" }, "geometry": { "type": "Point", "coordinates": [ 77.5158748, 12.8368122 ] } },
{ "type": "Feature", "properties": { "name": "Lakshmipura", "highway": "bus_stop", "railway": null, "public_transport": "platform" }, "geometry": { "type": "Point", "coordinates": [ 77.5136882, 12.833359 ] } },
{ "type": "Feature", "properties": { "name": "Dayananda Sagar College", "highway": "bus_stop", "railway": null, "public_transport": "platform" }, "geometry": { "type": "Point", "coordinates": [ 77.5135674, 12.8251148 ] } },
{ "type": "Feature", "properties": { "name": "Depot-25", "highway": "bus_stop", "railway": null, "public_transport": "platform" }, "geometry": { "type": "Point", "coordinates": [ 77.6424041, 12.9191537 ] } },
{ "type": "Feature", "properties": { "name": "Bagalkunte", "highway": "bus_stop", "railway": null, "public_transport": "platform" }, "geometry": { "type": "Point", "coordinates": [ 77.5073341, 13.0568493 ] } },
{ "type": "Feature", "properties": { "name": "Lingarajapura", "highway": "bus_stop", "railway": null, "public_transport": "platform" }, "geometry": { "type": "Point", "coordinates": [ 77.6258602, 13.0122681 ] } },
{ "type": "Feature", "properties": { "name": "Jyothi School", "highway": "bus_stop", "railway": null, "public_transport": "platform" }, "geometry": { "type": "Point", "coordinates": [ 77.6293161, 13.0166472 ] } },
{ "type": "Feature", "properties": { "name": "BEL Hospital", "highway": "bus_stop", "railway": null, "public_transport": "platform" }, "geometry": { "type": "Point", "coordinates": [ 77.5574312, 13.0494009 ] } },
{ "type": "Feature", "properties": { "name": "Nagasandra", "highway": null, "railway": "station", "public_transport": "station" }, "geometry": { "type": "Point", "coordinates": [ 77.5001422, 13.0479536 ] } },
{ "type": "Feature", "properties": { "name": "Yeshwantpur", "highway": null, "railway": "station", "public_transport": "station" }, "geometry": { "type": "Point", "coordinates": [ 77.5498751, 13.0232678 ] } },
{ "type": "Feature", "properties": { "name": "Kadugodi Tree Park", "highway": null, "railway": "station", "public_transport": "station" }, "geometry": { "type": "Point", "coordinates": [ 77.7470121, 12.9856503 ] } },
{ "type": "Feature", "properties": { "name": "Sarjapura Road Junction", "highway": "bus_stop", "railway": null, "public_transport": "platform" }, "geometry": { "type": "Point", "coordinates": [ 77.6659064, 12.9212241 ] } },
{ "type": "Feature", "properties": { "name": "Coles Road", "highway": "bus_stop", "railway": null, "public_transport": "platform" }, "geometry": { "type": "Point", "coordinates": [ 77.6122016, 12.9964403 ] } },
{ "type": "Feature", "properties": { "name": "Subbayanapalya", "highway": "bus_stop", "railway": null, "public_transport": "platform" }, "geometry": { "type": "Point", "coordinates": [ 77.6410957, 13.0077004 ] } },
{ "type": "Feature", "properties": { "name": "Maruthi School", "highway": "bus_stop", "railway": null, "public_transport": "stop_position" }, "geometry": { "type": "Point", "coordinates": [ 77.6442252, 13.0097344 ] } },
{ "type": "Feature", "properties": { "name": "Maruthi School", "highway": "bus_stop", "railway": null, "public_transport": "platform" }, "geometry": { "type": "Point", "coordinates": [ 77.644262, 13.0096891 ] } },
{ "type": "Feature", "properties": { "name": "Banaswadi 100 Feet Road", "highway": "bus_stop", "railway": null, "public_transport": "platform" }, "geometry": { "type": "Point", "coordinates": [ 77.6498115, 13.0151902 ] } },
{ "type": "Feature", "properties": { "name": "Indira Canteen (Desi Masala)", "highway": "bus_stop", "railway": null, "public_transport": "platform" }, "geometry": { "type": "Point", "coordinates": [ 77.6534607, 13.0179446 ] } },
{ "type": "Feature", "properties": { "name": "Horamavu Junction", "highway": "bus_stop", "railway": null, "public_transport": "platform" }, "geometry": { "type": "Point", "coordinates": [ 77.6559283, 13.019412 ] } },
{ "type": "Feature", "properties": { "name": "RK Medical", "highway": "bus_stop", "railway": null, "public_transport": "platform" }, "geometry": { "type": "Point", "coordinates": [ 77.6580821, 13.0228497 ] } },
{ "type": "Feature", "properties": { "name": "Horamavu", "highway": "bus_stop", "railway": null, "public_transport": "platform" }, "geometry": { "type": "Point", "coordinates": [ 77.6607656, 13.0262651 ] } },
{ "type": "Feature", "properties": { "name": "Jayanthi Nagar", "highway": "bus_stop", "railway": null, "public_transport": "platform" }, "geometry": { "type": "Point", "coordinates": [ 77.6639132, 13.0287274 ] } },
{ "type": "Feature", "properties": { "name": "Kalkere School", "highway": "bus_stop", "railway": null, "public_transport": "platform" }, "geometry": { "type": "Point", "coordinates": [ 77.672739, 13.0330005 ] } },
{ "type": "Feature", "properties": { "name": "Kalkere", "highway": "bus_stop", "railway": null, "public_transport": "platform" }, "geometry": { "type": "Point", "coordinates": [ 77.6745884, 13.0335362 ] } },
{ "type": "Feature", "properties": { "name": "Pooja Garden", "highway": "bus_stop", "railway": null, "public_transport": "platform" }, "geometry": { "type": "Point", "coordinates": [ 77.677677, 13.0391348 ] } },
{ "type": "Feature", "properties": { "name": "Indira Canteen (Desi Masala)", "highway": "bus_stop", "railway": null, "public_transport": "platform" }, "geometry": { "type": "Point", "coordinates": [ 77.6532622, 13.0181302 ] } },
{ "type": "Feature", "properties": { "name": "Banaswadi 100 Feet Road", "highway": "bus_stop", "railway": null, "public_transport": "platform" }, "geometry": { "type": "Point", "coordinates": [ 77.6496124, 13.0151758 ] } },
{ "type": "Feature", "properties": { "name": "Banaswadi Fire Station", "highway": "bus_stop", "railway": null, "public_transport": "platform" }, "geometry": { "type": "Point", "coordinates": [ 77.645929, 13.0113022 ] } },
{ "type": "Feature", "properties": { "name": "Kalkere School", "highway": "bus_stop", "railway": null, "public_transport": "platform" }, "geometry": { "type": "Point", "coordinates": [ 77.6727685, 13.0331874 ] } },
{ "type": "Feature", "properties": { "name": "Sun Shine School", "highway": "bus_stop", "railway": null, "public_transport": "platform" }, "geometry": { "type": "Point", "coordinates": [ 77.6684931, 13.0310433 ] } },
{ "type": "Feature", "properties": { "name": "Central", "highway": "bus_stop", "railway": null, "public_transport": "platform" }, "geometry": { "type": "Point", "coordinates": [ 77.5727101, 12.9896451 ] } },
{ "type": "Feature", "properties": { "name": "Chandra Layout Circle", "highway": "bus_stop", "railway": null, "public_transport": "platform" }, "geometry": { "type": "Point", "coordinates": [ 77.5262944, 12.958394 ] } },
{ "type": "Feature", "properties": { "name": "Crown Plaza", "highway": "bus_stop", "railway": null, "public_transport": "platform" }, "geometry": { "type": "Point", "coordinates": [ 77.660193, 12.8510899 ] } },
{ "type": "Feature", "properties": { "name": "Konnappana Agrahara", "highway": "bus_stop", "railway": null, "public_transport": "platform" }, "geometry": { "type": "Point", "coordinates": [ 77.6639508, 12.856112 ] } },
{ "type": "Feature", "properties": { "name": "Nagarbhavi Circle", "highway": "bus_stop", "railway": null, "public_transport": "platform" }, "geometry": { "type": "Point", "coordinates": [ 77.5190122, 12.9584907 ] } },
{ "type": "Feature", "properties": { "name": "B Channasandra Bridge", "highway": "bus_stop", "railway": null, "public_transport": "platform" }, "geometry": { "type": "Point", "coordinates": [ 77.6620196, 13.012326 ] } },
{ "type": "Feature", "properties": { "name": "Doctors Layout Kasturinagara", "highway": "bus_stop", "railway": null, "public_transport": "platform" }, "geometry": { "type": "Point", "coordinates": [ 77.6593709, 13.0061885 ] } },
{ "type": "Feature", "properties": { "name": "Benniganahalli Bridge", "highway": "bus_stop", "railway": null, "public_transport": "platform" }, "geometry": { "type": "Point", "coordinates": [ 77.6627317, 12.9971996 ] } },
{ "type": "Feature", "properties": { "name": "AECS Layout", "highway": "bus_stop", "railway": null, "public_transport": "platform" }, "geometry": { "type": "Point", "coordinates": [ 77.7183067, 12.9647797 ] } },
{ "type": "Feature", "properties": { "name": "Gottigere NICE Road Junction", "highway": "bus_stop", "railway": null, "public_transport": "platform" }, "geometry": { "type": "Point", "coordinates": [ 77.5880308, 12.8529034 ] } },
{ "type": "Feature", "properties": { "name": "Anjanapura 10th Block", "highway": "bus_stop", "railway": null, "public_transport": "platform" }, "geometry": { "type": "Point", "coordinates": [ 77.5694311, 12.8559276 ] } },
{ "type": "Feature", "properties": { "name": "Anjanapura 2nd Cross", "highway": "bus_stop", "railway": null, "public_transport": "platform" }, "geometry": { "type": "Point", "coordinates": [ 77.5596115, 12.8606476 ] } },
{ "type": "Feature", "properties": { "name": "Anjanapura", "highway": "bus_stop", "railway": null, "public_transport": "platform" }, "geometry": { "type": "Point", "coordinates": [ 77.5639594, 12.8620335 ] } },
{ "type": "Feature", "properties": { "name": "Narayana Nagara Cross", "highway": "bus_stop", "railway": null, "public_transport": "platform" }, "geometry": { "type": "Point", "coordinates": [ 77.5538515, 12.8797005 ] } },
{ "type": "Feature", "properties": { "name": "Karishma Hills", "highway": "bus_stop", "railway": null, "public_transport": "platform" }, "geometry": { "type": "Point", "coordinates": [ 77.5363688, 12.8885159 ] } },
{ "type": "Feature", "properties": { "name": "Kariyanapalya", "highway": "bus_stop", "railway": null, "public_transport": "platform" }, "geometry": { "type": "Point", "coordinates": [ 77.5217736, 12.8928366 ] } },
{ "type": "Feature", "properties": { "name": "Srinivasapura Uttarahalli Road", "highway": "bus_stop", "railway": null, "public_transport": "platform" }, "geometry": { "type": "Point", "coordinates": [ 77.5109321, 12.90139 ] } },
{ "type": "Feature", "properties": { "name": "Srinivasapura", "highway": "bus_stop", "railway": null, "public_transport": "platform" }, "geometry": { "type": "Point", "coordinates": [ 77.5106478, 12.9038372 ] } },
{ "type": "Feature", "properties": { "name": "Srinivasapura Uttarahalli Road", "highway": "bus_stop", "railway": null, "public_transport": "platform" }, "geometry": { "type": "Point", "coordinates": [ 77.5107148, 12.9015731 ] } },
{ "type": "Feature", "properties": { "name": "Kariyanapalya", "highway": "bus_stop", "railway": null, "public_transport": "platform" }, "geometry": { "type": "Point", "coordinates": [ 77.5217005, 12.8926522 ] } },
{ "type": "Feature", "properties": { "name": "Karishma Hills", "highway": "bus_stop", "railway": null, "public_transport": "platform" }, "geometry": { "type": "Point", "coordinates": [ 77.5362951, 12.8883774 ] } },
{ "type": "Feature", "properties": { "name": "Gubbalala", "highway": "bus_stop", "railway": null, "public_transport": "platform" }, "geometry": { "type": "Point", "coordinates": [ 77.5413403, 12.8837102 ] } },
{ "type": "Feature", "properties": { "name": "Raghuvanahalli Gate", "highway": "bus_stop", "railway": null, "public_transport": "platform" }, "geometry": { "type": "Point", "coordinates": [ 77.5462675, 12.8808392 ] } },
{ "type": "Feature", "properties": { "name": "Narayana Nagara Cross", "highway": "bus_stop", "railway": null, "public_transport": "platform" }, "geometry": { "type": "Point", "coordinates": [ 77.5542793, 12.8789462 ] } },
{ "type": "Feature", "properties": { "name": "Avalahalli BDA Layout Cross", "highway": "bus_stop", "railway": null, "public_transport": "platform" }, "geometry": { "type": "Point", "coordinates": [ 77.5611363, 12.8738709 ] } },
{ "type": "Feature", "properties": { "name": "Avalahalli", "highway": "bus_stop", "railway": null, "public_transport": "platform" }, "geometry": { "type": "Point", "coordinates": [ 77.5665142, 12.8726158 ] } },
{ "type": "Feature", "properties": { "name": "Nandi Garden Kothanur", "highway": "bus_stop", "railway": null, "public_transport": "platform" }, "geometry": { "type": "Point", "coordinates": [ 77.5656693, 12.8677117 ] } },
{ "type": "Feature", "properties": { "name": "Anjanapura", "highway": "bus_stop", "railway": null, "public_transport": "platform" }, "geometry": { "type": "Point", "coordinates": [ 77.563952, 12.8621257 ] } },
{ "type": "Feature", "properties": { "name": "Anjanapura Cross", "highway": "bus_stop", "railway": null, "public_transport": "platform" }, "geometry": { "type": "Point", "coordinates": [ 77.5609278, 12.8618975 ] } },
{ "type": "Feature", "properties": { "name": "Anjanapura 2nd Cross", "highway": "bus_stop", "railway": null, "public_transport": "platform" }, "geometry": { "type": "Point", "coordinates": [ 77.5595994, 12.8608581 ] } },
{ "type": "Feature", "properties": { "name": "Anjanapura 10th Block", "highway": "bus_stop", "railway": null, "public_transport": "platform" }, "geometry": { "type": "Point", "coordinates": [ 77.5694941, 12.8557786 ] } },
{ "type": "Feature", "properties": { "name": "Gottigere NICE Road Junction", "highway": "bus_stop", "railway": null, "public_transport": "platform" }, "geometry": { "type": "Point", "coordinates": [ 77.5879598, 12.8527635 ] } },
{ "type": "Feature", "properties": { "name": "Domlur Flyover", "highway": "bus_stop", "railway": null, "public_transport": "platform" }, "geometry": { "type": "Point", "coordinates": [ 77.6412959, 12.956858 ] } },
{ "type": "Feature", "properties": { "name": null, "highway": "bus_stop", "railway": null, "public_transport": null }, "geometry": { "type": "Point", "coordinates": [ 77.5737462, 12.9764878 ] } },
{ "type": "Feature", "properties": { "name": "Koramangala Kalyana Mantapa", "highway": "bus_stop", "railway": null, "public_transport": "platform" }, "geometry": { "type": "Point", "coordinates": [ 77.6184151, 12.9374229 ] } },
{ "type": "Feature", "properties": { "name": "Monotype", "highway": "bus_stop", "railway": null, "public_transport": "platform" }, "geometry": { "type": "Point", "coordinates": [ 77.5714287, 12.9214109 ] } },
{ "type": "Feature", "properties": { "name": null, "highway": "bus_stop", "railway": null, "public_transport": "platform" }, "geometry": { "type": "Point", "coordinates": [ 77.7030467, 12.9735707 ] } },
{ "type": "Feature", "properties": { "name": null, "highway": "bus_stop", "railway": null, "public_transport": "platform" }, "geometry": { "type": "Point", "coordinates": [ 77.6118661, 13.1216554 ] } },
{ "type": "Feature", "properties": { "name": null, "highway": "bus_stop", "railway": null, "public_transport": "platform" }, "geometry": { "type": "Point", "coordinates": [ 77.6113859, 13.1219072 ] } },
{ "type": "Feature", "properties": { "name": null, "highway": "bus_stop", "railway": null, "public_transport": "platform" }, "geometry": { "type": "Point", "coordinates": [ 77.611446, 13.1219032 ] } },
{ "type": "Feature", "properties": { "name": "B.K. Halli", "highway": "bus_stop", "railway": null, "public_transport": "platform" }, "geometry": { "type": "Point", "coordinates": [ 77.6899867, 13.1701706 ] } },
{ "type": "Feature", "properties": { "name": "Dynamatic Junction", "highway": "bus_stop", "railway": null, "public_transport": "platform" }, "geometry": { "type": "Point", "coordinates": [ 77.7155513, 13.1844012 ] } },
{ "type": "Feature", "properties": { "name": "Kempegowda-Yelahanka", "highway": "bus_stop", "railway": null, "public_transport": "platform" }, "geometry": { "type": "Point", "coordinates": [ 77.5987364, 13.0987564 ] } },
{ "type": "Feature", "properties": { "name": null, "highway": "bus_stop", "railway": null, "public_transport": null }, "geometry": { "type": "Point", "coordinates": [ 77.6448796, 12.9168514 ] } },
{ "type": "Feature", "properties": { "name": "Shiva Mandira", "highway": "bus_stop", "railway": null, "public_transport": "platform" }, "geometry": { "type": "Point", "coordinates": [ 77.5756518, 13.1072011 ] } },
{ "type": "Feature", "properties": { "name": "Devasandra", "highway": "bus_stop", "railway": null, "public_transport": null }, "geometry": { "type": "Point", "coordinates": [ 77.5663875, 13.0365718 ] } },
{ "type": "Feature", "properties": { "name": "Rameshnagara", "highway": "bus_stop", "railway": null, "public_transport": "platform" }, "geometry": { "type": "Point", "coordinates": [ 77.6821593, 12.9641615 ] } },
{ "type": "Feature", "properties": { "name": "Basavanagara", "highway": "bus_stop", "railway": null, "public_transport": "platform" }, "geometry": { "type": "Point", "coordinates": [ 77.6828496, 12.9667792 ] } },
{ "type": "Feature", "properties": { "name": "GM Palya", "highway": "bus_stop", "railway": null, "public_transport": "platform" }, "geometry": { "type": "Point", "coordinates": [ 77.6665016, 12.9754164 ] } },
{ "type": "Feature", "properties": { "name": "BEML Gate", "highway": "bus_stop", "railway": null, "public_transport": "platform" }, "geometry": { "type": "Point", "coordinates": [ 77.6579587, 12.9716148 ] } },
{ "type": "Feature", "properties": { "name": "Binnamangala", "highway": "bus_stop", "railway": null, "public_transport": "platform" }, "geometry": { "type": "Point", "coordinates": [ 77.6407041, 12.9835737 ] } },
{ "type": "Feature", "properties": { "name": "Madivala", "highway": "bus_stop", "railway": null, "public_transport": "platform" }, "geometry": { "type": "Point", "coordinates": [ 77.6211213, 12.9214542 ] } },
{ "type": "Feature", "properties": { "name": "Krupanidhi College", "highway": "bus_stop", "railway": null, "public_transport": "platform" }, "geometry": { "type": "Point", "coordinates": [ 77.6288098, 12.924028 ] } },
{ "type": "Feature", "properties": { "name": "Petrol Bunk", "highway": "bus_stop", "railway": null, "public_transport": "platform" }, "geometry": { "type": "Point", "coordinates": [ 77.6561187, 12.9675333 ] } },
{ "type": "Feature", "properties": { "name": "BEML Gate", "highway": "bus_stop", "railway": null, "public_transport": "platform" }, "geometry": { "type": "Point", "coordinates": [ 77.6589565, 12.9710443 ] } },
{ "type": "Feature", "properties": { "name": "Malleshapalya", "highway": "bus_stop", "railway": null, "public_transport": "platform" }, "geometry": { "type": "Point", "coordinates": [ 77.6704645, 12.9747486 ] } },
{ "type": "Feature", "properties": { "name": "Mallesh Palya New Bus Stand", "highway": "bus_stop", "railway": null, "public_transport": "platform" }, "geometry": { "type": "Point", "coordinates": [ 77.6777313, 12.972608 ] } },
{ "type": "Feature", "properties": { "name": "Rv Teachers College,Basavanagudi", "highway": "bus_stop", "railway": null, "public_transport": "platform" }, "geometry": { "type": "Point", "coordinates": [ 77.5799864, 12.9443248 ] } },
{ "type": "Feature", "properties": { "name": "Elcot", "highway": "bus_stop", "railway": null, "public_transport": null }, "geometry": { "type": "Point", "coordinates": [ 77.8404483, 12.7650219 ] } },
{ "type": "Feature", "properties": { "name": "Elcot", "highway": "bus_stop", "railway": null, "public_transport": null }, "geometry": { "type": "Point", "coordinates": [ 77.840319, 12.7651255 ] } },
{ "type": "Feature", "properties": { "name": "EMC square", "highway": "bus_stop", "railway": null, "public_transport": null }, "geometry": { "type": "Point", "coordinates": [ 77.6927116, 12.9831817 ] } },
{ "type": "Feature", "properties": { "name": "Mahadevapura", "highway": "bus_stop", "railway": null, "public_transport": null }, "geometry": { "type": "Point", "coordinates": [ 77.68952, 12.9882859 ] } },
{ "type": "Feature", "properties": { "name": "Palace Ground", "highway": "bus_stop", "railway": null, "public_transport": "platform" }, "geometry": { "type": "Point", "coordinates": [ 77.5840216, 13.0102719 ] } },
{ "type": "Feature", "properties": { "name": "Palace Ground", "highway": "bus_stop", "railway": null, "public_transport": "platform" }, "geometry": { "type": "Point", "coordinates": [ 77.5840303, 13.0104117 ] } },
{ "type": "Feature", "properties": { "name": "Palace Ground", "highway": "bus_stop", "railway": null, "public_transport": "platform" }, "geometry": { "type": "Point", "coordinates": [ 77.5840397, 13.0105633 ] } },
{ "type": "Feature", "properties": { "name": "Sadashivanagar", "highway": "bus_stop", "railway": null, "public_transport": "platform" }, "geometry": { "type": "Point", "coordinates": [ 77.580296, 13.0086333 ] } },
{ "type": "Feature", "properties": { "name": "Agrahara Dasarahalli", "highway": "bus_stop", "railway": null, "public_transport": "platform" }, "geometry": { "type": "Point", "coordinates": [ 77.5405645, 12.9789155 ] } },
{ "type": "Feature", "properties": { "name": "Hunasuru", "highway": "bus_stop", "railway": null, "public_transport": "platform" }, "geometry": { "type": "Point", "coordinates": [ 77.714723, 13.180882 ] } },
{ "type": "Feature", "properties": { "name": "Govindaraja Nagar", "highway": "bus_stop", "railway": null, "public_transport": "platform" }, "geometry": { "type": "Point", "coordinates": [ 77.5367385, 12.9755632 ] } },
{ "type": "Feature", "properties": { "name": "Jayanagara 18th Main", "highway": "bus_stop", "railway": null, "public_transport": "platform" }, "geometry": { "type": "Point", "coordinates": [ 77.5895195, 12.9234175 ] } },
{ "type": "Feature", "properties": { "name": "BK Circle", "highway": "bus_stop", "railway": null, "public_transport": "platform" }, "geometry": { "type": "Point", "coordinates": [ 77.5830835, 12.8705684 ] } },
{ "type": "Feature", "properties": { "name": "Water Tank Kothnuru Dinne", "highway": "bus_stop", "railway": null, "public_transport": "platform" }, "geometry": { "type": "Point", "coordinates": [ 77.5842181, 12.8745665 ] } },
{ "type": "Feature", "properties": { "name": "RBI Layout", "highway": "bus_stop", "railway": null, "public_transport": "platform" }, "geometry": { "type": "Point", "coordinates": [ 77.5820133, 12.887959 ] } },
{ "type": "Feature", "properties": { "name": "Brigade Millenium", "highway": "bus_stop", "railway": null, "public_transport": "platform" }, "geometry": { "type": "Point", "coordinates": [ 77.5819892, 12.8919437 ] } },
{ "type": "Feature", "properties": { "name": "Nayara Petrol Pump Lakshmi Layout", "highway": "bus_stop", "railway": null, "public_transport": "platform" }, "geometry": { "type": "Point", "coordinates": [ 77.5878632, 12.8913057 ] } },
{ "type": "Feature", "properties": { "name": "Nandini Hotel JP Nagara", "highway": "bus_stop", "railway": null, "public_transport": "platform" }, "geometry": { "type": "Point", "coordinates": [ 77.5858167, 12.9052961 ] } },
{ "type": "Feature", "properties": { "name": "JP Nagara 15th Cross", "highway": "bus_stop", "railway": null, "public_transport": "platform" }, "geometry": { "type": "Point", "coordinates": [ 77.585814, 12.9065667 ] } },
{ "type": "Feature", "properties": { "name": "South End Circle", "highway": "bus_stop", "railway": null, "public_transport": "platform" }, "geometry": { "type": "Point", "coordinates": [ 77.5801653, 12.9358102 ] } },
{ "type": "Feature", "properties": { "name": "Jayanagara Metro Station", "highway": "bus_stop", "railway": null, "public_transport": "platform" }, "geometry": { "type": "Point", "coordinates": [ 77.580345, 12.9287715 ] } },
{ "type": "Feature", "properties": { "name": "RV Road Metro Station", "highway": "bus_stop", "railway": null, "public_transport": "platform" }, "geometry": { "type": "Point", "coordinates": [ 77.5801411, 12.9216804 ] } },
{ "type": "Feature", "properties": { "name": "Jettipalya", "highway": "bus_stop", "railway": null, "public_transport": "platform" }, "geometry": { "type": "Point", "coordinates": [ 77.4005645, 12.975704 ] } },
{ "type": "Feature", "properties": { "name": "Kittanahalli Palya", "highway": "bus_stop", "railway": null, "public_transport": "platform" }, "geometry": { "type": "Point", "coordinates": [ 77.4137476, 13.0097767 ] } },
{ "type": "Feature", "properties": { "name": null, "highway": "bus_stop", "railway": null, "public_transport": "platform" }, "geometry": { "type": "Point", "coordinates": [ 77.5676674, 12.9533505 ] } },
{ "type": "Feature", "properties": { "name": "Jayanagara Telephone Exchange", "highway": "bus_stop", "railway": null, "public_transport": "platform" }, "geometry": { "type": "Point", "coordinates": [ 77.5836829, 12.9237961 ] } },
{ "type": "Feature", "properties": { "name": "Jayanagara Telephone Exchange", "highway": "bus_stop", "railway": null, "public_transport": "platform" }, "geometry": { "type": "Point", "coordinates": [ 77.5836803, 12.9238842 ] } },
{ "type": "Feature", "properties": { "name": "Cox Town", "highway": "bus_stop", "railway": null, "public_transport": "platform" }, "geometry": { "type": "Point", "coordinates": [ 77.6210197, 12.9973551 ] } },
{ "type": "Feature", "properties": { "name": "Nelamangala Bypass", "highway": "bus_stop", "railway": null, "public_transport": "platform" }, "geometry": { "type": "Point", "coordinates": [ 77.3854342, 13.0975609 ] } },
{ "type": "Feature", "properties": { "name": "Manjunatha Kalyana Mantapa", "highway": "bus_stop", "railway": null, "public_transport": "platform" }, "geometry": { "type": "Point", "coordinates": [ 77.5374323, 12.8747129 ] } },
{ "type": "Feature", "properties": { "name": "Makkala Koota", "highway": "bus_stop", "railway": null, "public_transport": "platform" }, "geometry": { "type": "Point", "coordinates": [ 77.5738621, 12.9576895 ] } },
{ "type": "Feature", "properties": { "name": "Chikka Adugodi", "highway": "bus_stop", "railway": null, "public_transport": "platform" }, "geometry": { "type": "Point", "coordinates": [ 77.609227, 12.9278212 ] } },
{ "type": "Feature", "properties": { "name": "Malleswaram Circle", "highway": "bus_stop", "railway": null, "public_transport": "platform" }, "geometry": { "type": "Point", "coordinates": [ 77.5715225, 12.9969892 ] } },
{ "type": "Feature", "properties": { "name": "RMS Sheshadripuram", "highway": "bus_stop", "railway": null, "public_transport": "platform" }, "geometry": { "type": "Point", "coordinates": [ 77.5779618, 12.9944632 ] } },
{ "type": "Feature", "properties": { "name": "Silk Institute Metro Station", "highway": "bus_stop", "railway": null, "public_transport": "platform" }, "geometry": { "type": "Point", "coordinates": [ 77.5297183, 12.8610895 ] } },
{ "type": "Feature", "properties": { "name": "Guttahalli Underpass", "highway": "bus_stop", "railway": null, "public_transport": "platform" }, "geometry": { "type": "Point", "coordinates": [ 77.5841021, 12.9977321 ] } },
{ "type": "Feature", "properties": { "name": "Guttahalli Underpass", "highway": "bus_stop", "railway": null, "public_transport": "platform" }, "geometry": { "type": "Point", "coordinates": [ 77.5847941, 12.997817 ] } },
{ "type": "Feature", "properties": { "name": "RM Guttahalli Post Office", "highway": "bus_stop", "railway": null, "public_transport": "platform" }, "geometry": { "type": "Point", "coordinates": [ 77.5827274, 12.9992577 ] } },
{ "type": "Feature", "properties": { "name": "Mantri Square Metro Station", "highway": "bus_stop", "railway": null, "public_transport": "platform" }, "geometry": { "type": "Point", "coordinates": [ 77.5716647, 12.990554 ] } },
{ "type": "Feature", "properties": { "name": "Electronic City", "highway": "bus_stop", "railway": null, "public_transport": "platform" }, "geometry": { "type": "Point", "coordinates": [ 77.6715401, 12.8466888 ] } },
{ "type": "Feature", "properties": { "name": "Bommasandra", "highway": "bus_stop", "railway": null, "public_transport": "platform" }, "geometry": { "type": "Point", "coordinates": [ 77.6873866, 12.8209225 ] } },
{ "type": "Feature", "properties": { "name": "Sir M Visvesvaraya Terminal", "highway": null, "railway": "station", "public_transport": "station" }, "geometry": { "type": "Point", "coordinates": [ 77.6411538, 12.999655 ] } },
{ "type": "Feature", "properties": { "name": "Sunkadakatte", "highway": "bus_stop", "railway": null, "public_transport": "platform" }, "geometry": { "type": "Point", "coordinates": [ 77.5023973, 12.9899522 ] } },
{ "type": "Feature", "properties": { "name": "Goraguntepalaya", "highway": "bus_stop", "railway": null, "public_transport": "stop_position" }, "geometry": { "type": "Point", "coordinates": [ 77.539867, 13.0287619 ] } },
{ "type": "Feature", "properties": { "name": "Maharani College", "highway": "bus_stop", "railway": null, "public_transport": "platform" }, "geometry": { "type": "Point", "coordinates": [ 77.5849664, 12.9774225 ] } },
{ "type": "Feature", "properties": { "name": "Maharani College", "highway": "bus_stop", "railway": null, "public_transport": "platform" }, "geometry": { "type": "Point", "coordinates": [ 77.5849181, 12.9774564 ] } },
{ "type": "Feature", "properties": { "name": "Ananda Rao Circle", "highway": "bus_stop", "railway": null, "public_transport": "platform" }, "geometry": { "type": "Point", "coordinates": [ 77.5745434, 12.9817573 ] } },
{ "type": "Feature", "properties": { "name": "Ananda Rao Circle", "highway": "bus_stop", "railway": null, "public_transport": "platform" }, "geometry": { "type": "Point", "coordinates": [ 77.5745507, 12.981686 ] } },
{ "type": "Feature", "properties": { "name": "Coles Park", "highway": "bus_stop", "railway": null, "public_transport": "platform" }, "geometry": { "type": "Point", "coordinates": [ 77.6082101, 12.9950789 ] } },
{ "type": "Feature", "properties": { "name": "Prestige Shantiniketan", "highway": "bus_stop", "railway": null, "public_transport": null }, "geometry": { "type": "Point", "coordinates": [ 77.7266513, 12.9892717 ] } },
{ "type": "Feature", "properties": { "name": "Prestige Shantiniketan", "highway": "bus_stop", "railway": null, "public_transport": null }, "geometry": { "type": "Point", "coordinates": [ 77.7266513, 12.9892717 ] } },
{ "type": "Feature", "properties": { "name": "Kuvempnagara 1st stage", "highway": "bus_stop", "railway": null, "public_transport": "platform" }, "geometry": { "type": "Point", "coordinates": [ 77.5413847, 13.0697553 ] } },
{ "type": "Feature", "properties": { "name": "Sony World Signal", "highway": "bus_stop", "railway": null, "public_transport": "platform" }, "geometry": { "type": "Point", "coordinates": [ 77.6266111, 12.9375016 ] } },
{ "type": "Feature", "properties": { "name": "Huskur Village", "highway": "bus_stop", "railway": null, "public_transport": "platform" }, "geometry": { "type": "Point", "coordinates": [ 77.4312152, 13.1241224 ] } },
{ "type": "Feature", "properties": { "name": "Kakaramanahalli", "highway": "bus_stop", "railway": null, "public_transport": "platform" }, "geometry": { "type": "Point", "coordinates": [ 77.3630831, 12.8301094 ] } },
{ "type": "Feature", "properties": { "name": "KSRTC Pickup Point - Electronic City", "highway": "bus_stop", "railway": null, "public_transport": null }, "geometry": { "type": "Point", "coordinates": [ 77.6720227, 12.8467776 ] } },
{ "type": "Feature", "properties": { "name": "Gangamma Circle", "highway": "bus_stop", "railway": null, "public_transport": "platform" }, "geometry": { "type": "Point", "coordinates": [ 77.5463255, 13.0563105 ] } },
{ "type": "Feature", "properties": { "name": "Gangamma Circle", "highway": "bus_stop", "railway": null, "public_transport": "platform" }, "geometry": { "type": "Point", "coordinates": [ 77.5463423, 13.0563278 ] } },
{ "type": "Feature", "properties": { "name": "BEL Circle", "highway": "bus_stop", "railway": null, "public_transport": "platform" }, "geometry": { "type": "Point", "coordinates": [ 77.5558571, 13.0462602 ] } },
{ "type": "Feature", "properties": { "name": "Doddabommasandra", "highway": "bus_stop", "railway": null, "public_transport": "platform" }, "geometry": { "type": "Point", "coordinates": [ 77.5591641, 13.0599082 ] } },
{ "type": "Feature", "properties": { "name": "Varthuru Kodi", "highway": "bus_stop", "railway": null, "public_transport": "platform" }, "geometry": { "type": "Point", "coordinates": [ 77.7452443, 12.956268 ] } },
{ "type": "Feature", "properties": { "name": "Jalavayu Vihara", "highway": "bus_stop", "railway": null, "public_transport": "platform" }, "geometry": { "type": "Point", "coordinates": [ 77.6369221, 13.0213105 ] } },
{ "type": "Feature", "properties": { "name": "Isolation Hospital", "highway": "bus_stop", "railway": null, "public_transport": "platform" }, "geometry": { "type": "Point", "coordinates": [ 77.6425231, 12.9852559 ] } },
{ "type": "Feature", "properties": { "name": "Nisarga Club House Bus Stop", "highway": "bus_stop", "railway": null, "public_transport": "platform" }, "geometry": { "type": "Point", "coordinates": [ 77.6178167, 12.7880719 ] } },
{ "type": "Feature", "properties": { "name": "KIA8C Chandapura", "highway": "bus_stop", "railway": null, "public_transport": "platform" }, "geometry": { "type": "Point", "coordinates": [ 77.7079714, 13.1990811 ] } },
{ "type": "Feature", "properties": { "name": "KIA4A: Whitefield TTMC => Kempegowda International Airport Limited", "highway": "bus_stop", "railway": null, "public_transport": "platform" }, "geometry": { "type": "Point", "coordinates": [ 77.70813, 13.1991991 ] } },
{ "type": "Feature", "properties": { "name": "KIA10: Mysore Road Satellite Bus Station => Kempegowda International Airport Limited", "highway": "bus_stop", "railway": null, "public_transport": "platform" }, "geometry": { "type": "Point", "coordinates": [ 77.7085698, 13.1991952 ] } },
{ "type": "Feature", "properties": { "name": "KIA7A: HSR BDA Shopping Complex => Kempegowda International Airport Limited", "highway": "bus_stop", "railway": null, "public_transport": "platform" }, "geometry": { "type": "Point", "coordinates": [ 77.7082968, 13.199084 ] } },
{ "type": "Feature", "properties": { "name": "Mysore Flybus", "highway": "bus_stop", "railway": null, "public_transport": "platform" }, "geometry": { "type": "Point", "coordinates": [ 77.7086953, 13.199193 ] } },
{ "type": "Feature", "properties": { "name": "KIA5: Banashankari TTMC => Kempegowda International Airport Limited", "highway": "bus_stop", "railway": null, "public_transport": "platform" }, "geometry": { "type": "Point", "coordinates": [ 77.7084524, 13.1991956 ] } },
{ "type": "Feature", "properties": { "name": "KIA9", "highway": "bus_stop", "railway": null, "public_transport": "platform" }, "geometry": { "type": "Point", "coordinates": [ 77.7085702, 13.1990756 ] } },
{ "type": "Feature", "properties": { "name": "KIA15: Whitefield TTMC => Kempegowda International Airport Limited", "highway": "bus_stop", "railway": null, "public_transport": "platform" }, "geometry": { "type": "Point", "coordinates": [ 77.7079896, 13.1992052 ] } },
{ "type": "Feature", "properties": { "name": "KIA8: Electronic City => Kempegowda International Airport Limited", "highway": "bus_stop", "railway": null, "public_transport": "platform" }, "geometry": { "type": "Point", "coordinates": [ 77.7084375, 13.1990814 ] } },
{ "type": "Feature", "properties": { "name": "Mysore Flybus T2 Pickup", "highway": "bus_stop", "railway": null, "public_transport": null }, "geometry": { "type": "Point", "coordinates": [ 77.7138101, 13.1981895 ] } },
{ "type": "Feature", "properties": { "name": null, "highway": "bus_stop", "railway": null, "public_transport": null }, "geometry": { "type": "Point", "coordinates": [ 77.5799086, 12.9537548 ] } },
{ "type": "Feature", "properties": { "name": "Billapura", "highway": "bus_stop", "railway": null, "public_transport": "platform" }, "geometry": { "type": "Point", "coordinates": [ 77.7851182, 12.8369187 ] } },
{ "type": "Feature", "properties": { "name": "S Medahalli", "highway": "bus_stop", "railway": null, "public_transport": "platform" }, "geometry": { "type": "Point", "coordinates": [ 77.7859926, 12.823832 ] } },
{ "type": "Feature", "properties": { "name": "Bidaraguppe", "highway": "bus_stop", "railway": null, "public_transport": "platform" }, "geometry": { "type": "Point", "coordinates": [ 77.7834097, 12.8059558 ] } },
{ "type": "Feature", "properties": { "name": "Indlubele", "highway": "bus_stop", "railway": null, "public_transport": "platform" }, "geometry": { "type": "Point", "coordinates": [ 77.7761114, 12.7909005 ] } },
{ "type": "Feature", "properties": { "name": "Jigala Cross", "highway": "bus_stop", "railway": null, "public_transport": "platform" }, "geometry": { "type": "Point", "coordinates": [ 77.7719164, 12.7822243 ] } },
{ "type": "Feature", "properties": { "name": "Attibele Bus Stand", "highway": "bus_stop", "railway": null, "public_transport": "platform" }, "geometry": { "type": "Point", "coordinates": [ 77.7708288, 12.7791782 ] } },
{ "type": "Feature", "properties": { "name": "Jyothi Farm", "highway": "bus_stop", "railway": null, "public_transport": "platform" }, "geometry": { "type": "Point", "coordinates": [ 77.5290906, 12.8600704 ] } },
{ "type": "Feature", "properties": { "name": "Vajramuneshwara Gate", "highway": "bus_stop", "railway": null, "public_transport": "platform" }, "geometry": { "type": "Point", "coordinates": [ 77.5333004, 12.8646641 ] } },
{ "type": "Feature", "properties": { "name": "Thalaghattapura", "highway": "bus_stop", "railway": null, "public_transport": "platform" }, "geometry": { "type": "Point", "coordinates": [ 77.5369616, 12.8693996 ] } },
{ "type": "Feature", "properties": { "name": "Bayyanapalya", "highway": "bus_stop", "railway": null, "public_transport": "platform" }, "geometry": { "type": "Point", "coordinates": [ 77.543757, 12.8754829 ] } },
{ "type": "Feature", "properties": { "name": "Gubbalala Gate", "highway": "bus_stop", "railway": null, "public_transport": "platform" }, "geometry": { "type": "Point", "coordinates": [ 77.5511773, 12.8840566 ] } },
{ "type": "Feature", "properties": { "name": "Doddakallasandra", "highway": "bus_stop", "railway": null, "public_transport": "platform" }, "geometry": { "type": "Point", "coordinates": [ 77.5567047, 12.8857647 ] } },
{ "type": "Feature", "properties": { "name": "Sonnenahalli Government Hospital", "highway": "bus_stop", "railway": null, "public_transport": "platform" }, "geometry": { "type": "Point", "coordinates": [ 77.5017894, 13.1935284 ] } },
{ "type": "Feature", "properties": { "name": "Yediyuru", "highway": "bus_stop", "railway": null, "public_transport": "platform" }, "geometry": { "type": "Point", "coordinates": [ 77.5764424, 12.9308067 ] } },
{ "type": "Feature", "properties": { "name": "Jayanagar 6th Block", "highway": "bus_stop", "railway": null, "public_transport": "platform" }, "geometry": { "type": "Point", "coordinates": [ 77.5779987, 12.9307772 ] } },
{ "type": "Feature", "properties": { "name": "Jayanagar 6th Block", "highway": "bus_stop", "railway": null, "public_transport": "platform" }, "geometry": { "type": "Point", "coordinates": [ 77.5784004, 12.9309387 ] } },
{ "type": "Feature", "properties": { "name": "Yediyur", "highway": "bus_stop", "railway": null, "public_transport": "platform" }, "geometry": { "type": "Point", "coordinates": [ 77.5763445, 12.9301531 ] } },
{ "type": "Feature", "properties": { "name": "Rajeevgandhi Bus Stop", "highway": "bus_stop", "railway": null, "public_transport": "platform" }, "geometry": { "type": "Point", "coordinates": [ 77.814838, 12.8835819 ] } },
{ "type": "Feature", "properties": { "name": null, "highway": "bus_stop", "railway": null, "public_transport": "platform" }, "geometry": { "type": "Point", "coordinates": [ 77.5268859, 13.0074142 ] } },
{ "type": "Feature", "properties": { "name": "CBI", "highway": "bus_stop", "railway": null, "public_transport": "platform" }, "geometry": { "type": "Point", "coordinates": [ 77.5862814, 13.0268237 ] } },
{ "type": "Feature", "properties": { "name": "CBI", "highway": "bus_stop", "railway": null, "public_transport": "platform" }, "geometry": { "type": "Point", "coordinates": [ 77.586225, 13.0268361 ] } },
{ "type": "Feature", "properties": { "name": "CBI", "highway": "bus_stop", "railway": null, "public_transport": "platform" }, "geometry": { "type": "Point", "coordinates": [ 77.5865234, 13.0268492 ] } },
{ "type": "Feature", "properties": { "name": "Kasthurinagara", "highway": "bus_stop", "railway": null, "public_transport": "platform" }, "geometry": { "type": "Point", "coordinates": [ 77.661288, 13.0024523 ] } },
{ "type": "Feature", "properties": { "name": "Kempegowda International Airport Back Gate", "highway": "bus_stop", "railway": null, "public_transport": "platform" }, "geometry": { "type": "Point", "coordinates": [ 77.6799581, 13.1982596 ] } },
{ "type": "Feature", "properties": { "name": "Sathya Nagara", "highway": "bus_stop", "railway": null, "public_transport": "platform" }, "geometry": { "type": "Point", "coordinates": [ 77.639827, 13.0003951 ] } },
{ "type": "Feature", "properties": { "name": "Herohalli Cross", "highway": "bus_stop", "railway": null, "public_transport": "platform" }, "geometry": { "type": "Point", "coordinates": [ 77.4924724, 12.9874647 ] } },
{ "type": "Feature", "properties": { "name": "Bharath Nagara 1st Phase", "highway": "bus_stop", "railway": null, "public_transport": "platform" }, "geometry": { "type": "Point", "coordinates": [ 77.4851178, 12.9813678 ] } },
{ "type": "Feature", "properties": { "name": "Ganga International School", "highway": "bus_stop", "railway": null, "public_transport": "platform" }, "geometry": { "type": "Point", "coordinates": [ 77.4962185, 13.0282993 ] } },
{ "type": "Feature", "properties": { "name": "Siddhartha School Cross", "highway": "bus_stop", "railway": null, "public_transport": "platform" }, "geometry": { "type": "Point", "coordinates": [ 77.4889283, 13.0261472 ] } },
{ "type": "Feature", "properties": { "name": "Kari Obanahalli", "highway": "bus_stop", "railway": null, "public_transport": "platform" }, "geometry": { "type": "Point", "coordinates": [ 77.4865981, 13.0250536 ] } },
{ "type": "Feature", "properties": { "name": "Garudappa Circle Thigalarapalya", "highway": "bus_stop", "railway": null, "public_transport": "platform" }, "geometry": { "type": "Point", "coordinates": [ 77.4840822, 13.015734 ] } },
{ "type": "Feature", "properties": { "name": "Andrahalli Government School", "highway": "bus_stop", "railway": null, "public_transport": "platform" }, "geometry": { "type": "Point", "coordinates": [ 77.4828739, 13.00966 ] } },
{ "type": "Feature", "properties": { "name": "Andrahalli", "highway": "bus_stop", "railway": null, "public_transport": "platform" }, "geometry": { "type": "Point", "coordinates": [ 77.4847652, 13.0080359 ] } },
{ "type": "Feature", "properties": { "name": "Acharya College", "highway": "bus_stop", "railway": null, "public_transport": "platform" }, "geometry": { "type": "Point", "coordinates": [ 77.488142, 13.0023468 ] } },
{ "type": "Feature", "properties": { "name": "Arch Lingadeeranahalli", "highway": "bus_stop", "railway": null, "public_transport": "platform" }, "geometry": { "type": "Point", "coordinates": [ 77.4887163, 12.9994091 ] } },
{ "type": "Feature", "properties": { "name": "Herohalli", "highway": "bus_stop", "railway": null, "public_transport": "platform" }, "geometry": { "type": "Point", "coordinates": [ 77.4874399, 12.9904626 ] } },
{ "type": "Feature", "properties": { "name": "Gidadakonenahalli Cross", "highway": "bus_stop", "railway": null, "public_transport": "platform" }, "geometry": { "type": "Point", "coordinates": [ 77.4877942, 12.9746219 ] } },
{ "type": "Feature", "properties": { "name": "Muddinapalya Junction", "highway": "bus_stop", "railway": null, "public_transport": "platform" }, "geometry": { "type": "Point", "coordinates": [ 77.4882468, 12.9712095 ] } },
{ "type": "Feature", "properties": { "name": "Annapoorneshwari Nagara Cross", "highway": "bus_stop", "railway": null, "public_transport": "platform" }, "geometry": { "type": "Point", "coordinates": [ 77.4963448, 12.9699736 ] } },
{ "type": "Feature", "properties": { "name": "Nagarbhavi Vishweshwariah Sports Club", "highway": "bus_stop", "railway": null, "public_transport": "platform" }, "geometry": { "type": "Point", "coordinates": [ 77.4993612, 12.9690723 ] } },
{ "type": "Feature", "properties": { "name": "ITI Layout", "highway": "bus_stop", "railway": null, "public_transport": "platform" }, "geometry": { "type": "Point", "coordinates": [ 77.5023634, 12.9677746 ] } },
{ "type": "Feature", "properties": { "name": "Ambedkar Institute of Technology", "highway": "bus_stop", "railway": null, "public_transport": "platform" }, "geometry": { "type": "Point", "coordinates": [ 77.5049269, 12.9629691 ] } },
{ "type": "Feature", "properties": { "name": "Kengunte Circle", "highway": "bus_stop", "railway": null, "public_transport": "platform" }, "geometry": { "type": "Point", "coordinates": [ 77.5043407, 12.9607534 ] } },
{ "type": "Feature", "properties": { "name": "Mallathalli Cross", "highway": "bus_stop", "railway": null, "public_transport": "platform" }, "geometry": { "type": "Point", "coordinates": [ 77.5030522, 12.9574836 ] } },
{ "type": "Feature", "properties": { "name": "University Quarters", "highway": "bus_stop", "railway": null, "public_transport": "platform" }, "geometry": { "type": "Point", "coordinates": [ 77.4998029, 12.9523715 ] } },
{ "type": "Feature", "properties": { "name": "BUC Admin Block", "highway": "bus_stop", "railway": null, "public_transport": "platform" }, "geometry": { "type": "Point", "coordinates": [ 77.5010908, 12.9491271 ] } },
{ "type": "Feature", "properties": { "name": "BUC Library", "highway": "bus_stop", "railway": null, "public_transport": "platform" }, "geometry": { "type": "Point", "coordinates": [ 77.5042329, 12.9442791 ] } },
{ "type": "Feature", "properties": { "name": "BUC Ladies Hostel", "highway": "bus_stop", "railway": null, "public_transport": "platform" }, "geometry": { "type": "Point", "coordinates": [ 77.505647, 12.942176 ] } },
{ "type": "Feature", "properties": { "name": "Bengaluru University Gate", "highway": "bus_stop", "railway": null, "public_transport": "platform" }, "geometry": { "type": "Point", "coordinates": [ 77.5127142, 12.9359016 ] } },
{ "type": "Feature", "properties": { "name": "BK Circle", "highway": "bus_stop", "railway": null, "public_transport": "platform" }, "geometry": { "type": "Point", "coordinates": [ 77.5832935, 12.8713756 ] } },
{ "type": "Feature", "properties": { "name": "Dommasandra Circle", "highway": "bus_stop", "railway": null, "public_transport": "platform" }, "geometry": { "type": "Point", "coordinates": [ 77.7525549, 12.8830212 ] } },
{ "type": "Feature", "properties": { "name": "TISB Boys Hostel", "highway": "bus_stop", "railway": null, "public_transport": "platform" }, "geometry": { "type": "Point", "coordinates": [ 77.7496755, 12.8917607 ] } },
{ "type": "Feature", "properties": { "name": "Green Wood High School", "highway": "bus_stop", "railway": null, "public_transport": "platform" }, "geometry": { "type": "Point", "coordinates": [ 77.7478999, 12.9013835 ] } },
{ "type": "Feature", "properties": { "name": "Heggondanahalli", "highway": "bus_stop", "railway": null, "public_transport": "platform" }, "geometry": { "type": "Point", "coordinates": [ 77.7465615, 12.9060961 ] } },
{ "type": "Feature", "properties": { "name": "Coffee Day Hope Farm", "highway": "bus_stop", "railway": null, "public_transport": "platform" }, "geometry": { "type": "Point", "coordinates": [ 77.7517086, 12.9799512 ] } },
{ "type": "Feature", "properties": { "name": "Sathya Sai Baba Mandir", "highway": "bus_stop", "railway": null, "public_transport": "platform" }, "geometry": { "type": "Point", "coordinates": [ 77.7576819, 13.0012792 ] } },
{ "type": "Feature", "properties": { "name": "Belathur", "highway": "bus_stop", "railway": null, "public_transport": "platform" }, "geometry": { "type": "Point", "coordinates": [ 77.757116, 13.0040142 ] } },
{ "type": "Feature", "properties": { "name": "Chaitanya Samarpan Apartment", "highway": "bus_stop", "railway": null, "public_transport": "platform" }, "geometry": { "type": "Point", "coordinates": [ 77.7621464, 13.0218371 ] } },
{ "type": "Feature", "properties": { "name": "Sai Lakshmi Industries", "highway": "bus_stop", "railway": null, "public_transport": "platform" }, "geometry": { "type": "Point", "coordinates": [ 77.7617897, 13.0247481 ] } },
{ "type": "Feature", "properties": { "name": "Bevina Mara Kannamangala", "highway": "bus_stop", "railway": null, "public_transport": "platform" }, "geometry": { "type": "Point", "coordinates": [ 77.7605227, 13.0279401 ] } },
{ "type": "Feature", "properties": { "name": "Kannamangala Gate", "highway": "bus_stop", "railway": null, "public_transport": "platform" }, "geometry": { "type": "Point", "coordinates": [ 77.7587249, 13.0322787 ] } },
{ "type": "Feature", "properties": { "name": "Khaji Sonnenahalli Gate", "highway": "bus_stop", "railway": null, "public_transport": "platform" }, "geometry": { "type": "Point", "coordinates": [ 77.7591186, 13.0346865 ] } },
{ "type": "Feature", "properties": { "name": "Safal Market", "highway": "bus_stop", "railway": null, "public_transport": "platform" }, "geometry": { "type": "Point", "coordinates": [ 77.7598598, 13.0379012 ] } },
{ "type": "Feature", "properties": { "name": "Gorivegere Gate", "highway": "bus_stop", "railway": null, "public_transport": "platform" }, "geometry": { "type": "Point", "coordinates": [ 77.7604855, 13.0440731 ] } },
{ "type": "Feature", "properties": { "name": "Sannathammanahalli", "highway": "bus_stop", "railway": null, "public_transport": "platform" }, "geometry": { "type": "Point", "coordinates": [ 77.7607185, 13.047903 ] } },
{ "type": "Feature", "properties": { "name": "Katamanallur Gate", "highway": "bus_stop", "railway": null, "public_transport": "platform" }, "geometry": { "type": "Point", "coordinates": [ 77.7620071, 13.0530682 ] } },
{ "type": "Feature", "properties": { "name": "Sapthagiri Convention Hall", "highway": "bus_stop", "railway": null, "public_transport": "platform" }, "geometry": { "type": "Point", "coordinates": [ 77.7566129, 13.0508236 ] } },
{ "type": "Feature", "properties": { "name": "RINAC Factory Marenahalli", "highway": "bus_stop", "railway": null, "public_transport": "platform" }, "geometry": { "type": "Point", "coordinates": [ 77.3658729, 12.9746715 ] } },
{ "type": "Feature", "properties": { "name": "Karekal Cross", "highway": "bus_stop", "railway": null, "public_transport": "platform" }, "geometry": { "type": "Point", "coordinates": [ 77.373713, 12.9737489 ] } },
{ "type": "Feature", "properties": { "name": "Peddanapalya Cross", "highway": "bus_stop", "railway": null, "public_transport": "platform" }, "geometry": { "type": "Point", "coordinates": [ 77.3885067, 12.9675497 ] } },
{ "type": "Feature", "properties": { "name": "Tavarekere", "highway": "bus_stop", "railway": null, "public_transport": "platform" }, "geometry": { "type": "Point", "coordinates": [ 77.3999141, 12.9656579 ] } },
{ "type": "Feature", "properties": { "name": "Gulaganjahalli Cross", "highway": "bus_stop", "railway": null, "public_transport": "platform" }, "geometry": { "type": "Point", "coordinates": [ 77.4253589, 12.9412148 ] } },
{ "type": "Feature", "properties": { "name": "Kommaghatta Junction", "highway": "bus_stop", "railway": null, "public_transport": "platform" }, "geometry": { "type": "Point", "coordinates": [ 77.4813909, 12.9143883 ] } },
{ "type": "Feature", "properties": { "name": "Kengeri Ganesha Temple", "highway": "bus_stop", "railway": null, "public_transport": "platform" }, "geometry": { "type": "Point", "coordinates": [ 77.4804039, 12.9116465 ] } },
{ "type": "Feature", "properties": { "name": "Kengunte Circle", "highway": "bus_stop", "railway": null, "public_transport": "platform" }, "geometry": { "type": "Point", "coordinates": [ 77.5049897, 12.9602851 ] } },
{ "type": "Feature", "properties": { "name": "12th Block Nagarbhavi", "highway": "bus_stop", "railway": null, "public_transport": "platform" }, "geometry": { "type": "Point", "coordinates": [ 77.5140361, 12.9601427 ] } },
{ "type": "Feature", "properties": { "name": "Jyothi Nagara", "highway": "bus_stop", "railway": null, "public_transport": "platform" }, "geometry": { "type": "Point", "coordinates": [ 77.5217669, 12.9592141 ] } },
{ "type": "Feature", "properties": { "name": "Chandra Layout Circle", "highway": "bus_stop", "railway": null, "public_transport": "platform" }, "geometry": { "type": "Point", "coordinates": [ 77.526391, 12.9581731 ] } },
{ "type": "Feature", "properties": { "name": "Ganesha Temple Chandra Layout", "highway": "bus_stop", "railway": null, "public_transport": "platform" }, "geometry": { "type": "Point", "coordinates": [ 77.5286803, 12.9577209 ] } },
{ "type": "Feature", "properties": { "name": "Chandra Public School", "highway": "bus_stop", "railway": null, "public_transport": "platform" }, "geometry": { "type": "Point", "coordinates": [ 77.5295748, 12.9602969 ] } },
{ "type": "Feature", "properties": { "name": "Income Tax Layout", "highway": "bus_stop", "railway": null, "public_transport": "platform" }, "geometry": { "type": "Point", "coordinates": [ 77.5314765, 12.9599323 ] } },
{ "type": "Feature", "properties": { "name": "6th Block Rajajinagara", "highway": "bus_stop", "railway": null, "public_transport": "platform" }, "geometry": { "type": "Point", "coordinates": [ 77.5538112, 12.9796559 ] } },
{ "type": "Feature", "properties": { "name": "KK School, Varthur", "highway": "bus_stop", "railway": null, "public_transport": "platform" }, "geometry": { "type": "Point", "coordinates": [ 77.742746, 12.9330941 ] } },
{ "type": "Feature", "properties": { "name": "Geetanjali Layout", "highway": "bus_stop", "railway": null, "public_transport": "platform" }, "geometry": { "type": "Point", "coordinates": [ 77.6547468, 12.9767102 ] } },
{ "type": "Feature", "properties": { "name": "Chinmaya Mission Hospital", "highway": "bus_stop", "railway": null, "public_transport": "platform" }, "geometry": { "type": "Point", "coordinates": [ 77.6463796, 12.9786522 ] } },
{ "type": "Feature", "properties": { "name": "GTRE Engine Division", "highway": "bus_stop", "railway": null, "public_transport": "platform" }, "geometry": { "type": "Point", "coordinates": [ 77.6502239, 12.9820428 ] } },
{ "type": "Feature", "properties": { "name": "Bagmane Tech Park", "highway": "bus_stop", "railway": null, "public_transport": "platform" }, "geometry": { "type": "Point", "coordinates": [ 77.6567531, 12.9807418 ] } },
{ "type": "Feature", "properties": { "name": "Sommanahalli Toll", "highway": "bus_stop", "railway": null, "public_transport": "platform" }, "geometry": { "type": "Point", "coordinates": [ 77.5004219, 12.7828808 ] } },
{ "type": "Feature", "properties": { "name": "Kaggalipura", "highway": "bus_stop", "railway": null, "public_transport": "platform" }, "geometry": { "type": "Point", "coordinates": [ 77.5084551, 12.8001885 ] } },
{ "type": "Feature", "properties": { "name": "Marasur Gate", "highway": "bus_stop", "railway": null, "public_transport": "platform" }, "geometry": { "type": "Point", "coordinates": [ 77.7015004, 12.7694775 ] } },
{ "type": "Feature", "properties": { "name": "Chandapura", "highway": "bus_stop", "railway": null, "public_transport": "platform" }, "geometry": { "type": "Point", "coordinates": [ 77.7044132, 12.8025151 ] } },
{ "type": "Feature", "properties": { "name": "Hosakote Toll", "highway": "bus_stop", "railway": null, "public_transport": "platform" }, "geometry": { "type": "Point", "coordinates": [ 77.7703768, 13.0593106 ] } },
{ "type": "Feature", "properties": { "name": "Hosakote Bus Station", "highway": "bus_stop", "railway": null, "public_transport": "platform" }, "geometry": { "type": "Point", "coordinates": [ 77.784504, 13.0704646 ] } },
{ "type": "Feature", "properties": { "name": "Nelamangala Jass Toll", "highway": "bus_stop", "railway": null, "public_transport": "platform" }, "geometry": { "type": "Point", "coordinates": [ 77.3752633, 13.1136908 ] } },
{ "type": "Feature", "properties": { "name": "Tumkur Road Junction", "highway": "bus_stop", "railway": null, "public_transport": "platform" }, "geometry": { "type": "Point", "coordinates": [ 77.3862965, 13.0972683 ] } },
{ "type": "Feature", "properties": { "name": "Sondekoppa Circle", "highway": "bus_stop", "railway": null, "public_transport": "platform" }, "geometry": { "type": "Point", "coordinates": [ 77.3951948, 13.0923961 ] } },
{ "type": "Feature", "properties": { "name": "Jayanagar TTMC", "highway": "bus_stop", "railway": null, "public_transport": "platform" }, "geometry": { "type": "Point", "coordinates": [ 77.5835475, 12.9274788 ] } },
{ "type": "Feature", "properties": { "name": "Chikka Belavagala Gate", "highway": "bus_stop", "railway": null, "public_transport": "platform" }, "geometry": { "type": "Point", "coordinates": [ 77.4269655, 13.1985459 ] } },
{ "type": "Feature", "properties": { "name": "Ramadevanahalli Cross", "highway": "bus_stop", "railway": null, "public_transport": "platform" }, "geometry": { "type": "Point", "coordinates": [ 77.4228001, 13.1946001 ] } },
{ "type": "Feature", "properties": { "name": "Makali Cross Madhure Road", "highway": "bus_stop", "railway": null, "public_transport": "platform" }, "geometry": { "type": "Point", "coordinates": [ 77.4057144, 13.1344157 ] } },
{ "type": "Feature", "properties": { "name": "KG Srinivasapura Cross", "highway": "bus_stop", "railway": null, "public_transport": "platform" }, "geometry": { "type": "Point", "coordinates": [ 77.4002641, 13.1293326 ] } },
{ "type": "Feature", "properties": { "name": "Mylanahalli Cross", "highway": "bus_stop", "railway": null, "public_transport": "platform" }, "geometry": { "type": "Point", "coordinates": [ 77.3983061, 13.1272638 ] } },
{ "type": "Feature", "properties": { "name": "Islampura Cross", "highway": "bus_stop", "railway": null, "public_transport": "platform" }, "geometry": { "type": "Point", "coordinates": [ 77.3887682, 13.1134662 ] } },
{ "type": "Feature", "properties": { "name": "Basavanahalli Cross", "highway": "bus_stop", "railway": null, "public_transport": "platform" }, "geometry": { "type": "Point", "coordinates": [ 77.3887333, 13.1020608 ] } },
{ "type": "Feature", "properties": { "name": "Nelamangala Hunasemara", "highway": "bus_stop", "railway": null, "public_transport": "platform" }, "geometry": { "type": "Point", "coordinates": [ 77.3907866, 13.1003536 ] } },
{ "type": "Feature", "properties": { "name": "High School Sondekoppa", "highway": "bus_stop", "railway": null, "public_transport": "platform" }, "geometry": { "type": "Point", "coordinates": [ 77.3844284, 13.025506 ] } },
{ "type": "Feature", "properties": { "name": "Sondekoppa", "highway": "bus_stop", "railway": null, "public_transport": "platform" }, "geometry": { "type": "Point", "coordinates": [ 77.3841333, 13.0211419 ] } },
{ "type": "Feature", "properties": { "name": "Mallasandra", "highway": "bus_stop", "railway": null, "public_transport": "platform" }, "geometry": { "type": "Point", "coordinates": [ 77.3939556, 13.0026656 ] } },
{ "type": "Feature", "properties": { "name": "Chowdeshwarinagara", "highway": "bus_stop", "railway": null, "public_transport": "platform" }, "geometry": { "type": "Point", "coordinates": [ 77.3992073, 12.9975537 ] } },
{ "type": "Feature", "properties": { "name": "Metipalya", "highway": "bus_stop", "railway": null, "public_transport": "platform" }, "geometry": { "type": "Point", "coordinates": [ 77.4022168, 12.9934609 ] } },
{ "type": "Feature", "properties": { "name": "Varthuru", "highway": "bus_stop", "railway": null, "public_transport": "platform" }, "geometry": { "type": "Point", "coordinates": [ 77.4020585, 12.9856045 ] } },
{ "type": "Feature", "properties": { "name": "Jettipalya", "highway": "bus_stop", "railway": null, "public_transport": "platform" }, "geometry": { "type": "Point", "coordinates": [ 77.4004036, 12.9757954 ] } },
{ "type": "Feature", "properties": { "name": "Gangenahalli Cross", "highway": "bus_stop", "railway": null, "public_transport": "platform" }, "geometry": { "type": "Point", "coordinates": [ 77.3998833, 12.9731451 ] } },
{ "type": "Feature", "properties": { "name": "BWSSB Tavarekere", "highway": "bus_stop", "railway": null, "public_transport": "platform" }, "geometry": { "type": "Point", "coordinates": [ 77.3992315, 12.9701837 ] } },
{ "type": "Feature", "properties": { "name": "KR Pura Metro Station", "highway": "bus_stop", "railway": null, "public_transport": "platform" }, "geometry": { "type": "Point", "coordinates": [ 77.6770943, 13.0000391 ] } },
{ "type": "Feature", "properties": { "name": "Dombarahatti Dongadipura Cross", "highway": "bus_stop", "railway": null, "public_transport": "platform" }, "geometry": { "type": "Point", "coordinates": [ 77.4604784, 12.9721009 ] } },
{ "type": "Feature", "properties": { "name": "Yale Kodigehalli Colony", "highway": "bus_stop", "railway": null, "public_transport": "platform" }, "geometry": { "type": "Point", "coordinates": [ 77.468411, 12.98274 ] } },
{ "type": "Feature", "properties": { "name": "Gollarahatti", "highway": "bus_stop", "railway": null, "public_transport": "platform" }, "geometry": { "type": "Point", "coordinates": [ 77.4725886, 12.9885723 ] } },
{ "type": "Feature", "properties": { "name": "College Cross Byadarahalli", "highway": "bus_stop", "railway": null, "public_transport": "platform" }, "geometry": { "type": "Point", "coordinates": [ 77.4795744, 12.9855091 ] } },
{ "type": "Feature", "properties": { "name": "Byadarahalli", "highway": "bus_stop", "railway": null, "public_transport": "platform" }, "geometry": { "type": "Point", "coordinates": [ 77.481873, 12.9850165 ] } },
{ "type": "Feature", "properties": { "name": "East West College Cross", "highway": "bus_stop", "railway": null, "public_transport": "platform" }, "geometry": { "type": "Point", "coordinates": [ 77.4863859, 12.9855483 ] } },
{ "type": "Feature", "properties": { "name": "Anjananagara", "highway": "bus_stop", "railway": null, "public_transport": "platform" }, "geometry": { "type": "Point", "coordinates": [ 77.4884525, 12.9860998 ] } },
{ "type": "Feature", "properties": { "name": "Herohalli Cross", "highway": "bus_stop", "railway": null, "public_transport": "platform" }, "geometry": { "type": "Point", "coordinates": [ 77.4932536, 12.987472 ] } },
{ "type": "Feature", "properties": { "name": "Janapriya Apartment", "highway": "bus_stop", "railway": null, "public_transport": "platform" }, "geometry": { "type": "Point", "coordinates": [ 77.4991626, 12.9887853 ] } },
{ "type": "Feature", "properties": { "name": "Byatha", "highway": "bus_stop", "railway": null, "public_transport": "platform" }, "geometry": { "type": "Point", "coordinates": [ 77.4849415, 13.1928975 ] } },
{ "type": "Feature", "properties": { "name": "Byatha Cross", "highway": "bus_stop", "railway": null, "public_transport": "platform" }, "geometry": { "type": "Point", "coordinates": [ 77.4865293, 13.1935086 ] } },
{ "type": "Feature", "properties": { "name": "Kamakshipura", "highway": "bus_stop", "railway": null, "public_transport": "platform" }, "geometry": { "type": "Point", "coordinates": [ 77.488718, 13.1980106 ] } },
{ "type": "Feature", "properties": { "name": "HP Petrol Bunk Kakolu", "highway": "bus_stop", "railway": null, "public_transport": "platform" }, "geometry": { "type": "Point", "coordinates": [ 77.5209407, 13.178691 ] } },
{ "type": "Feature", "properties": { "name": "Ananthapura Gate", "highway": "bus_stop", "railway": null, "public_transport": "platform" }, "geometry": { "type": "Point", "coordinates": [ 77.5789905, 13.1145738 ] } },
{ "type": "Feature", "properties": { "name": "Hegganahalli", "highway": "bus_stop", "railway": null, "public_transport": "platform" }, "geometry": { "type": "Point", "coordinates": [ 77.5047469, 13.0038168 ] } },
{ "type": "Feature", "properties": { "name": "Milk Dairy Hegganahalli", "highway": "bus_stop", "railway": null, "public_transport": "platform" }, "geometry": { "type": "Point", "coordinates": [ 77.5056374, 13.0075671 ] } },
{ "type": "Feature", "properties": { "name": "NTTF Peenya", "highway": "bus_stop", "railway": null, "public_transport": "platform" }, "geometry": { "type": "Point", "coordinates": [ 77.5111105, 13.024871 ] } },
{ "type": "Feature", "properties": { "name": "Rolling Mill", "highway": "bus_stop", "railway": null, "public_transport": "platform" }, "geometry": { "type": "Point", "coordinates": [ 77.5147408, 13.0264677 ] } },
{ "type": "Feature", "properties": { "name": "TVS Cross Peenya", "highway": "bus_stop", "railway": null, "public_transport": "platform" }, "geometry": { "type": "Point", "coordinates": [ 77.5197794, 13.0287032 ] } },
{ "type": "Feature", "properties": { "name": "Doddakallasandra Metro Station", "highway": "bus_stop", "railway": null, "public_transport": "platform" }, "geometry": { "type": "Point", "coordinates": [ 77.5522663, 12.8846358 ] } },
{ "type": "Feature", "properties": { "name": "Vajarahalli", "highway": "bus_stop", "railway": null, "public_transport": "platform" }, "geometry": { "type": "Point", "coordinates": [ 77.5444517, 12.8771394 ] } },
{ "type": "Feature", "properties": { "name": "Silk Institute Metro Station", "highway": "bus_stop", "railway": null, "public_transport": "platform" }, "geometry": { "type": "Point", "coordinates": [ 77.5299396, 12.8619812 ] } },
{ "type": "Feature", "properties": { "name": "Art of Living Sri Ravishankar Ashram", "highway": "bus_stop", "railway": null, "public_transport": "platform" }, "geometry": { "type": "Point", "coordinates": [ 77.5126179, 12.8280322 ] } },
{ "type": "Feature", "properties": { "name": "Platform 18", "highway": "bus_stop", "railway": null, "public_transport": "platform" }, "geometry": { "type": "Point", "coordinates": [ 77.7137217, 13.1986099 ] } },
{ "type": "Feature", "properties": { "name": "Platform 17", "highway": "bus_stop", "railway": null, "public_transport": "platform" }, "geometry": { "type": "Point", "coordinates": [ 77.7136739, 13.1983782 ] } },
{ "type": "Feature", "properties": { "name": "Platform 16", "highway": "bus_stop", "railway": null, "public_transport": "platform" }, "geometry": { "type": "Point", "coordinates": [ 77.7136732, 13.1982424 ] } },
{ "type": "Feature", "properties": { "name": "Platform 15", "highway": "bus_stop", "railway": null, "public_transport": "platform" }, "geometry": { "type": "Point", "coordinates": [ 77.7136725, 13.1981076 ] } },
{ "type": "Feature", "properties": { "name": "Platform 14", "highway": "bus_stop", "railway": null, "public_transport": "platform" }, "geometry": { "type": "Point", "coordinates": [ 77.7136719, 13.1979731 ] } },
{ "type": "Feature", "properties": { "name": "Platform 13", "highway": "bus_stop", "railway": null, "public_transport": "platform" }, "geometry": { "type": "Point", "coordinates": [ 77.7136712, 13.1978386 ] } },
{ "type": "Feature", "properties": { "name": "Platform 12", "highway": "bus_stop", "railway": null, "public_transport": "platform" }, "geometry": { "type": "Point", "coordinates": [ 77.7136305, 13.1984761 ] } },
{ "type": "Feature", "properties": { "name": "Platform 11", "highway": "bus_stop", "railway": null, "public_transport": "platform" }, "geometry": { "type": "Point", "coordinates": [ 77.7137342, 13.1983776 ] } },
{ "type": "Feature", "properties": { "name": "Platform 10", "highway": "bus_stop", "railway": null, "public_transport": "platform" }, "geometry": { "type": "Point", "coordinates": [ 77.7137336, 13.1982418 ] } },
{ "type": "Feature", "properties": { "name": "Platform 9", "highway": "bus_stop", "railway": null, "public_transport": "platform" }, "geometry": { "type": "Point", "coordinates": [ 77.7137329, 13.198107 ] } },
{ "type": "Feature", "properties": { "name": "Platform 8", "highway": "bus_stop", "railway": null, "public_transport": "platform" }, "geometry": { "type": "Point", "coordinates": [ 77.7137322, 13.1979724 ] } },
{ "type": "Feature", "properties": { "name": "Platform 7", "highway": "bus_stop", "railway": null, "public_transport": "platform" }, "geometry": { "type": "Point", "coordinates": [ 77.7137316, 13.1978379 ] } },
{ "type": "Feature", "properties": { "name": "Platform 6", "highway": "bus_stop", "railway": null, "public_transport": "platform" }, "geometry": { "type": "Point", "coordinates": [ 77.7137637, 13.1985858 ] } },
{ "type": "Feature", "properties": { "name": "Platform 5", "highway": "bus_stop", "railway": null, "public_transport": "platform" }, "geometry": { "type": "Point", "coordinates": [ 77.7137131, 13.1985332 ] } },
{ "type": "Feature", "properties": { "name": "Platform 4", "highway": "bus_stop", "railway": null, "public_transport": "platform" }, "geometry": { "type": "Point", "coordinates": [ 77.7137839, 13.1982398 ] } },
{ "type": "Feature", "properties": { "name": "Platform 3", "highway": "bus_stop", "railway": null, "public_transport": "platform" }, "geometry": { "type": "Point", "coordinates": [ 77.7137832, 13.198105 ] } },
{ "type": "Feature", "properties": { "name": "Platform 2", "highway": "bus_stop", "railway": null, "public_transport": "platform" }, "geometry": { "type": "Point", "coordinates": [ 77.7137825, 13.1979705 ] } },
{ "type": "Feature", "properties": { "name": "Platform 1", "highway": "bus_stop", "railway": null, "public_transport": "platform" }, "geometry": { "type": "Point", "coordinates": [ 77.7137819, 13.197836 ] } },
{ "type": "Feature", "properties": { "name": "AECS Layout Singasandra", "highway": "bus_stop", "railway": null, "public_transport": "platform" }, "geometry": { "type": "Point", "coordinates": [ 77.6500831, 12.8829572 ] } },
{ "type": "Feature", "properties": { "name": "Kudlu Panchayath Office", "highway": "bus_stop", "railway": null, "public_transport": "platform" }, "geometry": { "type": "Point", "coordinates": [ 77.6490618, 12.8896572 ] } },
{ "type": "Feature", "properties": { "name": "BTR Garden", "highway": "bus_stop", "railway": null, "public_transport": "platform" }, "geometry": { "type": "Point", "coordinates": [ 77.6462978, 12.890354 ] } },
{ "type": "Feature", "properties": { "name": "Kammasandra Gate", "highway": "bus_stop", "railway": null, "public_transport": "platform" }, "geometry": { "type": "Point", "coordinates": [ 77.7337381, 12.8709829 ] } },
{ "type": "Feature", "properties": { "name": "Harohalli Gate", "highway": "bus_stop", "railway": null, "public_transport": "platform" }, "geometry": { "type": "Point", "coordinates": [ 77.7324986, 12.8653963 ] } },
{ "type": "Feature", "properties": { "name": "Head Start School Gate", "highway": "bus_stop", "railway": null, "public_transport": "platform" }, "geometry": { "type": "Point", "coordinates": [ 77.7321829, 12.8613977 ] } },
{ "type": "Feature", "properties": { "name": "Kaggalipura Gate", "highway": "bus_stop", "railway": null, "public_transport": "platform" }, "geometry": { "type": "Point", "coordinates": [ 77.7311897, 12.8560113 ] } },
{ "type": "Feature", "properties": { "name": "Gopasandra Gate", "highway": "bus_stop", "railway": null, "public_transport": "platform" }, "geometry": { "type": "Point", "coordinates": [ 77.7298701, 12.852638 ] } },
{ "type": "Feature", "properties": { "name": "Muttanalluru Junction", "highway": "bus_stop", "railway": null, "public_transport": "platform" }, "geometry": { "type": "Point", "coordinates": [ 77.7273959, 12.8432026 ] } },
{ "type": "Feature", "properties": { "name": "Chinthala Madivala", "highway": "bus_stop", "railway": null, "public_transport": "platform" }, "geometry": { "type": "Point", "coordinates": [ 77.7122721, 12.8546777 ] } },
{ "type": "Feature", "properties": { "name": "Huskur", "highway": "bus_stop", "railway": null, "public_transport": "platform" }, "geometry": { "type": "Point", "coordinates": [ 77.7052689, 12.8615602 ] } },
{ "type": "Feature", "properties": { "name": "Chikka Nagamangala Gate", "highway": "bus_stop", "railway": null, "public_transport": "platform" }, "geometry": { "type": "Point", "coordinates": [ 77.7036998, 12.8593846 ] } },
{ "type": "Feature", "properties": { "name": "Sumuka Layout", "highway": "bus_stop", "railway": null, "public_transport": "platform" }, "geometry": { "type": "Point", "coordinates": [ 77.6998562, 12.8547483 ] } },
{ "type": "Feature", "properties": { "name": "Depot 38 Gate", "highway": "bus_stop", "railway": null, "public_transport": "platform" }, "geometry": { "type": "Point", "coordinates": [ 77.6924747, 12.8490031 ] } },
{ "type": "Feature", "properties": { "name": "Doddamma Temple", "highway": "bus_stop", "railway": null, "public_transport": "platform" }, "geometry": { "type": "Point", "coordinates": [ 77.6908976, 12.8474372 ] } },
{ "type": "Feature", "properties": { "name": "Singena Agrahara Fruit Market", "highway": "bus_stop", "railway": null, "public_transport": "platform" }, "geometry": { "type": "Point", "coordinates": [ 77.6871157, 12.8425831 ] } },
{ "type": "Feature", "properties": { "name": "Veerasandra", "highway": "bus_stop", "railway": null, "public_transport": "platform" }, "geometry": { "type": "Point", "coordinates": [ 77.6771392, 12.8399235 ] } },
{ "type": "Feature", "properties": { "name": "BHEL", "highway": "bus_stop", "railway": null, "public_transport": "platform" }, "geometry": { "type": "Point", "coordinates": [ 77.6599831, 12.8450668 ] } },
{ "type": "Feature", "properties": { "name": "Radhareddy Layout", "highway": "bus_stop", "railway": null, "public_transport": "platform" }, "geometry": { "type": "Point", "coordinates": [ 77.6897992, 12.9088452 ] } },
{ "type": "Feature", "properties": { "name": "Kasavanahalli", "highway": "bus_stop", "railway": null, "public_transport": "platform" }, "geometry": { "type": "Point", "coordinates": [ 77.6759314, 12.9048811 ] } },
{ "type": "Feature", "properties": { "name": "Amrita University - Kasavanahalli", "highway": "bus_stop", "railway": null, "public_transport": "platform" }, "geometry": { "type": "Point", "coordinates": [ 77.6751329, 12.8968817 ] } },
{ "type": "Feature", "properties": { "name": "Choodasandra Circle", "highway": "bus_stop", "railway": null, "public_transport": "platform" }, "geometry": { "type": "Point", "coordinates": [ 77.672959, 12.8885865 ] } },
{ "type": "Feature", "properties": { "name": "KSRP Training Centre", "highway": "bus_stop", "railway": null, "public_transport": "platform" }, "geometry": { "type": "Point", "coordinates": [ 77.6724601, 12.8863615 ] } },
{ "type": "Feature", "properties": { "name": "Rayasandra", "highway": "bus_stop", "railway": null, "public_transport": "platform" }, "geometry": { "type": "Point", "coordinates": [ 77.6719842, 12.8795774 ] } },
{ "type": "Feature", "properties": { "name": "Rayasandra Circle", "highway": "bus_stop", "railway": null, "public_transport": "platform" }, "geometry": { "type": "Point", "coordinates": [ 77.6711906, 12.8757671 ] } },
{ "type": "Feature", "properties": { "name": "Bengaluru Central Jail", "highway": "bus_stop", "railway": null, "public_transport": "platform" }, "geometry": { "type": "Point", "coordinates": [ 77.6660536, 12.8736931 ] } },
{ "type": "Feature", "properties": { "name": "New MICO Gate", "highway": "bus_stop", "railway": null, "public_transport": "platform" }, "geometry": { "type": "Point", "coordinates": [ 77.6580426, 12.8704467 ] } },
{ "type": "Feature", "properties": { "name": "Hosa Road", "highway": "bus_stop", "railway": null, "public_transport": "platform" }, "geometry": { "type": "Point", "coordinates": [ 77.6536923, 12.8703422 ] } },
{ "type": "Feature", "properties": { "name": "Electronic City PESIT College", "highway": "bus_stop", "railway": null, "public_transport": "platform" }, "geometry": { "type": "Point", "coordinates": [ 77.6616468, 12.8591368 ] } },
{ "type": "Feature", "properties": { "name": "SFS High School Hebbagodi", "highway": "bus_stop", "railway": null, "public_transport": "platform" }, "geometry": { "type": "Point", "coordinates": [ 77.6802638, 12.8339482 ] } },
{ "type": "Feature", "properties": { "name": "Smondo 3 Apartment", "highway": "bus_stop", "railway": null, "public_transport": "platform" }, "geometry": { "type": "Point", "coordinates": [ 77.6604097, 12.8203417 ] } },
{ "type": "Feature", "properties": { "name": "Atal Bihari Vajpayee Circle Thirupalya", "highway": "bus_stop", "railway": null, "public_transport": "platform" }, "geometry": { "type": "Point", "coordinates": [ 77.6683209, 12.8176285 ] } },
{ "type": "Feature", "properties": { "name": "Veerasandra", "highway": "bus_stop", "railway": null, "public_transport": "platform" }, "geometry": { "type": "Point", "coordinates": [ 77.6768796, 12.8397342 ] } },
{ "type": "Feature", "properties": { "name": "SFS High School Hebbagodi", "highway": "bus_stop", "railway": null, "public_transport": "platform" }, "geometry": { "type": "Point", "coordinates": [ 77.6798873, 12.8338356 ] } },
{ "type": "Feature", "properties": { "name": "Konnappana Agrahara", "highway": "bus_stop", "railway": null, "public_transport": "platform" }, "geometry": { "type": "Point", "coordinates": [ 77.6639549, 12.8555229 ] } },
{ "type": "Feature", "properties": { "name": null, "highway": "bus_stop", "railway": null, "public_transport": "platform" }, "geometry": { "type": "Point", "coordinates": [ 77.6602772, 12.8432122 ] } },
{ "type": "Feature", "properties": { "name": "Bommasandra", "highway": "bus_stop", "railway": null, "public_transport": "platform" }, "geometry": { "type": "Point", "coordinates": [ 77.6883765, 12.8194407 ] } },
{ "type": "Feature", "properties": { "name": "HSR Layout BDA Complex", "highway": "bus_stop", "railway": null, "public_transport": "platform" }, "geometry": { "type": "Point", "coordinates": [ 77.6351063, 12.9160949 ] } },
{ "type": "Feature", "properties": { "name": "Monotype Corporation", "highway": "bus_stop", "railway": null, "public_transport": "platform" }, "geometry": { "type": "Point", "coordinates": [ 77.5736719, 12.9228875 ] } },
{ "type": "Feature", "properties": { "name": "Tata Silk Farm", "highway": "bus_stop", "railway": null, "public_transport": "platform" }, "geometry": { "type": "Point", "coordinates": [ 77.5739137, 12.9361337 ] } },
{ "type": "Feature", "properties": { "name": "Basavanagudi Police Station", "highway": "bus_stop", "railway": null, "public_transport": "platform" }, "geometry": { "type": "Point", "coordinates": [ 77.5738804, 12.9415839 ] } },
{ "type": "Feature", "properties": { "name": "Varthur Police Station", "highway": "bus_stop", "railway": null, "public_transport": "platform" }, "geometry": { "type": "Point", "coordinates": [ 77.7462926, 12.9377724 ] } },
{ "type": "Feature", "properties": { "name": "IIMB Bus Station", "highway": "bus_stop", "railway": null, "public_transport": "platform" }, "geometry": { "type": "Point", "coordinates": [ 77.6034493, 12.8960047 ] } },
{ "type": "Feature", "properties": { "name": "meenakshi temple bus stop", "highway": "bus_stop", "railway": null, "public_transport": "platform" }, "geometry": { "type": "Point", "coordinates": [ 77.5942077, 12.8732729 ] } },
{ "type": "Feature", "properties": { "name": "Meenakshi Temple", "highway": "bus_stop", "railway": null, "public_transport": "platform" }, "geometry": { "type": "Point", "coordinates": [ 77.5944319, 12.8741873 ] } },
{ "type": "Feature", "properties": { "name": "Doddakammnahalli Bus stop", "highway": "bus_stop", "railway": null, "public_transport": "platform" }, "geometry": { "type": "Point", "coordinates": [ 77.5997263, 12.861396 ] } },
{ "type": "Feature", "properties": { "name": "Jayanagar 2nd Block", "highway": "bus_stop", "railway": null, "public_transport": "platform" }, "geometry": { "type": "Point", "coordinates": [ 77.5849872, 12.9374832 ] } },
{ "type": "Feature", "properties": { "name": null, "highway": "bus_stop", "railway": null, "public_transport": "platform" }, "geometry": { "type": "Point", "coordinates": [ 77.746962, 12.9431032 ] } },
{ "type": "Feature", "properties": { "name": "Thalagattapura Metro Station", "highway": "bus_stop", "railway": null, "public_transport": "platform" }, "geometry": { "type": "Point", "coordinates": [ 77.5385602, 12.8712967 ] } },
{ "type": "Feature", "properties": { "name": "Ganigarapalya", "highway": "bus_stop", "railway": null, "public_transport": "platform" }, "geometry": { "type": "Point", "coordinates": [ 77.5331984, 12.8761419 ] } },
{ "type": "Feature", "properties": { "name": "Chikkegowdanapalya Junction", "highway": "bus_stop", "railway": null, "public_transport": "platform" }, "geometry": { "type": "Point", "coordinates": [ 77.5166827, 12.878082 ] } },
{ "type": "Feature", "properties": { "name": "MRB Grand Hotel", "highway": "bus_stop", "railway": null, "public_transport": "platform" }, "geometry": { "type": "Point", "coordinates": [ 77.5161691, 12.8882806 ] } },
{ "type": "Feature", "properties": { "name": "Kariyanapalya Cross (80 Foot Road Junction)", "highway": "bus_stop", "railway": null, "public_transport": "platform" }, "geometry": { "type": "Point", "coordinates": [ 77.5144109, 12.8922601 ] } },
{ "type": "Feature", "properties": { "name": "Srinivasapura", "highway": "bus_stop", "railway": null, "public_transport": "platform" }, "geometry": { "type": "Point", "coordinates": [ 77.5108355, 12.9039352 ] } },
{ "type": "Feature", "properties": { "name": "Jnanakshi Layout", "highway": "bus_stop", "railway": null, "public_transport": "platform" }, "geometry": { "type": "Point", "coordinates": [ 77.5137162, 12.9130243 ] } },
{ "type": "Feature", "properties": { "name": "Maramma Temple", "highway": "bus_stop", "railway": null, "public_transport": "platform" }, "geometry": { "type": "Point", "coordinates": [ 77.5143398, 12.9228908 ] } },
{ "type": "Feature", "properties": { "name": "Pattanagere Jayanna Circle", "highway": "bus_stop", "railway": null, "public_transport": "platform" }, "geometry": { "type": "Point", "coordinates": [ 77.5146268, 12.9263141 ] } },
{ "type": "Feature", "properties": { "name": "Rajarajeshwari Nagar", "highway": "bus_stop", "railway": null, "public_transport": "platform" }, "geometry": { "type": "Point", "coordinates": [ 77.519719, 12.9364702 ] } },
{ "type": "Feature", "properties": { "name": "JSS College", "highway": "bus_stop", "railway": null, "public_transport": "platform" }, "geometry": { "type": "Point", "coordinates": [ 77.507973, 12.9037869 ] } },
{ "type": "Feature", "properties": { "name": "RMC Yard", "highway": "bus_stop", "railway": null, "public_transport": "platform" }, "geometry": { "type": "Point", "coordinates": [ 77.5482175, 13.0244143 ] } },
{ "type": "Feature", "properties": { "name": "RMC Yard", "highway": "bus_stop", "railway": null, "public_transport": "platform" }, "geometry": { "type": "Point", "coordinates": [ 77.5483905, 13.0243144 ] } },
{ "type": "Feature", "properties": { "name": "RMS Sanjaynagara", "highway": "bus_stop", "railway": null, "public_transport": "platform" }, "geometry": { "type": "Point", "coordinates": [ 77.5743328, 13.0375538 ] } },
{ "type": "Feature", "properties": { "name": null, "highway": "bus_stop", "railway": null, "public_transport": "platform" }, "geometry": { "type": "Point", "coordinates": [ 77.61956, 12.9706503 ] } },
{ "type": "Feature", "properties": { "name": null, "highway": "bus_stop", "railway": null, "public_transport": "platform" }, "geometry": { "type": "Point", "coordinates": [ 77.6435141, 12.9605149 ] } },
{ "type": "Feature", "properties": { "name": null, "highway": "bus_stop", "railway": null, "public_transport": "platform" }, "geometry": { "type": "Point", "coordinates": [ 77.7169539, 13.1749551 ] } },
{ "type": "Feature", "properties": { "name": "Sathanuru", "highway": "bus_stop", "railway": null, "public_transport": "platform" }, "geometry": { "type": "Point", "coordinates": [ 77.6474485, 13.1319042 ] } },
{ "type": "Feature", "properties": { "name": null, "highway": "bus_stop", "railway": null, "public_transport": "platform" }, "geometry": { "type": "Point", "coordinates": [ 77.6950081, 13.1996453 ] } },
{ "type": "Feature", "properties": { "name": "Krishnarajapuram", "highway": null, "railway": "station", "public_transport": "station" }, "geometry": { "type": "Point", "coordinates": [ 77.6754561, 13.0005461 ] } },
{ "type": "Feature", "properties": { "name": "Nanda Talkies", "highway": "bus_stop", "railway": null, "public_transport": "platform" }, "geometry": { "type": "Point", "coordinates": [ 77.5802162, 12.9324686 ] } },
{ "type": "Feature", "properties": { "name": "South End Circle", "highway": "bus_stop", "railway": null, "public_transport": "platform" }, "geometry": { "type": "Point", "coordinates": [ 77.5801626, 12.9357161 ] } },
{ "type": "Feature", "properties": { "name": "Ashwath Nagar", "highway": "bus_stop", "railway": null, "public_transport": "platform" }, "geometry": { "type": "Point", "coordinates": [ 77.5794511, 13.0268982 ] } },
{ "type": "Feature", "properties": { "name": "ITPL", "highway": "bus_stop", "railway": null, "public_transport": "platform" }, "geometry": { "type": "Point", "coordinates": [ 77.7371697, 12.9878346 ] } },
{ "type": "Feature", "properties": { "name": null, "highway": "bus_stop", "railway": null, "public_transport": null }, "geometry": { "type": "Point", "coordinates": [ 77.6827313, 13.1997472 ] } },
{ "type": "Feature", "properties": { "name": null, "highway": "bus_stop", "railway": null, "public_transport": null }, "geometry": { "type": "Point", "coordinates": [ 77.6987078, 13.1995817 ] } },
{ "type": "Feature", "properties": { "name": "Hebbala", "highway": "bus_stop", "railway": null, "public_transport": "platform" }, "geometry": { "type": "Point", "coordinates": [ 77.5894712, 13.0412206 ] } },
{ "type": "Feature", "properties": { "name": null, "highway": "bus_stop", "railway": null, "public_transport": "platform" }, "geometry": { "type": "Point", "coordinates": [ 77.7536432, 12.9865003 ] } },
{ "type": "Feature", "properties": { "name": "16th Main BTM Layout", "highway": "bus_stop", "railway": null, "public_transport": null }, "geometry": { "type": "Point", "coordinates": [ 77.610715, 12.9166482 ] } },
{ "type": "Feature", "properties": { "name": null, "highway": "bus_stop", "railway": null, "public_transport": "platform" }, "geometry": { "type": "Point", "coordinates": [ 77.5386175, 12.9876966 ] } },
{ "type": "Feature", "properties": { "name": null, "highway": "bus_stop", "railway": null, "public_transport": "platform" }, "geometry": { "type": "Point", "coordinates": [ 77.5761379, 12.9406835 ] } },
{ "type": "Feature", "properties": { "name": "Mayo Hall", "highway": "bus_stop", "railway": null, "public_transport": "platform" }, "geometry": { "type": "Point", "coordinates": [ 77.6106614, 12.9735242 ] } },
{ "type": "Feature", "properties": { "name": "Sarjapura Road Junction", "highway": "bus_stop", "railway": null, "public_transport": null }, "geometry": { "type": "Point", "coordinates": [ 77.6650196, 12.9204711 ] } },
{ "type": "Feature", "properties": { "name": null, "highway": "bus_stop", "railway": null, "public_transport": "platform" }, "geometry": { "type": "Point", "coordinates": [ 77.5371598, 12.9823535 ] } },
{ "type": "Feature", "properties": { "name": null, "highway": "bus_stop", "railway": null, "public_transport": "platform" }, "geometry": { "type": "Point", "coordinates": [ 77.5371733, 12.982435 ] } },
{ "type": "Feature", "properties": { "name": null, "highway": "bus_stop", "railway": null, "public_transport": "platform" }, "geometry": { "type": "Point", "coordinates": [ 77.5373815, 12.9827492 ] } },
{ "type": "Feature", "properties": { "name": "Domlur", "highway": "bus_stop", "railway": null, "public_transport": "platform" }, "geometry": { "type": "Point", "coordinates": [ 77.6369418, 12.9611294 ] } },
{ "type": "Feature", "properties": { "name": "Silk Board Junction", "highway": "bus_stop", "railway": null, "public_transport": "platform" }, "geometry": { "type": "Point", "coordinates": [ 77.6240368, 12.9158171 ] } },
{ "type": "Feature", "properties": { "name": "Silk Board Junction", "highway": "bus_stop", "railway": null, "public_transport": "platform" }, "geometry": { "type": "Point", "coordinates": [ 77.6239872, 12.9158955 ] } },
{ "type": "Feature", "properties": { "name": "Silk Board Junction", "highway": "bus_stop", "railway": null, "public_transport": "platform" }, "geometry": { "type": "Point", "coordinates": [ 77.623947, 12.9159792 ] } },
{ "type": "Feature", "properties": { "name": null, "highway": "bus_stop", "railway": null, "public_transport": null }, "geometry": { "type": "Point", "coordinates": [ 77.6441785, 12.9119687 ] } },
{ "type": "Feature", "properties": { "name": null, "highway": "bus_stop", "railway": null, "public_transport": "platform" }, "geometry": { "type": "Point", "coordinates": [ 77.5469359, 13.0566732 ] } },
{ "type": "Feature", "properties": { "name": null, "highway": "bus_stop", "railway": null, "public_transport": "platform" }, "geometry": { "type": "Point", "coordinates": [ 77.505214, 13.0363152 ] } },
{ "type": "Feature", "properties": { "name": "Bus stop near Boulangerie Bakery", "highway": "bus_stop", "railway": null, "public_transport": "platform" }, "geometry": { "type": "Point", "coordinates": [ 77.5024087, 13.0388704 ] } },
{ "type": "Feature", "properties": { "name": null, "highway": "bus_stop", "railway": null, "public_transport": "platform" }, "geometry": { "type": "Point", "coordinates": [ 77.6691231, 12.9966909 ] } },
{ "type": "Feature", "properties": { "name": "Shettyhalli main road Bus Stop", "highway": "bus_stop", "railway": null, "public_transport": "platform" }, "geometry": { "type": "Point", "coordinates": [ 77.5201408, 13.0592475 ] } },
{ "type": "Feature", "properties": { "name": "Saraipalya", "highway": "bus_stop", "railway": null, "public_transport": "platform" }, "geometry": { "type": "Point", "coordinates": [ 77.6286415, 13.0472677 ] } },
{ "type": "Feature", "properties": { "name": "Sukanpalya", "highway": "bus_stop", "railway": null, "public_transport": "platform" }, "geometry": { "type": "Point", "coordinates": [ 77.4918507, 12.9078583 ] } },
{ "type": "Feature", "properties": { "name": "Sukanpalya", "highway": "bus_stop", "railway": null, "public_transport": "platform" }, "geometry": { "type": "Point", "coordinates": [ 77.4911578, 12.9075581 ] } },
{ "type": "Feature", "properties": { "name": "Banashankari", "highway": "bus_stop", "railway": null, "public_transport": "platform" }, "geometry": { "type": "Point", "coordinates": [ 77.5740995, 12.917738 ] } },
{ "type": "Feature", "properties": { "name": "Philomenas Hospital", "highway": "bus_stop", "railway": null, "public_transport": "platform" }, "geometry": { "type": "Point", "coordinates": [ 77.6096213, 12.9655488 ] } }
]
}
