{
"type": "FeatureCollection",
"name": "osm_competitors",
"crs": { "type": "name", "properties": { "name": "urn:ogc:def:crs:OGC:1.3:CRS84" } },
"features": [
{ "type": "Feature", "properties": { "shop": "convenience", "name": "Priti Departmental Store" }, "geometry": { "type": "Point", "coordinates": [ 77.64853, 12.9174059 ] } },
{ "type": "Feature", "properties": { "shop": "supermarket", "name": "Foodworld" }, "geometry": { "type": "Point", "coordinates": [ 77.5830433, 12.9328185 ] } },
{ "type": "Feature", "properties": { "shop": "supermarket", "name": "Family Mall" }, "geometry": { "type": "Point", "coordinates": [ 77.6382484, 12.9588137 ] } },
{ "type": "Feature", "properties": { "shop": "supermarket", "name": "Spencers Express" }, "geometry": { "type": "Point", "coordinates": [ 77.6382984, 12.9591813 ] } },
{ "type": "Feature", "properties": { "shop": "supermarket", "name": "More" }, "geometry": { "type": "Point", "coordinates": [ 77.638381, 12.9595527 ] } },
{ "type": "Feature", "properties": { "shop": "supermarket", "name": null }, "geometry": { "type": "Point", "coordinates": [ 77.6373877, 12.9621752 ] } },
{ "type": "Feature", "properties": { "shop": "supermarket", "name": "Reliance Fresh" }, "geometry": { "type": "Point", "coordinates": [ 77.6357141, 13.0316253 ] } },
{ "type": "Feature", "properties": { "shop": "supermarket", "name": "Shoba" }, "geometry": { "type": "Point", "coordinates": [ 77.6349359, 13.0306094 ] } },
{ "type": "Feature", "properties": { "shop": "supermarket", "name": "Smart" }, "geometry": { "type": "Point", "coordinates": [ 77.6347682, 13.0298925 ] } },
{ "type": "Feature", "properties": { "shop": "supermarket", "name": "Big Bazaar" }, "geometry": { "type": "Point", "coordinates": [ 77.5742994, 13.0476857 ] } },
{ "type": "Feature", "properties": { "shop": "convenience", "name": null }, "geometry": { "type": "Point", "coordinates": [ 77.5577817, 12.8986874 ] } },
{ "type": "Feature", "properties": { "shop": "convenience", "name": "Shop and save" }, "geometry": { "type": "Point", "coordinates": [ 77.5582799, 12.8983313 ] } },
{ "type": "Feature", "properties": { "shop": "supermarket", "name": "Fresh Supermarket" }, "geometry": { "type": "Point", "coordinates": [ 77.6319846, 13.0263233 ] } },
{ "type": "Feature", "properties": { "shop": "supermarket", "name": "Foodworld Supermarket" }, "geometry": { "type": "Point", "coordinates": [ 77.6369992, 13.0245569 ] } },
{ "type": "Feature", "properties": { "shop": "convenience", "name": "Reliance Fresh" }, "geometry": { "type": "Point", "coordinates": [ 77.7160629, 12.9601296 ] } },
{ "type": "Feature", "properties": { "shop": "convenience", "name": "Fresh@Heritage" }, "geometry": { "type": "Point", "coordinates": [ 77.5403023, 12.9974545 ] } },
{ "type": "Feature", "properties": { "shop": "convenience", "name": "Fair and Fair" }, "geometry": { "type": "Point", "coordinates": [ 77.5317658, 13.0361795 ] } },
{ "type": "Feature", "properties": { "shop": "supermarket", "name": "Nilgiris" }, "geometry": { "type": "Point", "coordinates": [ 77.5474051, 13.0492252 ] } },
{ "type": "Feature", "properties": { "shop": "supermarket", "name": "Smart Bazaar" }, "geometry": { "type": "Point", "coordinates": [ 77.5923138, 12.9172203 ] } },
{ "type": "Feature", "properties": { "shop": "convenience", "name": null }, "geometry": { "type": "Point", "coordinates": [ 77.541656, 12.9972514 ] } },
{ "type": "Feature", "properties": { "shop": "supermarket", "name": "Reliance Fresh" }, "geometry": { "type": "Point", "coordinates": [ 77.5710889, 13.0042882 ] } },
{ "type": "Feature", "properties": { "shop": "convenience", "name": "HOPCOMS" }, "geometry": { "type": "Point", "coordinates": [ 77.570496, 13.00559 ] } },
{ "type": "Feature", "properties": { "shop": "supermarket", "name": "Reliance smart" }, "geometry": { "type": "Point", "coordinates": [ 77.5693737, 13.0061977 ] } },
{ "type": "Feature", "properties": { "shop": "supermarket", "name": "City Supermarket" }, "geometry": { "type": "Point", "coordinates": [ 77.5555028, 13.0397585 ] } },
{ "type": "Feature", "properties": { "shop": "supermarket", "name": "Spencers Daily" }, "geometry": { "type": "Point", "coordinates": [ 77.5555993, 13.0400303 ] } },
{ "type": "Feature", "properties": { "shop": "supermarket", "name": null }, "geometry": { "type": "Point", "coordinates": [ 77.664274, 12.9250029 ] } },
{ "type": "Feature", "properties": { "shop": "supermarket", "name": "More" }, "geometry": { "type": "Point", "coordinates": [ 77.6508337, 13.0224257 ] } },
{ "type": "Feature", "properties": { "shop": "supermarket", "name": "Reliance Fresh" }, "geometry": { "type": "Point", "coordinates": [ 77.5645334, 13.0068052 ] } },
{ "type": "Feature", "properties": { "shop": "supermarket", "name": "Reliance Fresh" }, "geometry": { "type": "Point", "coordinates": [ 77.5691996, 13.0342258 ] } },
{ "type": "Feature", "properties": { "shop": "supermarket", "name": "Reliance Fresh" }, "geometry": { "type": "Point", "coordinates": [ 77.5615609, 13.0290015 ] } },
{ "type": "Feature", "properties": { "shop": "convenience", "name": null }, "geometry": { "type": "Point", "coordinates": [ 77.5671642, 13.0243423 ] } },
{ "type": "Feature", "properties": { "shop": "supermarket", "name": "Families Hypermarket" }, "geometry": { "type": "Point", "coordinates": [ 77.6708407, 12.9186665 ] } },
{ "type": "Feature", "properties": { "shop": "supermarket", "name": "Family Super Market" }, "geometry": { "type": "Point", "coordinates": [ 77.6045046, 12.9967968 ] } },
{ "type": "Feature", "properties": { "shop": "supermarket", "name": "More" }, "geometry": { "type": "Point", "coordinates": [ 77.5996733, 12.9998077 ] } },
{ "type": "Feature", "properties": { "shop": "supermarket", "name": "Arafa Stores" }, "geometry": { "type": "Point", "coordinates": [ 77.6041292, 12.9969644 ] } },
{ "type": "Feature", "properties": { "shop": "supermarket", "name": "Namdhari Fresh, Frazer Town" }, "geometry": { "type": "Point", "coordinates": [ 77.6138953, 13.0009809 ] } },
{ "type": "Feature", "properties": { "shop": "supermarket", "name": "Sri Balaji Stores" }, "geometry": { "type": "Point", "coordinates": [ 77.5737154, 13.014268 ] } },
{ "type": "Feature", "properties": { "shop": "convenience", "name": "Mamata" }, "geometry": { "type": "Point", "coordinates": [ 77.6164979, 12.8762947 ] } },
{ "type": "Feature", "properties": { "shop": "convenience", "name": "Sweet City Bakery" }, "geometry": { "type": "Point", "coordinates": [ 77.6179121, 12.8986161 ] } },
{ "type": "Feature", "properties": { "shop": "supermarket", "name": "Mini Bazaar" }, "geometry": { "type": "Point", "coordinates": [ 77.6241647, 13.0068553 ] } },
{ "type": "Feature", "properties": { "shop": "supermarket", "name": "More" }, "geometry": { "type": "Point", "coordinates": [ 77.544655, 12.9409932 ] } },
{ "type": "Feature", "properties": { "shop": "convenience", "name": "Nilgiris Store" }, "geometry": { "type": "Point", "coordinates": [ 77.542039, 12.9410374 ] } },
{ "type": "Feature", "properties": { "shop": "supermarket", "name": "Big Bazaar" }, "geometry": { "type": "Point", "coordinates": [ 77.5509047, 12.9265852 ] } },
{ "type": "Feature", "properties": { "shop": "supermarket", "name": "Food World" }, "geometry": { "type": "Point", "coordinates": [ 77.5501686, 12.925511 ] } },
{ "type": "Feature", "properties": { "shop": "convenience", "name": null }, "geometry": { "type": "Point", "coordinates": [ 77.7183726, 12.9856478 ] } },
{ "type": "Feature", "properties": { "shop": "convenience", "name": "Heritage Fresh" }, "geometry": { "type": "Point", "coordinates": [ 77.678774, 12.972735 ] } },
{ "type": "Feature", "properties": { "shop": "supermarket", "name": "Ragam Supermarket" }, "geometry": { "type": "Point", "coordinates": [ 77.7135826, 12.9643853 ] } },
{ "type": "Feature", "properties": { "shop": "supermarket", "name": "Smart Point" }, "geometry": { "type": "Point", "coordinates": [ 77.7018319, 12.9655927 ] } },
{ "type": "Feature", "properties": { "shop": "supermarket", "name": "New City Super Market" }, "geometry": { "type": "Point", "coordinates": [ 77.6736268, 12.9851864 ] } },
{ "type": "Feature", "properties": { "shop": "supermarket", "name": "Reliance Fresh" }, "geometry": { "type": "Point", "coordinates": [ 77.6688553, 12.985926 ] } },
{ "type": "Feature", "properties": { "shop": "supermarket", "name": "Nilgiri's" }, "geometry": { "type": "Point", "coordinates": [ 77.6689329, 12.9859601 ] } },
{ "type": "Feature", "properties": { "shop": "convenience", "name": "Cosmos" }, "geometry": { "type": "Point", "coordinates": [ 77.6716822, 12.9851708 ] } },
{ "type": "Feature", "properties": { "shop": "supermarket", "name": "More" }, "geometry": { "type": "Point", "coordinates": [ 77.7147136, 12.9643051 ] } },
{ "type": "Feature", "properties": { "shop": "convenience", "name": "Safal Daily Fresh" }, "geometry": { "type": "Point", "coordinates": [ 77.759175, 13.0376809 ] } },
{ "type": "Feature", "properties": { "shop": "convenience", "name": "Mamatha Departmental Store" }, "geometry": { "type": "Point", "coordinates": [ 77.5417077, 12.9673129 ] } },
{ "type": "Feature", "properties": { "shop": "convenience", "name": "Vodafone" }, "geometry": { "type": "Point", "coordinates": [ 77.5428831, 12.9671974 ] } },
{ "type": "Feature", "properties": { "shop": "convenience", "name": "Seetha General Store" }, "geometry": { "type": "Point", "coordinates": [ 77.5425508, 12.9673076 ] } },
{ "type": "Feature", "properties": { "shop": "convenience", "name": "Happy Mart" }, "geometry": { "type": "Point", "coordinates": [ 77.698972, 12.956906 ] } },
{ "type": "Feature", "properties": { "shop": "convenience", "name": null }, "geometry": { "type": "Point", "coordinates": [ 77.7023418, 12.9897305 ] } },
{ "type": "Feature", "properties": { "shop": "supermarket", "name": "City Pearl" }, "geometry": { "type": "Point", "coordinates": [ 77.6507704, 13.022202 ] } },
{ "type": "Feature", "properties": { "shop": "supermarket", "name": "7 Days" }, "geometry": { "type": "Point", "coordinates": [ 77.6509402, 13.0228757 ] } },
{ "type": "Feature", "properties": { "shop": "supermarket", "name": "MK Retail Super Market" }, "geometry": { "type": "Point", "coordinates": [ 77.6512869, 12.9118085 ] } },
{ "type": "Feature", "properties": { "shop": "convenience", "name": null }, "geometry": { "type": "Point", "coordinates": [ 77.564002, 13.0077909 ] } },
{ "type": "Feature", "properties": { "shop": "convenience", "name": null }, "geometry": { "type": "Point", "coordinates": [ 77.5639866, 13.0078203 ] } },
{ "type": "Feature", "properties": { "shop": "convenience", "name": null }, "geometry": { "type": "Point", "coordinates": [ 77.5644724, 13.0069619 ] } },
{ "type": "Feature", "properties": { "shop": "supermarket", "name": "Homely Organic" }, "geometry": { "type": "Point", "coordinates": [ 77.5653307, 13.0043093 ] } },
{ "type": "Feature", "properties": { "shop": "convenience", "name": null }, "geometry": { "type": "Point", "coordinates": [ 77.5653254, 13.0038729 ] } },
{ "type": "Feature", "properties": { "shop": "convenience", "name": null }, "geometry": { "type": "Point", "coordinates": [ 77.5692346, 12.9986733 ] } },
{ "type": "Feature", "properties": { "shop": "convenience", "name": null }, "geometry": { "type": "Point", "coordinates": [ 77.6550567, 12.9747197 ] } },
{ "type": "Feature", "properties": { "shop": "supermarket", "name": "MK Retail" }, "geometry": { "type": "Point", "coordinates": [ 77.6446428, 12.9787623 ] } },
{ "type": "Feature", "properties": { "shop": "supermarket", "name": "Reliance Fresh" }, "geometry": { "type": "Point", "coordinates": [ 77.5792052, 12.9107281 ] } },
{ "type": "Feature", "properties": { "shop": "supermarket", "name": "Reliance Smart Point" }, "geometry": { "type": "Point", "coordinates": [ 77.565967, 12.8830441 ] } },
{ "type": "Feature", "properties": { "shop": "supermarket", "name": "Reliance Fresh" }, "geometry": { "type": "Point", "coordinates": [ 77.6511018, 12.9733041 ] } },
{ "type": "Feature", "properties": { "shop": "supermarket", "name": "Total Superstore" }, "geometry": { "type": "Point", "coordinates": [ 77.5592036, 12.9827809 ] } },
{ "type": "Feature", "properties": { "shop": "supermarket", "name": "Reliance Fresh" }, "geometry": { "type": "Point", "coordinates": [ 77.6079607, 13.0303875 ] } },
{ "type": "Feature", "properties": { "shop": "supermarket", "name": "N Stores" }, "geometry": { "type": "Point", "coordinates": [ 77.7173064, 12.9647649 ] } },
{ "type": "Feature", "properties": { "shop": "supermarket", "name": "Homeneeds" }, "geometry": { "type": "Point", "coordinates": [ 77.6063086, 12.9106552 ] } },
{ "type": "Feature", "properties": { "shop": "supermarket", "name": "MK Ahmed Bazar" }, "geometry": { "type": "Point", "coordinates": [ 77.5951539, 12.9052591 ] } },
{ "type": "Feature", "properties": { "shop": "supermarket", "name": "Nilgiri's" }, "geometry": { "type": "Point", "coordinates": [ 77.592064, 13.0236679 ] } },
{ "type": "Feature", "properties": { "shop": "supermarket", "name": "Super Market" }, "geometry": { "type": "Point", "coordinates": [ 77.6004176, 13.0231839 ] } },
{ "type": "Feature", "properties": { "shop": "supermarket", "name": "More" }, "geometry": { "type": "Point", "coordinates": [ 77.6054904, 13.0252349 ] } },
{ "type": "Feature", "properties": { "shop": "supermarket", "name": "Akshya Complex" }, "geometry": { "type": "Point", "coordinates": [ 77.5451149, 13.0694057 ] } },
{ "type": "Feature", "properties": { "shop": "supermarket", "name": "Brothers Supermarket" }, "geometry": { "type": "Point", "coordinates": [ 77.54119, 13.0900453 ] } },
{ "type": "Feature", "properties": { "shop": "supermarket", "name": "Maha Bazaar" }, "geometry": { "type": "Point", "coordinates": [ 77.5787343, 13.0049266 ] } },
{ "type": "Feature", "properties": { "shop": "supermarket", "name": "Smart Bazaar" }, "geometry": { "type": "Point", "coordinates": [ 77.6753253, 12.9260569 ] } },
{ "type": "Feature", "properties": { "shop": "supermarket", "name": "More" }, "geometry": { "type": "Point", "coordinates": [ 77.6109889, 12.9341298 ] } },
{ "type": "Feature", "properties": { "shop": "supermarket", "name": "City Lights Supermarket" }, "geometry": { "type": "Point", "coordinates": [ 77.5480509, 13.0816565 ] } },
{ "type": "Feature", "properties": { "shop": "supermarket", "name": "Star Bazaar" }, "geometry": { "type": "Point", "coordinates": [ 77.5176749, 12.9358801 ] } },
{ "type": "Feature", "properties": { "shop": "supermarket", "name": "Food World" }, "geometry": { "type": "Point", "coordinates": [ 77.5202713, 12.9209843 ] } },
{ "type": "Feature", "properties": { "shop": "supermarket", "name": "Reliance Fresh" }, "geometry": { "type": "Point", "coordinates": [ 77.5591419, 13.0803293 ] } },
{ "type": "Feature", "properties": { "shop": "supermarket", "name": "Food World" }, "geometry": { "type": "Point", "coordinates": [ 77.5588656, 13.0790883 ] } },
{ "type": "Feature", "properties": { "shop": "convenience", "name": "Mythri Bazaar" }, "geometry": { "type": "Point", "coordinates": [ 77.558535, 13.0769096 ] } },
{ "type": "Feature", "properties": { "shop": "supermarket", "name": "More Supermarket" }, "geometry": { "type": "Point", "coordinates": [ 77.6150065, 12.9423147 ] } },
{ "type": "Feature", "properties": { "shop": "convenience", "name": "More" }, "geometry": { "type": "Point", "coordinates": [ 77.5671533, 13.0354798 ] } },
{ "type": "Feature", "properties": { "shop": "supermarket", "name": "Village Hypermart" }, "geometry": { "type": "Point", "coordinates": [ 77.708841, 12.9567592 ] } },
{ "type": "Feature", "properties": { "shop": "convenience", "name": "Nilgiris" }, "geometry": { "type": "Point", "coordinates": [ 77.6218199, 12.935716 ] } },
{ "type": "Feature", "properties": { "shop": "supermarket", "name": "Food world" }, "geometry": { "type": "Point", "coordinates": [ 77.5722351, 12.9444504 ] } },
{ "type": "Feature", "properties": { "shop": "supermarket", "name": "Sowbhagya Traders" }, "geometry": { "type": "Point", "coordinates": [ 77.6228947, 12.9352032 ] } },
{ "type": "Feature", "properties": { "shop": "convenience", "name": "Store" }, "geometry": { "type": "Point", "coordinates": [ 77.6448305, 12.8737198 ] } },
{ "type": "Feature", "properties": { "shop": "convenience", "name": "Forum bakery" }, "geometry": { "type": "Point", "coordinates": [ 77.6159961, 12.9418577 ] } },
{ "type": "Feature", "properties": { "shop": "supermarket", "name": null }, "geometry": { "type": "Point", "coordinates": [ 77.5600873, 12.9228555 ] } },
{ "type": "Feature", "properties": { "shop": "convenience", "name": "Nandini Milk Diary" }, "geometry": { "type": "Point", "coordinates": [ 77.5901342, 12.9309732 ] } },
{ "type": "Feature", "properties": { "shop": "convenience", "name": "Hopcoms" }, "geometry": { "type": "Point", "coordinates": [ 77.5905204, 12.9307824 ] } },
{ "type": "Feature", "properties": { "shop": "convenience", "name": "Kwality BIg Bazaar" }, "geometry": { "type": "Point", "coordinates": [ 77.5716015, 13.0285232 ] } },
{ "type": "Feature", "properties": { "shop": "convenience", "name": "Sri Lakshmi Venkateshwara Provision Stores" }, "geometry": { "type": "Point", "coordinates": [ 77.5660039, 12.9333966 ] } },
{ "type": "Feature", "properties": { "shop": "supermarket", "name": "Safal Supermarket" }, "geometry": { "type": "Point", "coordinates": [ 77.6144033, 12.9364151 ] } },
{ "type": "Feature", "properties": { "shop": "convenience", "name": "Baby's day out" }, "geometry": { "type": "Point", "coordinates": [ 77.6128207, 12.9353286 ] } },
{ "type": "Feature", "properties": { "shop": "convenience", "name": "Nandini Shoppe" }, "geometry": { "type": "Point", "coordinates": [ 77.6170968, 12.9364451 ] } },
{ "type": "Feature", "properties": { "shop": "convenience", "name": "MK Supermart" }, "geometry": { "type": "Point", "coordinates": [ 77.6486797, 12.912091 ] } },
{ "type": "Feature", "properties": { "shop": "supermarket", "name": "Namdhari's fresh" }, "geometry": { "type": "Point", "coordinates": [ 77.626001, 12.9382962 ] } },
{ "type": "Feature", "properties": { "shop": "convenience", "name": "OM Stationery and xerox" }, "geometry": { "type": "Point", "coordinates": [ 77.6255862, 12.9364455 ] } },
{ "type": "Feature", "properties": { "shop": "supermarket", "name": "Brown Tree Super" }, "geometry": { "type": "Point", "coordinates": [ 77.626659, 12.937363 ] } },
{ "type": "Feature", "properties": { "shop": "supermarket", "name": null }, "geometry": { "type": "Point", "coordinates": [ 77.649016, 12.9044398 ] } },
{ "type": "Feature", "properties": { "shop": "supermarket", "name": "Reliance Fresh" }, "geometry": { "type": "Point", "coordinates": [ 77.611258, 12.9970256 ] } },
{ "type": "Feature", "properties": { "shop": "convenience", "name": "Babys Planet" }, "geometry": { "type": "Point", "coordinates": [ 77.6149366, 12.9362945 ] } },
{ "type": "Feature", "properties": { "shop": "supermarket", "name": "Safa" }, "geometry": { "type": "Point", "coordinates": [ 77.6374501, 12.913486 ] } },
{ "type": "Feature", "properties": { "shop": "convenience", "name": "Reliance Footprint" }, "geometry": { "type": "Point", "coordinates": [ 77.6164628, 12.9364168 ] } },
{ "type": "Feature", "properties": { "shop": "convenience", "name": "Hopcoms" }, "geometry": { "type": "Point", "coordinates": [ 77.6176725, 12.9365946 ] } },
{ "type": "Feature", "properties": { "shop": "supermarket", "name": "Food City Super Market" }, "geometry": { "type": "Point", "coordinates": [ 77.612864, 12.9232149 ] } },
{ "type": "Feature", "properties": { "shop": "supermarket", "name": "Fooddays" }, "geometry": { "type": "Point", "coordinates": [ 77.6321713, 12.9154345 ] } },
{ "type": "Feature", "properties": { "shop": "convenience", "name": "Hot Chips" }, "geometry": { "type": "Point", "coordinates": [ 77.6120888, 12.9370062 ] } },
{ "type": "Feature", "properties": { "shop": "convenience", "name": "Hot Chips" }, "geometry": { "type": "Point", "coordinates": [ 77.6210315, 12.9362348 ] } },
{ "type": "Feature", "properties": { "shop": "convenience", "name": "Family Food Choice" }, "geometry": { "type": "Point", "coordinates": [ 77.6453401, 12.8737637 ] } },
{ "type": "Feature", "properties": { "shop": "convenience", "name": "Day To Day" }, "geometry": { "type": "Point", "coordinates": [ 77.6397852, 12.8759127 ] } },
{ "type": "Feature", "properties": { "shop": "supermarket", "name": "New Sapna Store" }, "geometry": { "type": "Point", "coordinates": [ 77.6321554, 12.9184754 ] } },
{ "type": "Feature", "properties": { "shop": "convenience", "name": "Suma Provision Store" }, "geometry": { "type": "Point", "coordinates": [ 77.6306713, 12.9180673 ] } },
{ "type": "Feature", "properties": { "shop": "supermarket", "name": "Reliance Fresh" }, "geometry": { "type": "Point", "coordinates": [ 77.5433815, 13.0085603 ] } },
{ "type": "Feature", "properties": { "shop": "supermarket", "name": "Reliance Fresh" }, "geometry": { "type": "Point", "coordinates": [ 77.5457118, 12.9070482 ] } },
{ "type": "Feature", "properties": { "shop": "supermarket", "name": "Shop Rite" }, "geometry": { "type": "Point", "coordinates": [ 77.559736, 12.9196818 ] } },
{ "type": "Feature", "properties": { "shop": "supermarket", "name": "Reliance Fresh" }, "geometry": { "type": "Point", "coordinates": [ 77.6026206, 13.0553806 ] } },
{ "type": "Feature", "properties": { "shop": "convenience", "name": "Daily Needs" }, "geometry": { "type": "Point", "coordinates": [ 77.5988078, 13.0585815 ] } },
{ "type": "Feature", "properties": { "shop": "convenience", "name": "Fathima food choice" }, "geometry": { "type": "Point", "coordinates": [ 77.638532, 12.8780028 ] } },
{ "type": "Feature", "properties": { "shop": "convenience", "name": "Ezzy Hardware Stores" }, "geometry": { "type": "Point", "coordinates": [ 77.5223422, 13.0375472 ] } },
{ "type": "Feature", "properties": { "shop": "convenience", "name": "store,mess" }, "geometry": { "type": "Point", "coordinates": [ 77.6462636, 12.8740614 ] } },
{ "type": "Feature", "properties": { "shop": "convenience", "name": null }, "geometry": { "type": "Point", "coordinates": [ 77.5889456, 12.9318149 ] } },
{ "type": "Feature", "properties": { "shop": "supermarket", "name": "Nature's Basket" }, "geometry": { "type": "Point", "coordinates": [ 77.6431384, 12.978261 ] } },
{ "type": "Feature", "properties": { "shop": "supermarket", "name": "Reliance Fresh" }, "geometry": { "type": "Point", "coordinates": [ 77.5852313, 12.932994 ] } },
{ "type": "Feature", "properties": { "shop": "supermarket", "name": "Namdhari's Fresh" }, "geometry": { "type": "Point", "coordinates": [ 77.5850336, 12.9232135 ] } },
{ "type": "Feature", "properties": { "shop": "supermarket", "name": "More" }, "geometry": { "type": "Point", "coordinates": [ 77.5782971, 12.91702 ] } },
{ "type": "Feature", "properties": { "shop": "convenience", "name": "Sumith Provision & Condiments" }, "geometry": { "type": "Point", "coordinates": [ 77.6245142, 12.9372827 ] } },
{ "type": "Feature", "properties": { "shop": "convenience", "name": "DHL couriers" }, "geometry": { "type": "Point", "coordinates": [ 77.619186, 12.9356619 ] } },
{ "type": "Feature", "properties": { "shop": "convenience", "name": "Crystal Stationeries" }, "geometry": { "type": "Point", "coordinates": [ 77.6242714, 12.9374604 ] } },
{ "type": "Feature", "properties": { "shop": "convenience", "name": "Sports Planet" }, "geometry": { "type": "Point", "coordinates": [ 77.6147442, 12.9361926 ] } },
{ "type": "Feature", "properties": { "shop": "convenience", "name": "Gilma Store" }, "geometry": { "type": "Point", "coordinates": [ 77.5858396, 13.0270037 ] } },
{ "type": "Feature", "properties": { "shop": "convenience", "name": "UniverCell Store" }, "geometry": { "type": "Point", "coordinates": [ 77.5929101, 13.023831 ] } },
{ "type": "Feature", "properties": { "shop": "convenience", "name": "Titan Show room" }, "geometry": { "type": "Point", "coordinates": [ 77.5926095, 13.0238887 ] } },
{ "type": "Feature", "properties": { "shop": "supermarket", "name": "Ashirwad Super Market" }, "geometry": { "type": "Point", "coordinates": [ 77.6059587, 12.9151822 ] } },
{ "type": "Feature", "properties": { "shop": "supermarket", "name": "Health and Glow" }, "geometry": { "type": "Point", "coordinates": [ 77.5514093, 12.9963776 ] } },
{ "type": "Feature", "properties": { "shop": "convenience", "name": "Salon" }, "geometry": { "type": "Point", "coordinates": [ 77.5538171, 12.923626 ] } },
{ "type": "Feature", "properties": { "shop": "convenience", "name": "Spectacles store" }, "geometry": { "type": "Point", "coordinates": [ 77.5534639, 12.9240077 ] } },
{ "type": "Feature", "properties": { "shop": "convenience", "name": "Titan Eye+" }, "geometry": { "type": "Point", "coordinates": [ 77.5539351, 12.9235841 ] } },
{ "type": "Feature", "properties": { "shop": "convenience", "name": "Chroma Mega Store" }, "geometry": { "type": "Point", "coordinates": [ 77.552991, 12.9241697 ] } },
{ "type": "Feature", "properties": { "shop": "convenience", "name": "SnapFitness" }, "geometry": { "type": "Point", "coordinates": [ 77.5652656, 12.9243475 ] } },
{ "type": "Feature", "properties": { "shop": "convenience", "name": "Natural Salon" }, "geometry": { "type": "Point", "coordinates": [ 77.5653613, 12.9243318 ] } },
{ "type": "Feature", "properties": { "shop": "convenience", "name": "Bangalore One For Senior Citizens" }, "geometry": { "type": "Point", "coordinates": [ 77.5649697, 12.9245828 ] } },
{ "type": "Feature", "properties": { "shop": "supermarket", "name": "Hopcoms" }, "geometry": { "type": "Point", "coordinates": [ 77.5648373, 12.9247045 ] } },
{ "type": "Feature", "properties": { "shop": "convenience", "name": null }, "geometry": { "type": "Point", "coordinates": [ 77.5641391, 12.9243632 ] } },
{ "type": "Feature", "properties": { "shop": "convenience", "name": "Mobile store" }, "geometry": { "type": "Point", "coordinates": [ 77.5644655, 12.9257017 ] } },
{ "type": "Feature", "properties": { "shop": "convenience", "name": "Stationary" }, "geometry": { "type": "Point", "coordinates": [ 77.5664449, 12.9241122 ] } },
{ "type": "Feature", "properties": { "shop": "convenience", "name": "HOPCOMS" }, "geometry": { "type": "Point", "coordinates": [ 77.567255, 12.9239606 ] } },
{ "type": "Feature", "properties": { "shop": "supermarket", "name": "Reebok Store" }, "geometry": { "type": "Point", "coordinates": [ 77.5508112, 12.9246981 ] } },
{ "type": "Feature", "properties": { "shop": "supermarket", "name": "Lulu Hypermarket" }, "geometry": { "type": "Point", "coordinates": [ 77.6640329, 12.9936382 ] } },
{ "type": "Feature", "properties": { "shop": "supermarket", "name": "Smart Supermarket" }, "geometry": { "type": "Point", "coordinates": [ 77.6093817, 12.8948991 ] } },
{ "type": "Feature", "properties": { "shop": "supermarket", "name": "Daily fresh supermarket" }, "geometry": { "type": "Point", "coordinates": [ 77.6092646, 12.8946896 ] } },
{ "type": "Feature", "properties": { "shop": "supermarket", "name": "MK Ahmed Super Market" }, "geometry": { "type": "Point", "coordinates": [ 77.5070056, 12.9607559 ] } },
{ "type": "Feature", "properties": { "shop": "supermarket", "name": "Shoprite" }, "geometry": { "type": "Point", "coordinates": [ 77.5122249, 12.9606694 ] } },
{ "type": "Feature", "properties": { "shop": "supermarket", "name": "Nilgiri's" }, "geometry": { "type": "Point", "coordinates": [ 77.6475948, 12.841522 ] } },
{ "type": "Feature", "properties": { "shop": "supermarket", "name": "More" }, "geometry": { "type": "Point", "coordinates": [ 77.6057437, 12.9055748 ] } },
{ "type": "Feature", "properties": { "shop": "convenience", "name": "Shivananda Stores" }, "geometry": { "type": "Point", "coordinates": [ 77.5795592, 12.9867564 ] } },
{ "type": "Feature", "properties": { "shop": "supermarket", "name": "Nilgiri's" }, "geometry": { "type": "Point", "coordinates": [ 77.6236359, 12.9266971 ] } },
{ "type": "Feature", "properties": { "shop": "convenience", "name": "Belliah Milk Booth" }, "geometry": { "type": "Point", "coordinates": [ 77.5451133, 12.9398383 ] } },
{ "type": "Feature", "properties": { "shop": "convenience", "name": "Sinan Provision Store" }, "geometry": { "type": "Point", "coordinates": [ 77.6761569, 12.9218121 ] } },
{ "type": "Feature", "properties": { "shop": "convenience", "name": "Super Market" }, "geometry": { "type": "Point", "coordinates": [ 77.6738244, 12.9762388 ] } },
{ "type": "Feature", "properties": { "shop": "convenience", "name": "More Store" }, "geometry": { "type": "Point", "coordinates": [ 77.673001, 12.974059 ] } },
{ "type": "Feature", "properties": { "shop": "supermarket", "name": "Simpli Namdhari's" }, "geometry": { "type": "Point", "coordinates": [ 77.5853734, 12.9395349 ] } },
{ "type": "Feature", "properties": { "shop": "supermarket", "name": "Fresco" }, "geometry": { "type": "Point", "coordinates": [ 77.6698872, 12.9254591 ] } },
{ "type": "Feature", "properties": { "shop": "supermarket", "name": "Reliance Fresh" }, "geometry": { "type": "Point", "coordinates": [ 77.6698515, 12.9269631 ] } },
{ "type": "Feature", "properties": { "shop": "convenience", "name": "Happy Land Supermarket" }, "geometry": { "type": "Point", "coordinates": [ 77.6710665, 12.9273683 ] } },
{ "type": "Feature", "properties": { "shop": "convenience", "name": "Exide Battery Inverter shop" }, "geometry": { "type": "Point", "coordinates": [ 77.6774154, 12.922285 ] } },
{ "type": "Feature", "properties": { "shop": "convenience", "name": "Happy Land Store" }, "geometry": { "type": "Point", "coordinates": [ 77.6909164, 12.9914612 ] } },
{ "type": "Feature", "properties": { "shop": "convenience", "name": "Hindiwala Provision Store" }, "geometry": { "type": "Point", "coordinates": [ 77.6910662, 12.9926782 ] } },
{ "type": "Feature", "properties": { "shop": "convenience", "name": "Anjeneya Provision Store" }, "geometry": { "type": "Point", "coordinates": [ 77.6913531, 12.9926025 ] } },
{ "type": "Feature", "properties": { "shop": "convenience", "name": "Reni Provision Store" }, "geometry": { "type": "Point", "coordinates": [ 77.6932252, 12.9939459 ] } },
{ "type": "Feature", "properties": { "shop": "convenience", "name": "Ayyappan Provision Store" }, "geometry": { "type": "Point", "coordinates": [ 77.6888153, 12.9918415 ] } },
{ "type": "Feature", "properties": { "shop": "supermarket", "name": "Koutons Cloth Shop" }, "geometry": { "type": "Point", "coordinates": [ 77.6673811, 13.0121881 ] } },
{ "type": "Feature", "properties": { "shop": "supermarket", "name": "Nilgiri's" }, "geometry": { "type": "Point", "coordinates": [ 77.6592607, 13.0249273 ] } },
{ "type": "Feature", "properties": { "shop": "supermarket", "name": "DMart" }, "geometry": { "type": "Point", "coordinates": [ 77.6672269, 13.0123108 ] } },
{ "type": "Feature", "properties": { "shop": "supermarket", "name": null }, "geometry": { "type": "Point", "coordinates": [ 77.6780929, 13.0214412 ] } },
{ "type": "Feature", "properties": { "shop": "convenience", "name": "Home Needs" }, "geometry": { "type": "Point", "coordinates": [ 77.647491, 13.0183846 ] } },
{ "type": "Feature", "properties": { "shop": "supermarket", "name": "More" }, "geometry": { "type": "Point", "coordinates": [ 77.6481357, 13.0127328 ] } },
{ "type": "Feature", "properties": { "shop": "supermarket", "name": "Top in Town" }, "geometry": { "type": "Point", "coordinates": [ 77.6517588, 12.9679728 ] } },
{ "type": "Feature", "properties": { "shop": "supermarket", "name": "Z Shoppe" }, "geometry": { "type": "Point", "coordinates": [ 77.6497422, 12.9662704 ] } },
{ "type": "Feature", "properties": { "shop": "supermarket", "name": "Smart Supermart" }, "geometry": { "type": "Point", "coordinates": [ 77.666733, 13.015385 ] } },
{ "type": "Feature", "properties": { "shop": "supermarket", "name": "Heritage Fresh" }, "geometry": { "type": "Point", "coordinates": [ 77.6730608, 13.0114049 ] } },
{ "type": "Feature", "properties": { "shop": "supermarket", "name": "Four Points" }, "geometry": { "type": "Point", "coordinates": [ 77.6512633, 12.840586 ] } },
{ "type": "Feature", "properties": { "shop": "supermarket", "name": "Burma Supernarket" }, "geometry": { "type": "Point", "coordinates": [ 77.6743886, 12.9736082 ] } },
{ "type": "Feature", "properties": { "shop": "supermarket", "name": "Reliance Mart" }, "geometry": { "type": "Point", "coordinates": [ 77.5347345, 12.9659432 ] } },
{ "type": "Feature", "properties": { "shop": "convenience", "name": "Daily Fresh Supermarket" }, "geometry": { "type": "Point", "coordinates": [ 77.6518198, 12.8423491 ] } },
{ "type": "Feature", "properties": { "shop": "supermarket", "name": "Reliance Digital Electronic Store" }, "geometry": { "type": "Point", "coordinates": [ 77.5672723, 12.954621 ] } },
{ "type": "Feature", "properties": { "shop": "supermarket", "name": "Megamart" }, "geometry": { "type": "Point", "coordinates": [ 77.6659808, 13.0121997 ] } },
{ "type": "Feature", "properties": { "shop": "supermarket", "name": "Royal Mart" }, "geometry": { "type": "Point", "coordinates": [ 77.5553293, 12.9185562 ] } },
{ "type": "Feature", "properties": { "shop": "convenience", "name": "Amarland Departmental" }, "geometry": { "type": "Point", "coordinates": [ 77.5294961, 12.9729823 ] } },
{ "type": "Feature", "properties": { "shop": "convenience", "name": "Vijaya Bank, Mudalapalya Branch" }, "geometry": { "type": "Point", "coordinates": [ 77.5244618, 12.9686251 ] } },
{ "type": "Feature", "properties": { "shop": "convenience", "name": "Hopcoms Mangalore Store" }, "geometry": { "type": "Point", "coordinates": [ 77.5285404, 12.9729139 ] } },
{ "type": "Feature", "properties": { "shop": "supermarket", "name": "Shopper City" }, "geometry": { "type": "Point", "coordinates": [ 77.5320438, 12.9762502 ] } },
{ "type": "Feature", "properties": { "shop": "supermarket", "name": "M K Ahmed Super Shoppy" }, "geometry": { "type": "Point", "coordinates": [ 77.5395133, 12.972595 ] } },
{ "type": "Feature", "properties": { "shop": "supermarket", "name": "Reliance Smartpoint" }, "geometry": { "type": "Point", "coordinates": [ 77.6017789, 12.960466 ] } },
{ "type": "Feature", "properties": { "shop": "supermarket", "name": "Namdharis" }, "geometry": { "type": "Point", "coordinates": [ 77.6026157, 12.9596191 ] } },
{ "type": "Feature", "properties": { "shop": "supermarket", "name": "Richmond Supermarket" }, "geometry": { "type": "Point", "coordinates": [ 77.6040957, 12.9622638 ] } },
{ "type": "Feature", "properties": { "shop": "convenience", "name": "Neelam Stores" }, "geometry": { "type": "Point", "coordinates": [ 77.6022126, 12.9583088 ] } },
{ "type": "Feature", "properties": { "shop": "supermarket", "name": "Basha Department Store" }, "geometry": { "type": "Point", "coordinates": [ 77.6235851, 13.0013558 ] } },
{ "type": "Feature", "properties": { "shop": "convenience", "name": "Manjunatha Provisions" }, "geometry": { "type": "Point", "coordinates": [ 77.5671481, 12.999291 ] } },
{ "type": "Feature", "properties": { "shop": "convenience", "name": "Ganesha Provisions" }, "geometry": { "type": "Point", "coordinates": [ 77.5670032, 12.9992858 ] } },
{ "type": "Feature", "properties": { "shop": "supermarket", "name": "Safal" }, "geometry": { "type": "Point", "coordinates": [ 77.5678347, 12.9991395 ] } },
{ "type": "Feature", "properties": { "shop": "convenience", "name": "Mysore Mini Shopee" }, "geometry": { "type": "Point", "coordinates": [ 77.6155248, 13.0039638 ] } },
{ "type": "Feature", "properties": { "shop": "supermarket", "name": "More" }, "geometry": { "type": "Point", "coordinates": [ 77.6559722, 12.8378668 ] } },
{ "type": "Feature", "properties": { "shop": "supermarket", "name": "Aashirvad Department Stores" }, "geometry": { "type": "Point", "coordinates": [ 77.5880175, 13.0823952 ] } },
{ "type": "Feature", "properties": { "shop": "supermarket", "name": "Smart" }, "geometry": { "type": "Point", "coordinates": [ 77.5881516, 13.0814599 ] } },
{ "type": "Feature", "properties": { "shop": "supermarket", "name": "Fair Choice Supermarket" }, "geometry": { "type": "Point", "coordinates": [ 77.6799287, 12.9721506 ] } },
{ "type": "Feature", "properties": { "shop": "supermarket", "name": "Everfine Super Market" }, "geometry": { "type": "Point", "coordinates": [ 77.5819754, 12.8903823 ] } },
{ "type": "Feature", "properties": { "shop": "supermarket", "name": "Smart Bazaar" }, "geometry": { "type": "Point", "coordinates": [ 77.5817813, 12.8872149 ] } },
{ "type": "Feature", "properties": { "shop": "convenience", "name": "PK Home Needs" }, "geometry": { "type": "Point", "coordinates": [ 77.6199692, 12.8931908 ] } },
{ "type": "Feature", "properties": { "shop": "convenience", "name": null }, "geometry": { "type": "Point", "coordinates": [ 77.5745807, 13.0364505 ] } },
{ "type": "Feature", "properties": { "shop": "supermarket", "name": "Nilgiri's" }, "geometry": { "type": "Point", "coordinates": [ 77.6260331, 12.9724588 ] } },
{ "type": "Feature", "properties": { "shop": "supermarket", "name": "More" }, "geometry": { "type": "Point", "coordinates": [ 77.6000536, 13.0392207 ] } },
{ "type": "Feature", "properties": { "shop": "supermarket", "name": "Mythri" }, "geometry": { "type": "Point", "coordinates": [ 77.5991817, 13.0391647 ] } },
{ "type": "Feature", "properties": { "shop": "supermarket", "name": "Pearl City Super Market" }, "geometry": { "type": "Point", "coordinates": [ 77.6102566, 12.8831879 ] } },
{ "type": "Feature", "properties": { "shop": "supermarket", "name": "Maha Bazar" }, "geometry": { "type": "Point", "coordinates": [ 77.5656715, 13.0370746 ] } },
{ "type": "Feature", "properties": { "shop": "supermarket", "name": "Green Mart" }, "geometry": { "type": "Point", "coordinates": [ 77.5835331, 12.8815935 ] } },
{ "type": "Feature", "properties": { "shop": "supermarket", "name": "Nilgiris" }, "geometry": { "type": "Point", "coordinates": [ 77.5428561, 13.007947 ] } },
{ "type": "Feature", "properties": { "shop": "supermarket", "name": "Reliance Fresh" }, "geometry": { "type": "Point", "coordinates": [ 77.5765785, 13.0321646 ] } },
{ "type": "Feature", "properties": { "shop": "supermarket", "name": "More" }, "geometry": { "type": "Point", "coordinates": [ 77.5877178, 13.0581249 ] } },
{ "type": "Feature", "properties": { "shop": "supermarket", "name": "A.R Minimart" }, "geometry": { "type": "Point", "coordinates": [ 77.5463267, 12.9130191 ] } },
{ "type": "Feature", "properties": { "shop": "convenience", "name": null }, "geometry": { "type": "Point", "coordinates": [ 77.5454924, 12.9103056 ] } },
{ "type": "Feature", "properties": { "shop": "convenience", "name": null }, "geometry": { "type": "Point", "coordinates": [ 77.5561808, 12.9178136 ] } },
{ "type": "Feature", "properties": { "shop": "supermarket", "name": "Ten Ten Nimma Supermarket" }, "geometry": { "type": "Point", "coordinates": [ 77.5863222, 12.8953157 ] } },
{ "type": "Feature", "properties": { "shop": "convenience", "name": "Sufiyan Dry Fruits" }, "geometry": { "type": "Point", "coordinates": [ 77.5782051, 12.9274299 ] } },
{ "type": "Feature", "properties": { "shop": "supermarket", "name": null }, "geometry": { "type": "Point", "coordinates": [ 77.7410111, 12.961125 ] } },
{ "type": "Feature", "properties": { "shop": "convenience", "name": "Mobile Store" }, "geometry": { "type": "Point", "coordinates": [ 77.6416464, 12.9785966 ] } },
{ "type": "Feature", "properties": { "shop": "convenience", "name": "Blue Rose, Home Needs" }, "geometry": { "type": "Point", "coordinates": [ 77.6002829, 13.023275 ] } },
{ "type": "Feature", "properties": { "shop": "supermarket", "name": "Benison" }, "geometry": { "type": "Point", "coordinates": [ 77.5959959, 12.8836585 ] } },
{ "type": "Feature", "properties": { "shop": "convenience", "name": "Supriya Stores" }, "geometry": { "type": "Point", "coordinates": [ 77.6314571, 12.9355043 ] } },
{ "type": "Feature", "properties": { "shop": "convenience", "name": "Food Mall" }, "geometry": { "type": "Point", "coordinates": [ 77.6298023, 12.9334024 ] } },
{ "type": "Feature", "properties": { "shop": "supermarket", "name": null }, "geometry": { "type": "Point", "coordinates": [ 77.5781055, 13.0250446 ] } },
{ "type": "Feature", "properties": { "shop": "supermarket", "name": "HyperCITY" }, "geometry": { "type": "Point", "coordinates": [ 77.5953397, 12.876118 ] } },
{ "type": "Feature", "properties": { "shop": "supermarket", "name": "Relience Fresh" }, "geometry": { "type": "Point", "coordinates": [ 77.556125, 12.9381919 ] } },
{ "type": "Feature", "properties": { "shop": "supermarket", "name": "Ample Mart" }, "geometry": { "type": "Point", "coordinates": [ 77.6167938, 12.8759179 ] } },
{ "type": "Feature", "properties": { "shop": "supermarket", "name": "More" }, "geometry": { "type": "Point", "coordinates": [ 77.5721105, 13.0636896 ] } },
{ "type": "Feature", "properties": { "shop": "supermarket", "name": "The Big Market" }, "geometry": { "type": "Point", "coordinates": [ 77.572199, 13.0637683 ] } },
{ "type": "Feature", "properties": { "shop": "supermarket", "name": "Easy Day" }, "geometry": { "type": "Point", "coordinates": [ 77.559567, 13.0814716 ] } },
{ "type": "Feature", "properties": { "shop": "supermarket", "name": "Royal Supermarket" }, "geometry": { "type": "Point", "coordinates": [ 77.5869656, 12.900724 ] } },
{ "type": "Feature", "properties": { "shop": "supermarket", "name": "Grand Supermarket" }, "geometry": { "type": "Point", "coordinates": [ 77.6445546, 12.9063471 ] } },
{ "type": "Feature", "properties": { "shop": "convenience", "name": "More" }, "geometry": { "type": "Point", "coordinates": [ 77.6601784, 12.8388772 ] } },
{ "type": "Feature", "properties": { "shop": "convenience", "name": null }, "geometry": { "type": "Point", "coordinates": [ 77.6221231, 12.8994582 ] } },
{ "type": "Feature", "properties": { "shop": "convenience", "name": "Royal Home Needs" }, "geometry": { "type": "Point", "coordinates": [ 77.6207679, 12.8997405 ] } },
{ "type": "Feature", "properties": { "shop": "convenience", "name": "Landmark" }, "geometry": { "type": "Point", "coordinates": [ 77.5549686, 13.0101713 ] } },
{ "type": "Feature", "properties": { "shop": "supermarket", "name": "Star Bazar" }, "geometry": { "type": "Point", "coordinates": [ 77.555384, 13.0114494 ] } },
{ "type": "Feature", "properties": { "shop": "supermarket", "name": "Behtar Super Market" }, "geometry": { "type": "Point", "coordinates": [ 77.5303413, 12.9682121 ] } },
{ "type": "Feature", "properties": { "shop": "supermarket", "name": "Food Triangle" }, "geometry": { "type": "Point", "coordinates": [ 77.623075, 12.9308637 ] } },
{ "type": "Feature", "properties": { "shop": "supermarket", "name": "Casio" }, "geometry": { "type": "Point", "coordinates": [ 77.7706022, 13.0232165 ] } },
{ "type": "Feature", "properties": { "shop": "supermarket", "name": "A-One" }, "geometry": { "type": "Point", "coordinates": [ 77.7621341, 13.0156184 ] } },
{ "type": "Feature", "properties": { "shop": "supermarket", "name": "Namdhari's Fresh" }, "geometry": { "type": "Point", "coordinates": [ 77.7649482, 13.0205405 ] } },
{ "type": "Feature", "properties": { "shop": "convenience", "name": "Family Food Choice" }, "geometry": { "type": "Point", "coordinates": [ 77.6404596, 12.8744077 ] } },
{ "type": "Feature", "properties": { "shop": "supermarket", "name": "E K Retail" }, "geometry": { "type": "Point", "coordinates": [ 77.5777119, 12.8917971 ] } },
{ "type": "Feature", "properties": { "shop": "supermarket", "name": "G-Mart now VILLAGE" }, "geometry": { "type": "Point", "coordinates": [ 77.6730622, 12.9228223 ] } },
{ "type": "Feature", "properties": { "shop": "supermarket", "name": "HomeBuzz" }, "geometry": { "type": "Point", "coordinates": [ 77.6575717, 13.0214757 ] } },
{ "type": "Feature", "properties": { "shop": "supermarket", "name": "Village Supermarket" }, "geometry": { "type": "Point", "coordinates": [ 77.6462476, 12.8417635 ] } },
{ "type": "Feature", "properties": { "shop": "supermarket", "name": "Big Bazar" }, "geometry": { "type": "Point", "coordinates": [ 77.5878322, 12.9302745 ] } },
{ "type": "Feature", "properties": { "shop": "supermarket", "name": "Family Mall" }, "geometry": { "type": "Point", "coordinates": [ 77.66084, 12.9583725 ] } },
{ "type": "Feature", "properties": { "shop": "supermarket", "name": "Ample Mart Supermarket" }, "geometry": { "type": "Point", "coordinates": [ 77.5882111, 12.9249951 ] } },
{ "type": "Feature", "properties": { "shop": "supermarket", "name": "Karnataka Supermarket" }, "geometry": { "type": "Point", "coordinates": [ 77.6062299, 12.9644187 ] } },
{ "type": "Feature", "properties": { "shop": "supermarket", "name": "Village Super Market" }, "geometry": { "type": "Point", "coordinates": [ 77.5265056, 12.961299 ] } },
{ "type": "Feature", "properties": { "shop": "supermarket", "name": "Akshaya Super Market" }, "geometry": { "type": "Point", "coordinates": [ 77.5286993, 12.9606854 ] } },
{ "type": "Feature", "properties": { "shop": "convenience", "name": "S V Provision Store" }, "geometry": { "type": "Point", "coordinates": [ 77.5819391, 12.8907955 ] } },
{ "type": "Feature", "properties": { "shop": "supermarket", "name": "Royal Mart Supermarket" }, "geometry": { "type": "Point", "coordinates": [ 77.5468074, 12.9075154 ] } },
{ "type": "Feature", "properties": { "shop": "supermarket", "name": "Farm Fresh" }, "geometry": { "type": "Point", "coordinates": [ 77.5493517, 12.9093408 ] } },
{ "type": "Feature", "properties": { "shop": "supermarket", "name": "P K Store" }, "geometry": { "type": "Point", "coordinates": [ 77.7649169, 12.9964249 ] } },
{ "type": "Feature", "properties": { "shop": "supermarket", "name": "Namdhari's Fresh" }, "geometry": { "type": "Point", "coordinates": [ 77.5190496, 12.9244128 ] } },
{ "type": "Feature", "properties": { "shop": "supermarket", "name": "Food Mart" }, "geometry": { "type": "Point", "coordinates": [ 77.6616598, 13.0276893 ] } },
{ "type": "Feature", "properties": { "shop": "supermarket", "name": "DMart" }, "geometry": { "type": "Point", "coordinates": [ 77.5913626, 12.9288646 ] } },
{ "type": "Feature", "properties": { "shop": "supermarket", "name": "Mark & Spencer" }, "geometry": { "type": "Point", "coordinates": [ 77.6288681, 12.9386176 ] } },
{ "type": "Feature", "properties": { "shop": "supermarket", "name": "The Big Market" }, "geometry": { "type": "Point", "coordinates": [ 77.5858778, 12.8971318 ] } },
{ "type": "Feature", "properties": { "shop": "convenience", "name": "Uttara Karnataka Speciality Food Stores" }, "geometry": { "type": "Point", "coordinates": [ 77.5867571, 12.9245905 ] } },
{ "type": "Feature", "properties": { "shop": "supermarket", "name": "Big Bazaar" }, "geometry": { "type": "Point", "coordinates": [ 77.6216713, 12.9734434 ] } },
{ "type": "Feature", "properties": { "shop": "supermarket", "name": "Fresh Reach" }, "geometry": { "type": "Point", "coordinates": [ 77.6754957, 12.9780265 ] } },
{ "type": "Feature", "properties": { "shop": "convenience", "name": "Vasavi Stores" }, "geometry": { "type": "Point", "coordinates": [ 77.5203766, 13.0189995 ] } },
{ "type": "Feature", "properties": { "shop": "supermarket", "name": "Kunchum Foods" }, "geometry": { "type": "Point", "coordinates": [ 77.5951971, 12.9156159 ] } },
{ "type": "Feature", "properties": { "shop": "supermarket", "name": "Krishna Dairy" }, "geometry": { "type": "Point", "coordinates": [ 77.579815, 13.063134 ] } },
{ "type": "Feature", "properties": { "shop": "supermarket", "name": "Shop & Save" }, "geometry": { "type": "Point", "coordinates": [ 77.5600169, 12.9072506 ] } },
{ "type": "Feature", "properties": { "shop": "supermarket", "name": "Easy Supermarket" }, "geometry": { "type": "Point", "coordinates": [ 77.6535335, 12.9559406 ] } },
{ "type": "Feature", "properties": { "shop": "supermarket", "name": "More" }, "geometry": { "type": "Point", "coordinates": [ 77.6543248, 12.958827 ] } },
{ "type": "Feature", "properties": { "shop": "supermarket", "name": "Nilgiri's" }, "geometry": { "type": "Point", "coordinates": [ 77.6074393, 12.9728628 ] } },
{ "type": "Feature", "properties": { "shop": "supermarket", "name": "provision store" }, "geometry": { "type": "Point", "coordinates": [ 77.5890874, 12.9302178 ] } },
{ "type": "Feature", "properties": { "shop": "supermarket", "name": "Top in Town" }, "geometry": { "type": "Point", "coordinates": [ 77.6525624, 12.9533697 ] } },
{ "type": "Feature", "properties": { "shop": "convenience", "name": "Time Pass" }, "geometry": { "type": "Point", "coordinates": [ 77.6368206, 12.9812255 ] } },
{ "type": "Feature", "properties": { "shop": "convenience", "name": "Hot N Cool" }, "geometry": { "type": "Point", "coordinates": [ 77.5818478, 12.910501 ] } },
{ "type": "Feature", "properties": { "shop": "supermarket", "name": "Safal Fresh" }, "geometry": { "type": "Point", "coordinates": [ 77.6024598, 12.9403442 ] } },
{ "type": "Feature", "properties": { "shop": "convenience", "name": "Mohan Bhandar" }, "geometry": { "type": "Point", "coordinates": [ 77.5711353, 13.0018587 ] } },
{ "type": "Feature", "properties": { "shop": "convenience", "name": "Sri Raghavendra Condiments" }, "geometry": { "type": "Point", "coordinates": [ 77.5559942, 12.9893394 ] } },
{ "type": "Feature", "properties": { "shop": "convenience", "name": "Sri Charan stores" }, "geometry": { "type": "Point", "coordinates": [ 77.5559708, 12.9890644 ] } },
{ "type": "Feature", "properties": { "shop": "convenience", "name": "Sri Manjunath Stores" }, "geometry": { "type": "Point", "coordinates": [ 77.5559614, 12.9890052 ] } },
{ "type": "Feature", "properties": { "shop": "convenience", "name": null }, "geometry": { "type": "Point", "coordinates": [ 77.62521, 12.9436693 ] } },
{ "type": "Feature", "properties": { "shop": "supermarket", "name": "Ceekay" }, "geometry": { "type": "Point", "coordinates": [ 77.636981, 12.960497 ] } },
{ "type": "Feature", "properties": { "shop": "supermarket", "name": "Top In Town" }, "geometry": { "type": "Point", "coordinates": [ 77.6379839, 12.9564333 ] } },
{ "type": "Feature", "properties": { "shop": "convenience", "name": "Sri Kanaka" }, "geometry": { "type": "Point", "coordinates": [ 77.6367912, 12.9603801 ] } },
{ "type": "Feature", "properties": { "shop": "supermarket", "name": "SLV Stores" }, "geometry": { "type": "Point", "coordinates": [ 77.6213652, 12.9482932 ] } },
{ "type": "Feature", "properties": { "shop": "supermarket", "name": "Food Basics" }, "geometry": { "type": "Point", "coordinates": [ 77.6179178, 12.9319665 ] } },
{ "type": "Feature", "properties": { "shop": "convenience", "name": "Sri Raghavendra Condiments and Chats" }, "geometry": { "type": "Point", "coordinates": [ 77.5253491, 13.0358694 ] } },
{ "type": "Feature", "properties": { "shop": "convenience", "name": "Sree Dhanalakshmi Stores" }, "geometry": { "type": "Point", "coordinates": [ 77.6385858, 12.9800773 ] } },
{ "type": "Feature", "properties": { "shop": "convenience", "name": "Sree sai rice corner" }, "geometry": { "type": "Point", "coordinates": [ 77.6385017, 12.980055 ] } },
{ "type": "Feature", "properties": { "shop": "supermarket", "name": "Namdhari Fresh" }, "geometry": { "type": "Point", "coordinates": [ 77.5929974, 13.0207547 ] } },
{ "type": "Feature", "properties": { "shop": "supermarket", "name": "Family Food House" }, "geometry": { "type": "Point", "coordinates": [ 77.6063814, 12.8865458 ] } },
{ "type": "Feature", "properties": { "shop": "convenience", "name": null }, "geometry": { "type": "Point", "coordinates": [ 77.6370052, 12.9794887 ] } },
{ "type": "Feature", "properties": { "shop": "supermarket", "name": "Sunshine Supermarket" }, "geometry": { "type": "Point", "coordinates": [ 77.653502, 12.8509264 ] } },
{ "type": "Feature", "properties": { "shop": "convenience", "name": "Royal Mart" }, "geometry": { "type": "Point", "coordinates": [ 77.5769731, 13.1011688 ] } },
{ "type": "Feature", "properties": { "shop": "supermarket", "name": "Royal Mart" }, "geometry": { "type": "Point", "coordinates": [ 77.5712363, 13.093793 ] } },
{ "type": "Feature", "properties": { "shop": "convenience", "name": "Shree Sai Baba Condiments" }, "geometry": { "type": "Point", "coordinates": [ 77.5999568, 12.9480956 ] } },
{ "type": "Feature", "properties": { "shop": "supermarket", "name": "Reliance Smart Point" }, "geometry": { "type": "Point", "coordinates": [ 77.586205, 12.893592 ] } },
{ "type": "Feature", "properties": { "shop": "supermarket", "name": "Kaveri Departmental Store" }, "geometry": { "type": "Point", "coordinates": [ 77.6671061, 12.9756859 ] } },
{ "type": "Feature", "properties": { "shop": "convenience", "name": "SS Store" }, "geometry": { "type": "Point", "coordinates": [ 77.642258, 12.9816481 ] } },
{ "type": "Feature", "properties": { "shop": "supermarket", "name": "Reliance Fresh" }, "geometry": { "type": "Point", "coordinates": [ 77.5752413, 12.9366381 ] } },
{ "type": "Feature", "properties": { "shop": "supermarket", "name": "Nilgiri's" }, "geometry": { "type": "Point", "coordinates": [ 77.6521143, 12.958969 ] } },
{ "type": "Feature", "properties": { "shop": "convenience", "name": "Rao's Corner" }, "geometry": { "type": "Point", "coordinates": [ 77.6295207, 13.0038136 ] } },
{ "type": "Feature", "properties": { "shop": "supermarket", "name": "Nandini Milk Parlor" }, "geometry": { "type": "Point", "coordinates": [ 77.6577102, 12.9962854 ] } },
{ "type": "Feature", "properties": { "shop": "supermarket", "name": "Shoba" }, "geometry": { "type": "Point", "coordinates": [ 77.701818, 12.9571137 ] } },
{ "type": "Feature", "properties": { "shop": "convenience", "name": "Sri Vasavi Super Market" }, "geometry": { "type": "Point", "coordinates": [ 77.6346269, 12.9726022 ] } },
{ "type": "Feature", "properties": { "shop": "convenience", "name": "Karnataka Bakery" }, "geometry": { "type": "Point", "coordinates": [ 77.6351916, 12.9730537 ] } },
{ "type": "Feature", "properties": { "shop": "convenience", "name": "Nagasree Bakery" }, "geometry": { "type": "Point", "coordinates": [ 77.6347705, 12.9728923 ] } },
{ "type": "Feature", "properties": { "shop": "supermarket", "name": "Star Bazar" }, "geometry": { "type": "Point", "coordinates": [ 77.5319661, 12.9760478 ] } },
{ "type": "Feature", "properties": { "shop": "convenience", "name": null }, "geometry": { "type": "Point", "coordinates": [ 77.6295176, 13.0033773 ] } },
{ "type": "Feature", "properties": { "shop": "convenience", "name": null }, "geometry": { "type": "Point", "coordinates": [ 77.6295457, 13.003513 ] } },
{ "type": "Feature", "properties": { "shop": "convenience", "name": null }, "geometry": { "type": "Point", "coordinates": [ 77.5112461, 13.0716637 ] } },
{ "type": "Feature", "properties": { "shop": "convenience", "name": null }, "geometry": { "type": "Point", "coordinates": [ 77.5121441, 13.0712763 ] } },
{ "type": "Feature", "properties": { "shop": "convenience", "name": "Saravana Store" }, "geometry": { "type": "Point", "coordinates": [ 77.6301221, 13.0015949 ] } },
{ "type": "Feature", "properties": { "shop": "supermarket", "name": "Nisha Supermart" }, "geometry": { "type": "Point", "coordinates": [ 77.6319019, 13.0019536 ] } },
{ "type": "Feature", "properties": { "shop": "convenience", "name": "Sri Murugan" }, "geometry": { "type": "Point", "coordinates": [ 77.6305078, 13.0016726 ] } },
{ "type": "Feature", "properties": { "shop": "supermarket", "name": "Reliance Fresh" }, "geometry": { "type": "Point", "coordinates": [ 77.630759, 13.0014363 ] } },
{ "type": "Feature", "properties": { "shop": "supermarket", "name": "Nature's Basket" }, "geometry": { "type": "Point", "coordinates": [ 77.6229616, 12.9337036 ] } },
{ "type": "Feature", "properties": { "shop": "convenience", "name": "Safa Super Bazar" }, "geometry": { "type": "Point", "coordinates": [ 77.6347745, 12.9728596 ] } },
{ "type": "Feature", "properties": { "shop": "convenience", "name": "KP Stores" }, "geometry": { "type": "Point", "coordinates": [ 77.6549662, 12.9568367 ] } },
{ "type": "Feature", "properties": { "shop": "convenience", "name": "Rasna Stores" }, "geometry": { "type": "Point", "coordinates": [ 77.6549406, 12.9566788 ] } },
{ "type": "Feature", "properties": { "shop": "supermarket", "name": null }, "geometry": { "type": "Point", "coordinates": [ 77.5839205, 13.0813597 ] } },
{ "type": "Feature", "properties": { "shop": "convenience", "name": "Nilgiris 1905" }, "geometry": { "type": "Point", "coordinates": [ 77.6448996, 12.9741014 ] } },
{ "type": "Feature", "properties": { "shop": "supermarket", "name": "More" }, "geometry": { "type": "Point", "coordinates": [ 77.5483657, 13.0247172 ] } },
{ "type": "Feature", "properties": { "shop": "supermarket", "name": "Total" }, "geometry": { "type": "Point", "coordinates": [ 77.6567863, 12.958648 ] } },
{ "type": "Feature", "properties": { "shop": "supermarket", "name": "Nature's Basket" }, "geometry": { "type": "Point", "coordinates": [ 77.5806627, 13.0056797 ] } },
{ "type": "Feature", "properties": { "shop": "convenience", "name": null }, "geometry": { "type": "Point", "coordinates": [ 77.6289446, 12.9461467 ] } },
{ "type": "Feature", "properties": { "shop": "convenience", "name": "TMS Provision Stores" }, "geometry": { "type": "Point", "coordinates": [ 77.6289451, 12.9455457 ] } },
{ "type": "Feature", "properties": { "shop": "convenience", "name": "Public Distribution Shop" }, "geometry": { "type": "Point", "coordinates": [ 77.6289394, 12.9451555 ] } },
{ "type": "Feature", "properties": { "shop": "supermarket", "name": "Nilgiri's" }, "geometry": { "type": "Point", "coordinates": [ 77.6431666, 12.9792765 ] } },
{ "type": "Feature", "properties": { "shop": "convenience", "name": "Sri Murugan" }, "geometry": { "type": "Point", "coordinates": [ 77.6297661, 13.0016891 ] } },
{ "type": "Feature", "properties": { "shop": "convenience", "name": "NFS" }, "geometry": { "type": "Point", "coordinates": [ 77.6295524, 13.0022213 ] } },
{ "type": "Feature", "properties": { "shop": "convenience", "name": null }, "geometry": { "type": "Point", "coordinates": [ 77.6294349, 13.0030529 ] } },
{ "type": "Feature", "properties": { "shop": "supermarket", "name": "Magizh Groceries" }, "geometry": { "type": "Point", "coordinates": [ 77.6383068, 12.87924 ] } },
{ "type": "Feature", "properties": { "shop": "convenience", "name": "Shetty Shop" }, "geometry": { "type": "Point", "coordinates": [ 77.6844318, 12.8350074 ] } },
{ "type": "Feature", "properties": { "shop": "convenience", "name": "Sri Sai Cyber Cafe" }, "geometry": { "type": "Point", "coordinates": [ 77.6830998, 12.8351843 ] } },
{ "type": "Feature", "properties": { "shop": "convenience", "name": "Sri Vigneshwara Cyber Zone" }, "geometry": { "type": "Point", "coordinates": [ 77.682738, 12.8353508 ] } },
{ "type": "Feature", "properties": { "shop": "supermarket", "name": "Grand hypermarket" }, "geometry": { "type": "Point", "coordinates": [ 77.6914484, 12.8356336 ] } },
{ "type": "Feature", "properties": { "shop": "supermarket", "name": "Reliance Fresh" }, "geometry": { "type": "Point", "coordinates": [ 77.6805764, 12.9930245 ] } },
{ "type": "Feature", "properties": { "shop": "supermarket", "name": "Sree Manjunatha Stores" }, "geometry": { "type": "Point", "coordinates": [ 77.6517316, 12.9750833 ] } },
{ "type": "Feature", "properties": { "shop": "supermarket", "name": "More" }, "geometry": { "type": "Point", "coordinates": [ 77.5919058, 13.0579847 ] } },
{ "type": "Feature", "properties": { "shop": "convenience", "name": "Public Distribution Shop" }, "geometry": { "type": "Point", "coordinates": [ 77.5961824, 12.9177769 ] } },
{ "type": "Feature", "properties": { "shop": "convenience", "name": "Public Distribution Shop" }, "geometry": { "type": "Point", "coordinates": [ 77.5957, 12.9204873 ] } },
{ "type": "Feature", "properties": { "shop": "supermarket", "name": "The Big Market" }, "geometry": { "type": "Point", "coordinates": [ 77.5930084, 13.0623962 ] } },
{ "type": "Feature", "properties": { "shop": "supermarket", "name": "Thilags Market" }, "geometry": { "type": "Point", "coordinates": [ 77.6701118, 12.9683842 ] } },
{ "type": "Feature", "properties": { "shop": "supermarket", "name": "Hopcoms" }, "geometry": { "type": "Point", "coordinates": [ 77.5203753, 12.9188235 ] } },
{ "type": "Feature", "properties": { "shop": "convenience", "name": "Mamta Provision store" }, "geometry": { "type": "Point", "coordinates": [ 77.5327927, 12.9868514 ] } },
{ "type": "Feature", "properties": { "shop": "supermarket", "name": "Lake View Supermarket" }, "geometry": { "type": "Point", "coordinates": [ 77.6189672, 12.9875472 ] } },
{ "type": "Feature", "properties": { "shop": "convenience", "name": "Campus Mart" }, "geometry": { "type": "Point", "coordinates": [ 77.5345513, 12.9357187 ] } },
{ "type": "Feature", "properties": { "shop": "supermarket", "name": "Parimala" }, "geometry": { "type": "Point", "coordinates": [ 77.5969076, 12.9239069 ] } },
{ "type": "Feature", "properties": { "shop": "supermarket", "name": "Maha Bazar" }, "geometry": { "type": "Point", "coordinates": [ 77.6336331, 13.0148535 ] } },
{ "type": "Feature", "properties": { "shop": "supermarket", "name": "Star Bazar" }, "geometry": { "type": "Point", "coordinates": [ 77.7124418, 12.9553742 ] } },
{ "type": "Feature", "properties": { "shop": "convenience", "name": "Titan" }, "geometry": { "type": "Point", "coordinates": [ 77.6354528, 12.9784182 ] } },
{ "type": "Feature", "properties": { "shop": "supermarket", "name": "Loyal World Retail Mart" }, "geometry": { "type": "Point", "coordinates": [ 77.6733771, 12.8899392 ] } },
{ "type": "Feature", "properties": { "shop": "supermarket", "name": "Nilgiri Supermarket" }, "geometry": { "type": "Point", "coordinates": [ 77.5981195, 13.0025965 ] } },
{ "type": "Feature", "properties": { "shop": "supermarket", "name": "More" }, "geometry": { "type": "Point", "coordinates": [ 77.6569142, 12.9589507 ] } },
{ "type": "Feature", "properties": { "shop": "convenience", "name": "Green Mart" }, "geometry": { "type": "Point", "coordinates": [ 77.6469898, 12.9721284 ] } },
{ "type": "Feature", "properties": { "shop": "convenience", "name": "wholesale provisions store" }, "geometry": { "type": "Point", "coordinates": [ 77.4868785, 13.0151844 ] } },
{ "type": "Feature", "properties": { "shop": "convenience", "name": "Muthu Store" }, "geometry": { "type": "Point", "coordinates": [ 77.6547201, 12.9551807 ] } },
{ "type": "Feature", "properties": { "shop": "convenience", "name": "Sree VIdya Stores" }, "geometry": { "type": "Point", "coordinates": [ 77.6372136, 12.972284 ] } },
{ "type": "Feature", "properties": { "shop": "supermarket", "name": "Reliance Fresh" }, "geometry": { "type": "Point", "coordinates": [ 77.5906518, 13.0633532 ] } },
{ "type": "Feature", "properties": { "shop": "convenience", "name": "BN Sreekantiah And Sons" }, "geometry": { "type": "Point", "coordinates": [ 77.5715059, 12.9450336 ] } },
{ "type": "Feature", "properties": { "shop": "supermarket", "name": "Aishwarya Supermarket" }, "geometry": { "type": "Point", "coordinates": [ 77.6446906, 12.9083472 ] } },
{ "type": "Feature", "properties": { "shop": "supermarket", "name": "Reliance Fresh" }, "geometry": { "type": "Point", "coordinates": [ 77.5485023, 12.9973946 ] } },
{ "type": "Feature", "properties": { "shop": "supermarket", "name": "New Akshaya Mini Bazaar" }, "geometry": { "type": "Point", "coordinates": [ 77.5506179, 13.0016723 ] } },
{ "type": "Feature", "properties": { "shop": "supermarket", "name": "Simply Organics" }, "geometry": { "type": "Point", "coordinates": [ 77.5513274, 12.9939186 ] } },
{ "type": "Feature", "properties": { "shop": "convenience", "name": "GM Time Center Watch Repair" }, "geometry": { "type": "Point", "coordinates": [ 77.6040449, 13.0266169 ] } },
{ "type": "Feature", "properties": { "shop": "convenience", "name": "Deluxe Bedding and Sofa center" }, "geometry": { "type": "Point", "coordinates": [ 77.6041687, 13.0270552 ] } },
{ "type": "Feature", "properties": { "shop": "convenience", "name": "Prem Fancy Store" }, "geometry": { "type": "Point", "coordinates": [ 77.604326, 13.0276582 ] } },
{ "type": "Feature", "properties": { "shop": "convenience", "name": "Sri Vinayaka Hot Chips" }, "geometry": { "type": "Point", "coordinates": [ 77.6043445, 13.0276805 ] } },
{ "type": "Feature", "properties": { "shop": "convenience", "name": "Time House" }, "geometry": { "type": "Point", "coordinates": [ 77.6040579, 13.0267584 ] } },
{ "type": "Feature", "properties": { "shop": "convenience", "name": "Cafe Coffee Day" }, "geometry": { "type": "Point", "coordinates": [ 77.6031704, 13.024064 ] } },
{ "type": "Feature", "properties": { "shop": "convenience", "name": "Yakshini Condiments" }, "geometry": { "type": "Point", "coordinates": [ 77.6040529, 13.0266962 ] } },
{ "type": "Feature", "properties": { "shop": "convenience", "name": "Shree Basaveswara Frame Works" }, "geometry": { "type": "Point", "coordinates": [ 77.604326, 13.0276316 ] } },
{ "type": "Feature", "properties": { "shop": "convenience", "name": "Seek n Hide Tours and Travels" }, "geometry": { "type": "Point", "coordinates": [ 77.6041031, 13.0266933 ] } },
{ "type": "Feature", "properties": { "shop": "convenience", "name": "Chaitra Pan" }, "geometry": { "type": "Point", "coordinates": [ 77.6044033, 13.0277189 ] } },
{ "type": "Feature", "properties": { "shop": "convenience", "name": "Om Ganesh Juice Center" }, "geometry": { "type": "Point", "coordinates": [ 77.6040359, 13.0266014 ] } },
{ "type": "Feature", "properties": { "shop": "convenience", "name": "Durga Pan Bhandar" }, "geometry": { "type": "Point", "coordinates": [ 77.6042813, 13.0274651 ] } },
{ "type": "Feature", "properties": { "shop": "convenience", "name": "Bangalore Time Center" }, "geometry": { "type": "Point", "coordinates": [ 77.6041118, 13.0269118 ] } },
{ "type": "Feature", "properties": { "shop": "convenience", "name": "Sleep Good Matress" }, "geometry": { "type": "Point", "coordinates": [ 77.6043446, 13.027668 ] } },
{ "type": "Feature", "properties": { "shop": "convenience", "name": "Vinay Bangle Store" }, "geometry": { "type": "Point", "coordinates": [ 77.6031596, 13.0240447 ] } },
{ "type": "Feature", "properties": { "shop": "convenience", "name": "Pavithra Enterprises" }, "geometry": { "type": "Point", "coordinates": [ 77.6042946, 13.0273351 ] } },
{ "type": "Feature", "properties": { "shop": "supermarket", "name": "Reliance Smart Bazaar" }, "geometry": { "type": "Point", "coordinates": [ 77.5534545, 13.0122683 ] } },
{ "type": "Feature", "properties": { "shop": "supermarket", "name": "Food World" }, "geometry": { "type": "Point", "coordinates": [ 77.5924037, 13.0214967 ] } },
{ "type": "Feature", "properties": { "shop": "supermarket", "name": "More" }, "geometry": { "type": "Point", "coordinates": [ 77.6782953, 13.0194845 ] } },
{ "type": "Feature", "properties": { "shop": "supermarket", "name": "Spar" }, "geometry": { "type": "Point", "coordinates": [ 77.6267753, 13.0454341 ] } },
{ "type": "Feature", "properties": { "shop": "convenience", "name": "Grand City Supermarket" }, "geometry": { "type": "Point", "coordinates": [ 77.695489, 12.9226179 ] } },
{ "type": "Feature", "properties": { "shop": "supermarket", "name": "Spar" }, "geometry": { "type": "Point", "coordinates": [ 77.5707302, 12.991691 ] } },
{ "type": "Feature", "properties": { "shop": "supermarket", "name": "Capital Hypermar" }, "geometry": { "type": "Point", "coordinates": [ 77.6883085, 12.9489302 ] } },
{ "type": "Feature", "properties": { "shop": "supermarket", "name": "Ideal Supermarket" }, "geometry": { "type": "Point", "coordinates": [ 77.6525847, 12.9443025 ] } },
{ "type": "Feature", "properties": { "shop": "supermarket", "name": "BN Sreekantaiah and Sons" }, "geometry": { "type": "Point", "coordinates": [ 77.5841581, 12.9306322 ] } },
{ "type": "Feature", "properties": { "shop": "convenience", "name": "Vinayaka stores" }, "geometry": { "type": "Point", "coordinates": [ 77.6539372, 12.9718065 ] } },
{ "type": "Feature", "properties": { "shop": "convenience", "name": "SK provisions" }, "geometry": { "type": "Point", "coordinates": [ 77.6548306, 12.9693941 ] } },
{ "type": "Feature", "properties": { "shop": "convenience", "name": null }, "geometry": { "type": "Point", "coordinates": [ 77.6728561, 12.94739 ] } },
{ "type": "Feature", "properties": { "shop": "convenience", "name": null }, "geometry": { "type": "Point", "coordinates": [ 77.6805927, 12.9473301 ] } },
{ "type": "Feature", "properties": { "shop": "supermarket", "name": "99 Grocer" }, "geometry": { "type": "Point", "coordinates": [ 77.6796811, 12.9481186 ] } },
{ "type": "Feature", "properties": { "shop": "convenience", "name": "Akshaj Provisions" }, "geometry": { "type": "Point", "coordinates": [ 77.6814596, 12.9473561 ] } },
{ "type": "Feature", "properties": { "shop": "convenience", "name": "Likith Provisions" }, "geometry": { "type": "Point", "coordinates": [ 77.6812077, 12.9470263 ] } },
{ "type": "Feature", "properties": { "shop": "supermarket", "name": "SLN Super Market" }, "geometry": { "type": "Point", "coordinates": [ 77.6241693, 12.9114996 ] } },
{ "type": "Feature", "properties": { "shop": "supermarket", "name": "Vishal Mega Mart" }, "geometry": { "type": "Point", "coordinates": [ 77.5998505, 12.8974942 ] } },
{ "type": "Feature", "properties": { "shop": "supermarket", "name": "Hypercity Retail India Pvt Ltd" }, "geometry": { "type": "Point", "coordinates": [ 77.5958084, 12.8758755 ] } },
{ "type": "Feature", "properties": { "shop": "supermarket", "name": "Yemkay Supermarket" }, "geometry": { "type": "Point", "coordinates": [ 77.5560577, 12.9417055 ] } },
{ "type": "Feature", "properties": { "shop": "supermarket", "name": "Sweet Chariot" }, "geometry": { "type": "Point", "coordinates": [ 77.5540532, 12.984947 ] } },
{ "type": "Feature", "properties": { "shop": "supermarket", "name": "Madeena Supermarket" }, "geometry": { "type": "Point", "coordinates": [ 77.6107384, 12.9948336 ] } },
{ "type": "Feature", "properties": { "shop": "supermarket", "name": "More For You" }, "geometry": { "type": "Point", "coordinates": [ 77.5536076, 13.0352764 ] } },
{ "type": "Feature", "properties": { "shop": "supermarket", "name": "Samarth Rice Traders" }, "geometry": { "type": "Point", "coordinates": [ 77.6561956, 13.015208 ] } },
{ "type": "Feature", "properties": { "shop": "supermarket", "name": "Four Point Supermarket" }, "geometry": { "type": "Point", "coordinates": [ 77.65114, 12.8405937 ] } },
{ "type": "Feature", "properties": { "shop": "supermarket", "name": "Ahmeds Retail" }, "geometry": { "type": "Point", "coordinates": [ 77.6090101, 13.0235383 ] } },
{ "type": "Feature", "properties": { "shop": "supermarket", "name": "New Kiran Super Bazar" }, "geometry": { "type": "Point", "coordinates": [ 77.5532589, 13.0435746 ] } },
{ "type": "Feature", "properties": { "shop": "supermarket", "name": "Reliance Fresh" }, "geometry": { "type": "Point", "coordinates": [ 77.7018297, 12.9655735 ] } },
{ "type": "Feature", "properties": { "shop": "supermarket", "name": "SLN Super Market" }, "geometry": { "type": "Point", "coordinates": [ 77.5459382, 13.0942914 ] } },
{ "type": "Feature", "properties": { "shop": "supermarket", "name": "Ma Green Fresh" }, "geometry": { "type": "Point", "coordinates": [ 77.6979565, 12.9523974 ] } },
{ "type": "Feature", "properties": { "shop": "supermarket", "name": "Food Mart Supermarket" }, "geometry": { "type": "Point", "coordinates": [ 77.6930802, 12.9558361 ] } },
{ "type": "Feature", "properties": { "shop": "supermarket", "name": "Shopping Day" }, "geometry": { "type": "Point", "coordinates": [ 77.5782409, 13.0273271 ] } },
{ "type": "Feature", "properties": { "shop": "supermarket", "name": "Athulya Home Needs" }, "geometry": { "type": "Point", "coordinates": [ 77.7035738, 12.9487318 ] } },
{ "type": "Feature", "properties": { "shop": "supermarket", "name": "Shoba supermarket" }, "geometry": { "type": "Point", "coordinates": [ 77.6352099, 12.9149937 ] } },
{ "type": "Feature", "properties": { "shop": "supermarket", "name": "Gateway Super Bazaar" }, "geometry": { "type": "Point", "coordinates": [ 77.7011884, 12.9729164 ] } },
{ "type": "Feature", "properties": { "shop": "supermarket", "name": "Food Mart Super Market" }, "geometry": { "type": "Point", "coordinates": [ 77.6135288, 13.004258 ] } },
{ "type": "Feature", "properties": { "shop": "supermarket", "name": "City Super Bazaar" }, "geometry": { "type": "Point", "coordinates": [ 77.7168358, 12.9560845 ] } },
{ "type": "Feature", "properties": { "shop": "supermarket", "name": "Fine Fare Departmental Store" }, "geometry": { "type": "Point", "coordinates": [ 77.6277381, 13.0257621 ] } },
{ "type": "Feature", "properties": { "shop": "supermarket", "name": "Value Bazaar" }, "geometry": { "type": "Point", "coordinates": [ 77.6827922, 12.9672408 ] } },
{ "type": "Feature", "properties": { "shop": "supermarket", "name": "Miami Supermarket" }, "geometry": { "type": "Point", "coordinates": [ 77.7023924, 12.9492413 ] } },
{ "type": "Feature", "properties": { "shop": "supermarket", "name": "Varity Bazar" }, "geometry": { "type": "Point", "coordinates": [ 77.6809662, 12.9670978 ] } },
{ "type": "Feature", "properties": { "shop": "supermarket", "name": "Relation Super Market" }, "geometry": { "type": "Point", "coordinates": [ 77.7150958, 12.9509399 ] } },
{ "type": "Feature", "properties": { "shop": "supermarket", "name": "Namdharis Fresh" }, "geometry": { "type": "Point", "coordinates": [ 77.6374507, 12.9660726 ] } },
{ "type": "Feature", "properties": { "shop": "supermarket", "name": "Plaza Supermarket" }, "geometry": { "type": "Point", "coordinates": [ 77.6987222, 12.9721261 ] } },
{ "type": "Feature", "properties": { "shop": "supermarket", "name": "Home Magic Mini Bazar" }, "geometry": { "type": "Point", "coordinates": [ 77.6844246, 13.0160177 ] } },
{ "type": "Feature", "properties": { "shop": "supermarket", "name": "Buy Right Super Store" }, "geometry": { "type": "Point", "coordinates": [ 77.6985133, 13.0118942 ] } },
{ "type": "Feature", "properties": { "shop": "supermarket", "name": "I Mart" }, "geometry": { "type": "Point", "coordinates": [ 77.5537006, 13.039288 ] } },
{ "type": "Feature", "properties": { "shop": "supermarket", "name": "Maataji Privision Store" }, "geometry": { "type": "Point", "coordinates": [ 77.6634104, 12.9677841 ] } },
{ "type": "Feature", "properties": { "shop": "supermarket", "name": "Reliance Fresh" }, "geometry": { "type": "Point", "coordinates": [ 77.6047081, 12.9164708 ] } },
{ "type": "Feature", "properties": { "shop": "supermarket", "name": "Sri Balaji Planet Supermarket" }, "geometry": { "type": "Point", "coordinates": [ 77.460692, 13.0597062 ] } },
{ "type": "Feature", "properties": { "shop": "supermarket", "name": "The Big Market" }, "geometry": { "type": "Point", "coordinates": [ 77.6209903, 12.8977213 ] } },
{ "type": "Feature", "properties": { "shop": "supermarket", "name": "Span Retail" }, "geometry": { "type": "Point", "coordinates": [ 77.6116554, 12.8925021 ] } },
{ "type": "Feature", "properties": { "shop": "supermarket", "name": "Heritage Fresh" }, "geometry": { "type": "Point", "coordinates": [ 77.6113706, 12.9051928 ] } },
{ "type": "Feature", "properties": { "shop": "supermarket", "name": null }, "geometry": { "type": "Point", "coordinates": [ 77.5755685, 12.8684675 ] } },
{ "type": "Feature", "properties": { "shop": "supermarket", "name": "Seven Days Supermarket" }, "geometry": { "type": "Point", "coordinates": [ 77.6559134, 13.0245541 ] } },
{ "type": "Feature", "properties": { "shop": "supermarket", "name": "Spencers Supermarket" }, "geometry": { "type": "Point", "coordinates": [ 77.6468191, 12.9733443 ] } },
{ "type": "Feature", "properties": { "shop": "supermarket", "name": "Allday Supermarket" }, "geometry": { "type": "Point", "coordinates": [ 77.6158536, 12.9193503 ] } },
{ "type": "Feature", "properties": { "shop": "supermarket", "name": "Pick N Save The Wholesale Market" }, "geometry": { "type": "Point", "coordinates": [ 77.6174916, 12.9228872 ] } },
{ "type": "Feature", "properties": { "shop": "supermarket", "name": "Day To Day Super Market" }, "geometry": { "type": "Point", "coordinates": [ 77.6109057, 12.8964974 ] } },
{ "type": "Feature", "properties": { "shop": "supermarket", "name": "Star Bazaar" }, "geometry": { "type": "Point", "coordinates": [ 77.6104595, 12.9367017 ] } },
{ "type": "Feature", "properties": { "shop": "supermarket", "name": "Yemkay Supermarket" }, "geometry": { "type": "Point", "coordinates": [ 77.5367931, 12.9883892 ] } },
{ "type": "Feature", "properties": { "shop": "supermarket", "name": "Reliance Fresh" }, "geometry": { "type": "Point", "coordinates": [ 77.6267808, 12.8985629 ] } },
{ "type": "Feature", "properties": { "shop": "supermarket", "name": "Stop & Shop Supermarket" }, "geometry": { "type": "Point", "coordinates": [ 77.6764616, 12.9084163 ] } },
{ "type": "Feature", "properties": { "shop": "supermarket", "name": "Food Palace Supermarket" }, "geometry": { "type": "Point", "coordinates": [ 77.6491752, 12.9138175 ] } },
{ "type": "Feature", "properties": { "shop": "supermarket", "name": "Village Super Market" }, "geometry": { "type": "Point", "coordinates": [ 77.6230526, 12.9995759 ] } },
{ "type": "Feature", "properties": { "shop": "supermarket", "name": "Devi's Shop" }, "geometry": { "type": "Point", "coordinates": [ 77.5858712, 13.0945389 ] } },
{ "type": "Feature", "properties": { "shop": "supermarket", "name": "Ambika Provision Store" }, "geometry": { "type": "Point", "coordinates": [ 77.4733815, 12.9881358 ] } },
{ "type": "Feature", "properties": { "shop": "supermarket", "name": "R R Provision Store" }, "geometry": { "type": "Point", "coordinates": [ 77.5289161, 12.9841382 ] } },
{ "type": "Feature", "properties": { "shop": "supermarket", "name": "Multi Mart Super Market" }, "geometry": { "type": "Point", "coordinates": [ 77.6024288, 13.0902404 ] } },
{ "type": "Feature", "properties": { "shop": "supermarket", "name": "Dazzle Super Market" }, "geometry": { "type": "Point", "coordinates": [ 77.5768362, 13.0990214 ] } },
{ "type": "Feature", "properties": { "shop": "convenience", "name": "HKGN Stores" }, "geometry": { "type": "Point", "coordinates": [ 77.6256898, 13.0400011 ] } },
{ "type": "Feature", "properties": { "shop": "convenience", "name": "AR Stores" }, "geometry": { "type": "Point", "coordinates": [ 77.6474015, 12.9641893 ] } },
{ "type": "Feature", "properties": { "shop": "convenience", "name": "Manoj Stores" }, "geometry": { "type": "Point", "coordinates": [ 77.6538157, 12.9734114 ] } },
{ "type": "Feature", "properties": { "shop": "supermarket", "name": "Royal Mart" }, "geometry": { "type": "Point", "coordinates": [ 77.4798633, 12.985304 ] } },
{ "type": "Feature", "properties": { "shop": "supermarket", "name": "Reliance Fresh" }, "geometry": { "type": "Point", "coordinates": [ 77.5446202, 12.9736279 ] } },
{ "type": "Feature", "properties": { "shop": "supermarket", "name": "M K Retail" }, "geometry": { "type": "Point", "coordinates": [ 77.5391705, 12.9727428 ] } },
{ "type": "Feature", "properties": { "shop": "convenience", "name": "Vijayalakshmi Provision Store" }, "geometry": { "type": "Point", "coordinates": [ 77.5325677, 12.9569897 ] } },
{ "type": "Feature", "properties": { "shop": "supermarket", "name": "Reliance Fresh" }, "geometry": { "type": "Point", "coordinates": [ 77.5458167, 12.9070435 ] } },
{ "type": "Feature", "properties": { "shop": "supermarket", "name": "More" }, "geometry": { "type": "Point", "coordinates": [ 77.6556496, 12.9716659 ] } },
{ "type": "Feature", "properties": { "shop": "convenience", "name": "Clay Station" }, "geometry": { "type": "Point", "coordinates": [ 77.6272019, 12.9160728 ] } },
{ "type": "Feature", "properties": { "shop": "convenience", "name": "Patanjali Store" }, "geometry": { "type": "Point", "coordinates": [ 77.6799498, 12.9816192 ] } },
{ "type": "Feature", "properties": { "shop": "convenience", "name": "Patanjali Store" }, "geometry": { "type": "Point", "coordinates": [ 77.6800164, 12.9908908 ] } },
{ "type": "Feature", "properties": { "shop": "supermarket", "name": "Galaxy mart" }, "geometry": { "type": "Point", "coordinates": [ 77.597124, 12.8698557 ] } },
{ "type": "Feature", "properties": { "shop": "supermarket", "name": "Galaxy mart" }, "geometry": { "type": "Point", "coordinates": [ 77.5970827, 12.8698577 ] } },
{ "type": "Feature", "properties": { "shop": "supermarket", "name": "Grand Mini Bazaar" }, "geometry": { "type": "Point", "coordinates": [ 77.7092076, 12.9487521 ] } },
{ "type": "Feature", "properties": { "shop": "supermarket", "name": "Annadata Farms Market" }, "geometry": { "type": "Point", "coordinates": [ 77.6887546, 12.9868385 ] } },
{ "type": "Feature", "properties": { "shop": "supermarket", "name": "Day to Day" }, "geometry": { "type": "Point", "coordinates": [ 77.6700421, 12.9678261 ] } },
{ "type": "Feature", "properties": { "shop": "convenience", "name": "S.K Vegetables" }, "geometry": { "type": "Point", "coordinates": [ 77.7079519, 12.8927171 ] } },
{ "type": "Feature", "properties": { "shop": "convenience", "name": "Modicare DP Vijayanagar" }, "geometry": { "type": "Point", "coordinates": [ 77.5313573, 12.9647338 ] } },
{ "type": "Feature", "properties": { "shop": "supermarket", "name": "More" }, "geometry": { "type": "Point", "coordinates": [ 77.5988542, 12.8810319 ] } },
{ "type": "Feature", "properties": { "shop": "supermarket", "name": "sri chowdeshwari provision store" }, "geometry": { "type": "Point", "coordinates": [ 77.7269242, 12.7909833 ] } },
{ "type": "Feature", "properties": { "shop": "convenience", "name": "Sai Ram Provisions" }, "geometry": { "type": "Point", "coordinates": [ 77.6564823, 12.9626276 ] } },
{ "type": "Feature", "properties": { "shop": "convenience", "name": "SM Stores" }, "geometry": { "type": "Point", "coordinates": [ 77.655697, 12.9602976 ] } },
{ "type": "Feature", "properties": { "shop": "convenience", "name": null }, "geometry": { "type": "Point", "coordinates": [ 77.6563172, 12.9624223 ] } },
{ "type": "Feature", "properties": { "shop": "convenience", "name": "Sri Lakshmi Provisions" }, "geometry": { "type": "Point", "coordinates": [ 77.656863, 12.96335 ] } },
{ "type": "Feature", "properties": { "shop": "supermarket", "name": "Poorna enterprises" }, "geometry": { "type": "Point", "coordinates": [ 77.6079663, 12.8983322 ] } },
{ "type": "Feature", "properties": { "shop": "supermarket", "name": "Nice mart" }, "geometry": { "type": "Point", "coordinates": [ 77.6008534, 13.0552084 ] } },
{ "type": "Feature", "properties": { "shop": "supermarket", "name": "Multiplex" }, "geometry": { "type": "Point", "coordinates": [ 77.6420845, 13.0085671 ] } },
{ "type": "Feature", "properties": { "shop": "supermarket", "name": "Shop ink" }, "geometry": { "type": "Point", "coordinates": [ 77.660617, 13.0319862 ] } },
{ "type": "Feature", "properties": { "shop": "supermarket", "name": "Happy shoppy" }, "geometry": { "type": "Point", "coordinates": [ 77.6427801, 13.0089466 ] } },
{ "type": "Feature", "properties": { "shop": "convenience", "name": "Raghavendra Poona Store" }, "geometry": { "type": "Point", "coordinates": [ 77.6324471, 13.0020607 ] } },
{ "type": "Feature", "properties": { "shop": "supermarket", "name": "China bazaar" }, "geometry": { "type": "Point", "coordinates": [ 77.6407572, 13.0076445 ] } },
{ "type": "Feature", "properties": { "shop": "convenience", "name": "Dharshan Enterprises" }, "geometry": { "type": "Point", "coordinates": [ 77.5928155, 12.9409939 ] } },
{ "type": "Feature", "properties": { "shop": "convenience", "name": "Big Bazaar" }, "geometry": { "type": "Point", "coordinates": [ 77.5515142, 12.9735918 ] } },
{ "type": "Feature", "properties": { "shop": "supermarket", "name": "Mini bazaar" }, "geometry": { "type": "Point", "coordinates": [ 77.6703063, 12.9908387 ] } },
{ "type": "Feature", "properties": { "shop": "convenience", "name": null }, "geometry": { "type": "Point", "coordinates": [ 77.6413767, 12.9796156 ] } },
{ "type": "Feature", "properties": { "shop": "convenience", "name": null }, "geometry": { "type": "Point", "coordinates": [ 77.6416948, 12.9795969 ] } },
{ "type": "Feature", "properties": { "shop": "supermarket", "name": "Patanjali Mega Store" }, "geometry": { "type": "Point", "coordinates": [ 77.7143268, 12.9642102 ] } },
{ "type": "Feature", "properties": { "shop": "supermarket", "name": "Garden City Supermarket" }, "geometry": { "type": "Point", "coordinates": [ 77.6385465, 13.0667879 ] } },
{ "type": "Feature", "properties": { "shop": "supermarket", "name": "RoyalMart" }, "geometry": { "type": "Point", "coordinates": [ 77.5511655, 12.9191661 ] } },
{ "type": "Feature", "properties": { "shop": "convenience", "name": "Sri Surya Provision" }, "geometry": { "type": "Point", "coordinates": [ 77.6511081, 12.9549547 ] } },
{ "type": "Feature", "properties": { "shop": "supermarket", "name": "Reliance Fresh" }, "geometry": { "type": "Point", "coordinates": [ 77.6753159, 12.8996788 ] } },
{ "type": "Feature", "properties": { "shop": "supermarket", "name": "Reliance Fresh" }, "geometry": { "type": "Point", "coordinates": [ 77.5971544, 13.0661591 ] } },
{ "type": "Feature", "properties": { "shop": "convenience", "name": "Sanoop Provision Stores" }, "geometry": { "type": "Point", "coordinates": [ 77.6187649, 12.9355095 ] } },
{ "type": "Feature", "properties": { "shop": "supermarket", "name": "Banagalore Fresh & Fresh" }, "geometry": { "type": "Point", "coordinates": [ 77.5917721, 12.9037265 ] } },
{ "type": "Feature", "properties": { "shop": "supermarket", "name": null }, "geometry": { "type": "Point", "coordinates": [ 77.646913, 12.9791205 ] } },
{ "type": "Feature", "properties": { "shop": "supermarket", "name": "Loyal World Market" }, "geometry": { "type": "Point", "coordinates": [ 77.7474103, 12.9595912 ] } },
{ "type": "Feature", "properties": { "shop": "supermarket", "name": "Freshworld Super Market" }, "geometry": { "type": "Point", "coordinates": [ 77.6555825, 13.0086948 ] } },
{ "type": "Feature", "properties": { "shop": "supermarket", "name": "Top in Town" }, "geometry": { "type": "Point", "coordinates": [ 77.7388659, 12.9690444 ] } },
{ "type": "Feature", "properties": { "shop": "convenience", "name": "Aishwarya Departmental Stores" }, "geometry": { "type": "Point", "coordinates": [ 77.6507503, 12.973711 ] } },
{ "type": "Feature", "properties": { "shop": "supermarket", "name": "Metro Cash and Carry" }, "geometry": { "type": "Point", "coordinates": [ 77.502667, 12.9263972 ] } },
{ "type": "Feature", "properties": { "shop": "convenience", "name": "Coorg Products" }, "geometry": { "type": "Point", "coordinates": [ 77.6139894, 12.9646225 ] } },
{ "type": "Feature", "properties": { "shop": "supermarket", "name": "Kamath Stores" }, "geometry": { "type": "Point", "coordinates": [ 77.6135414, 12.9644942 ] } },
{ "type": "Feature", "properties": { "shop": "supermarket", "name": "Fathima Store" }, "geometry": { "type": "Point", "coordinates": [ 77.6044577, 12.9922062 ] } },
{ "type": "Feature", "properties": { "shop": "convenience", "name": null }, "geometry": { "type": "Point", "coordinates": [ 77.6315529, 13.0033455 ] } },
{ "type": "Feature", "properties": { "shop": "convenience", "name": null }, "geometry": { "type": "Point", "coordinates": [ 77.6323983, 13.0034433 ] } },
{ "type": "Feature", "properties": { "shop": "convenience", "name": null }, "geometry": { "type": "Point", "coordinates": [ 77.6301438, 13.0029189 ] } },
{ "type": "Feature", "properties": { "shop": "convenience", "name": "Patanjali Mega Store" }, "geometry": { "type": "Point", "coordinates": [ 77.58825, 12.9252748 ] } },
{ "type": "Feature", "properties": { "shop": "convenience", "name": "Mano Provision Store" }, "geometry": { "type": "Point", "coordinates": [ 77.6290181, 13.0033059 ] } },
{ "type": "Feature", "properties": { "shop": "supermarket", "name": "Ample Mart" }, "geometry": { "type": "Point", "coordinates": [ 77.5882684, 12.925098 ] } },
{ "type": "Feature", "properties": { "shop": "supermarket", "name": null }, "geometry": { "type": "Point", "coordinates": [ 77.6364846, 12.9628718 ] } },
{ "type": "Feature", "properties": { "shop": "supermarket", "name": "More" }, "geometry": { "type": "Point", "coordinates": [ 77.6557901, 13.008896 ] } },
{ "type": "Feature", "properties": { "shop": "convenience", "name": null }, "geometry": { "type": "Point", "coordinates": [ 77.6252067, 13.0054488 ] } },
{ "type": "Feature", "properties": { "shop": "supermarket", "name": "Foodmax" }, "geometry": { "type": "Point", "coordinates": [ 77.6398517, 13.0667343 ] } },
{ "type": "Feature", "properties": { "shop": "supermarket", "name": "Real Mart" }, "geometry": { "type": "Point", "coordinates": [ 77.6604327, 12.9568097 ] } },
{ "type": "Feature", "properties": { "shop": "supermarket", "name": "Thriveni Home needs" }, "geometry": { "type": "Point", "coordinates": [ 77.6587436, 12.9548871 ] } },
{ "type": "Feature", "properties": { "shop": "supermarket", "name": "A to Z Supermarket" }, "geometry": { "type": "Point", "coordinates": [ 77.6570788, 12.9554205 ] } },
{ "type": "Feature", "properties": { "shop": "convenience", "name": "Charan Stores" }, "geometry": { "type": "Point", "coordinates": [ 77.5424829, 12.9397235 ] } },
{ "type": "Feature", "properties": { "shop": "supermarket", "name": "KBS Family Mart" }, "geometry": { "type": "Point", "coordinates": [ 77.5492313, 12.9376675 ] } },
{ "type": "Feature", "properties": { "shop": "convenience", "name": null }, "geometry": { "type": "Point", "coordinates": [ 77.5501453, 12.9393634 ] } },
{ "type": "Feature", "properties": { "shop": "convenience", "name": "Sri Sharada Enterprises" }, "geometry": { "type": "Point", "coordinates": [ 77.5529046, 12.9385824 ] } },
{ "type": "Feature", "properties": { "shop": "convenience", "name": "Pushpa Fancy and Bangle Stores" }, "geometry": { "type": "Point", "coordinates": [ 77.5528785, 12.9386125 ] } },
{ "type": "Feature", "properties": { "shop": "convenience", "name": "Meenatshi" }, "geometry": { "type": "Point", "coordinates": [ 77.5530441, 12.9385903 ] } },
{ "type": "Feature", "properties": { "shop": "convenience", "name": "Sri Mahalakshmi Ghee Center" }, "geometry": { "type": "Point", "coordinates": [ 77.5530642, 12.938587 ] } },
{ "type": "Feature", "properties": { "shop": "supermarket", "name": "Dhanalakshmi Departmental Stores" }, "geometry": { "type": "Point", "coordinates": [ 77.5529925, 12.938804 ] } },
{ "type": "Feature", "properties": { "shop": "supermarket", "name": "J.K. Traders" }, "geometry": { "type": "Point", "coordinates": [ 77.5527685, 12.9388491 ] } },
{ "type": "Feature", "properties": { "shop": "convenience", "name": "Ganesh Traders" }, "geometry": { "type": "Point", "coordinates": [ 77.5510016, 12.9361997 ] } },
{ "type": "Feature", "properties": { "shop": "convenience", "name": "Sapthagiri Industries" }, "geometry": { "type": "Point", "coordinates": [ 77.5774924, 12.9510776 ] } },
{ "type": "Feature", "properties": { "shop": "convenience", "name": "Laxmi Home Needs" }, "geometry": { "type": "Point", "coordinates": [ 77.5773469, 12.9527838 ] } },
{ "type": "Feature", "properties": { "shop": "convenience", "name": "Ambika Stores" }, "geometry": { "type": "Point", "coordinates": [ 77.6605889, 12.9583645 ] } },
{ "type": "Feature", "properties": { "shop": "supermarket", "name": "Safa Supermarket" }, "geometry": { "type": "Point", "coordinates": [ 77.6560561, 12.8853147 ] } },
{ "type": "Feature", "properties": { "shop": "convenience", "name": "Shell Select" }, "geometry": { "type": "Point", "coordinates": [ 77.6304983, 13.0516461 ] } },
{ "type": "Feature", "properties": { "shop": "supermarket", "name": "DMart" }, "geometry": { "type": "Point", "coordinates": [ 77.6740709, 12.8429283 ] } },
{ "type": "Feature", "properties": { "shop": "supermarket", "name": "Spar" }, "geometry": { "type": "Point", "coordinates": [ 77.6008578, 12.9077496 ] } },
{ "type": "Feature", "properties": { "shop": "supermarket", "name": null }, "geometry": { "type": "Point", "coordinates": [ 77.6743698, 12.9251897 ] } },
{ "type": "Feature", "properties": { "shop": "supermarket", "name": "Families Supermarket" }, "geometry": { "type": "Point", "coordinates": [ 77.6038518, 13.0492695 ] } },
{ "type": "Feature", "properties": { "shop": "supermarket", "name": "Green Father, Vegitable Shop" }, "geometry": { "type": "Point", "coordinates": [ 77.6937276, 12.9694372 ] } },
{ "type": "Feature", "properties": { "shop": "convenience", "name": "Utensils and Private Cylender Shop" }, "geometry": { "type": "Point", "coordinates": [ 77.6936234, 12.9691135 ] } },
{ "type": "Feature", "properties": { "shop": "convenience", "name": "Utensils and Private Cylender Shop" }, "geometry": { "type": "Point", "coordinates": [ 77.6936418, 12.9694399 ] } },
{ "type": "Feature", "properties": { "shop": "supermarket", "name": "Max Shoppee" }, "geometry": { "type": "Point", "coordinates": [ 77.693571, 12.9687983 ] } },
{ "type": "Feature", "properties": { "shop": "convenience", "name": "Shree Lakshmi gifts and fancy store" }, "geometry": { "type": "Point", "coordinates": [ 77.602758, 13.0554447 ] } },
{ "type": "Feature", "properties": { "shop": "supermarket", "name": "Safal Daily Fresh" }, "geometry": { "type": "Point", "coordinates": [ 77.6565745, 12.9672957 ] } },
{ "type": "Feature", "properties": { "shop": "supermarket", "name": null }, "geometry": { "type": "Point", "coordinates": [ 77.5631777, 12.9397956 ] } },
{ "type": "Feature", "properties": { "shop": "supermarket", "name": "Patanjali Store" }, "geometry": { "type": "Point", "coordinates": [ 77.5499367, 12.9099594 ] } },
{ "type": "Feature", "properties": { "shop": "supermarket", "name": "Happy Pockets Supermarket" }, "geometry": { "type": "Point", "coordinates": [ 77.5500912, 12.9099841 ] } },
{ "type": "Feature", "properties": { "shop": "supermarket", "name": "Saraswati Supermarket" }, "geometry": { "type": "Point", "coordinates": [ 77.5527258, 12.9092402 ] } },
{ "type": "Feature", "properties": { "shop": "convenience", "name": "V. G. Provision Store" }, "geometry": { "type": "Point", "coordinates": [ 77.5558484, 12.9877647 ] } },
{ "type": "Feature", "properties": { "shop": "convenience", "name": "Himalaya Provision Store" }, "geometry": { "type": "Point", "coordinates": [ 77.555841, 12.9872184 ] } },
{ "type": "Feature", "properties": { "shop": "supermarket", "name": null }, "geometry": { "type": "Point", "coordinates": [ 77.555898, 12.9887846 ] } },
{ "type": "Feature", "properties": { "shop": "supermarket", "name": "Nuts Corner" }, "geometry": { "type": "Point", "coordinates": [ 77.6993666, 12.9377969 ] } },
{ "type": "Feature", "properties": { "shop": "supermarket", "name": "Ayush Fresh Patanjali" }, "geometry": { "type": "Point", "coordinates": [ 77.6131681, 12.8759246 ] } },
{ "type": "Feature", "properties": { "shop": "convenience", "name": "Sudha Provisions" }, "geometry": { "type": "Point", "coordinates": [ 77.6390741, 12.9744772 ] } },
{ "type": "Feature", "properties": { "shop": "supermarket", "name": null }, "geometry": { "type": "Point", "coordinates": [ 77.6510831, 12.9056908 ] } },
{ "type": "Feature", "properties": { "shop": "supermarket", "name": "Simpli Namdhari's" }, "geometry": { "type": "Point", "coordinates": [ 77.6701231, 12.9187238 ] } },
{ "type": "Feature", "properties": { "shop": "convenience", "name": "Shabeena Provision Store" }, "geometry": { "type": "Point", "coordinates": [ 77.6395345, 12.9734188 ] } },
{ "type": "Feature", "properties": { "shop": "convenience", "name": null }, "geometry": { "type": "Point", "coordinates": [ 77.6374914, 12.9748914 ] } },
{ "type": "Feature", "properties": { "shop": "convenience", "name": "Aiswarya Fresh" }, "geometry": { "type": "Point", "coordinates": [ 77.6836074, 12.9084093 ] } },
{ "type": "Feature", "properties": { "shop": "supermarket", "name": "Metro Cash and Carry" }, "geometry": { "type": "Point", "coordinates": [ 77.5617183, 12.9651869 ] } },
{ "type": "Feature", "properties": { "shop": "convenience", "name": null }, "geometry": { "type": "Point", "coordinates": [ 77.6384868, 12.9740575 ] } },
{ "type": "Feature", "properties": { "shop": "supermarket", "name": "Stationary Store" }, "geometry": { "type": "Point", "coordinates": [ 77.6201477, 13.1254176 ] } },
{ "type": "Feature", "properties": { "shop": "supermarket", "name": "Spar" }, "geometry": { "type": "Point", "coordinates": [ 77.594727, 13.0938786 ] } },
{ "type": "Feature", "properties": { "shop": "supermarket", "name": "Nice Mart" }, "geometry": { "type": "Point", "coordinates": [ 77.5764289, 13.1214753 ] } },
{ "type": "Feature", "properties": { "shop": "supermarket", "name": "Nilgiri's" }, "geometry": { "type": "Point", "coordinates": [ 77.6432669, 13.0181628 ] } },
{ "type": "Feature", "properties": { "shop": "convenience", "name": "Balaji Departmental Stores" }, "geometry": { "type": "Point", "coordinates": [ 77.6407188, 13.064936 ] } },
{ "type": "Feature", "properties": { "shop": "supermarket", "name": "Maha Bazaar" }, "geometry": { "type": "Point", "coordinates": [ 77.6493143, 12.9173946 ] } },
{ "type": "Feature", "properties": { "shop": "convenience", "name": "Fresh n More" }, "geometry": { "type": "Point", "coordinates": [ 77.5964133, 12.8971075 ] } },
{ "type": "Feature", "properties": { "shop": "supermarket", "name": "Rice Corner" }, "geometry": { "type": "Point", "coordinates": [ 77.5517728, 12.9761861 ] } },
{ "type": "Feature", "properties": { "shop": "supermarket", "name": "Arogya Organic" }, "geometry": { "type": "Point", "coordinates": [ 77.5859319, 12.9001386 ] } },
{ "type": "Feature", "properties": { "shop": "supermarket", "name": "Reliance Smart" }, "geometry": { "type": "Point", "coordinates": [ 77.5978268, 12.8909043 ] } },
{ "type": "Feature", "properties": { "shop": "convenience", "name": "Family Store" }, "geometry": { "type": "Point", "coordinates": [ 77.6305509, 13.0280598 ] } },
{ "type": "Feature", "properties": { "shop": "supermarket", "name": "Organic World" }, "geometry": { "type": "Point", "coordinates": [ 77.6514532, 12.9118073 ] } },
{ "type": "Feature", "properties": { "shop": "supermarket", "name": "Families Supermarket" }, "geometry": { "type": "Point", "coordinates": [ 77.7085422, 12.9844254 ] } },
{ "type": "Feature", "properties": { "shop": "supermarket", "name": "Ideal Supermarket" }, "geometry": { "type": "Point", "coordinates": [ 77.6837448, 13.0205711 ] } },
{ "type": "Feature", "properties": { "shop": "supermarket", "name": "M K Retail" }, "geometry": { "type": "Point", "coordinates": [ 77.6371128, 12.9781234 ] } },
{ "type": "Feature", "properties": { "shop": "convenience", "name": "Nandini Milk Parlour" }, "geometry": { "type": "Point", "coordinates": [ 77.5759404, 12.9702871 ] } },
{ "type": "Feature", "properties": { "shop": "supermarket", "name": "Mulberry Greens" }, "geometry": { "type": "Point", "coordinates": [ 77.6228196, 13.0037844 ] } },
{ "type": "Feature", "properties": { "shop": "supermarket", "name": "Royal Mart" }, "geometry": { "type": "Point", "coordinates": [ 77.7041678, 13.0174363 ] } },
{ "type": "Feature", "properties": { "shop": "supermarket", "name": "Eastern Super Market" }, "geometry": { "type": "Point", "coordinates": [ 77.5475825, 12.9973525 ] } },
{ "type": "Feature", "properties": { "shop": "convenience", "name": "DusMinute Store" }, "geometry": { "type": "Point", "coordinates": [ 77.7210618, 12.936153 ] } },
{ "type": "Feature", "properties": { "shop": "convenience", "name": null }, "geometry": { "type": "Point", "coordinates": [ 77.5435142, 13.0289162 ] } },
{ "type": "Feature", "properties": { "shop": "convenience", "name": "Milk center" }, "geometry": { "type": "Point", "coordinates": [ 77.6425641, 12.8738439 ] } },
{ "type": "Feature", "properties": { "shop": "supermarket", "name": "More" }, "geometry": { "type": "Point", "coordinates": [ 77.7158051, 12.9496403 ] } },
{ "type": "Feature", "properties": { "shop": "supermarket", "name": "Shree Ramdev Medicals" }, "geometry": { "type": "Point", "coordinates": [ 77.7156178, 12.9511526 ] } },
{ "type": "Feature", "properties": { "shop": "supermarket", "name": "FreshCo" }, "geometry": { "type": "Point", "coordinates": [ 77.6582915, 12.8985449 ] } },
{ "type": "Feature", "properties": { "shop": "supermarket", "name": "DS Supermarket" }, "geometry": { "type": "Point", "coordinates": [ 77.671773, 12.9281691 ] } },
{ "type": "Feature", "properties": { "shop": "convenience", "name": "City Food Point" }, "geometry": { "type": "Point", "coordinates": [ 77.6482951, 12.9672282 ] } },
{ "type": "Feature", "properties": { "shop": "supermarket", "name": "7 Days" }, "geometry": { "type": "Point", "coordinates": [ 77.6367354, 13.0204419 ] } },
{ "type": "Feature", "properties": { "shop": "supermarket", "name": "Black Village Organic Food Store" }, "geometry": { "type": "Point", "coordinates": [ 77.5931015, 12.9884809 ] } },
{ "type": "Feature", "properties": { "shop": "supermarket", "name": "Superstore" }, "geometry": { "type": "Point", "coordinates": [ 77.6391205, 12.9761427 ] } },
{ "type": "Feature", "properties": { "shop": "supermarket", "name": "Nilgiri's" }, "geometry": { "type": "Point", "coordinates": [ 77.6679382, 13.0115623 ] } },
{ "type": "Feature", "properties": { "shop": "supermarket", "name": "Green Mart" }, "geometry": { "type": "Point", "coordinates": [ 77.6913729, 12.9044086 ] } },
{ "type": "Feature", "properties": { "shop": "convenience", "name": "Ganapathy and Company" }, "geometry": { "type": "Point", "coordinates": [ 77.5848109, 12.9635112 ] } },
{ "type": "Feature", "properties": { "shop": "convenience", "name": "N C Condiments" }, "geometry": { "type": "Point", "coordinates": [ 77.646495, 12.9812222 ] } },
{ "type": "Feature", "properties": { "shop": "supermarket", "name": "Nature's Basket" }, "geometry": { "type": "Point", "coordinates": [ 77.7319037, 12.9566826 ] } },
{ "type": "Feature", "properties": { "shop": "convenience", "name": "Coffee Day Essentials" }, "geometry": { "type": "Point", "coordinates": [ 77.5508011, 12.9986585 ] } },
{ "type": "Feature", "properties": { "shop": "convenience", "name": "Coffee Day Essentials" }, "geometry": { "type": "Point", "coordinates": [ 77.5555319, 12.9864945 ] } },
{ "type": "Feature", "properties": { "shop": "supermarket", "name": "More" }, "geometry": { "type": "Point", "coordinates": [ 77.5305308, 12.9647768 ] } },
{ "type": "Feature", "properties": { "shop": "supermarket", "name": "The Big Market" }, "geometry": { "type": "Point", "coordinates": [ 77.569482, 13.1454748 ] } },
{ "type": "Feature", "properties": { "shop": "supermarket", "name": "DMart" }, "geometry": { "type": "Point", "coordinates": [ 77.5882726, 12.853936 ] } },
{ "type": "Feature", "properties": { "shop": "supermarket", "name": "DMart" }, "geometry": { "type": "Point", "coordinates": [ 77.6374519, 13.0334461 ] } },
{ "type": "Feature", "properties": { "shop": "supermarket", "name": "Athulya Departmental" }, "geometry": { "type": "Point", "coordinates": [ 77.5485219, 13.0075364 ] } },
{ "type": "Feature", "properties": { "shop": "convenience", "name": "Ajfan Dates and Nuts" }, "geometry": { "type": "Point", "coordinates": [ 77.6297419, 13.0334957 ] } },
{ "type": "Feature", "properties": { "shop": "supermarket", "name": "Shopwel Mart" }, "geometry": { "type": "Point", "coordinates": [ 77.5870219, 12.990736 ] } },
{ "type": "Feature", "properties": { "shop": "supermarket", "name": "The Brigade Hypermart" }, "geometry": { "type": "Point", "coordinates": [ 77.6462227, 13.0522323 ] } },
{ "type": "Feature", "properties": { "shop": "supermarket", "name": "shop@rite" }, "geometry": { "type": "Point", "coordinates": [ 77.5465371, 13.0576985 ] } },
{ "type": "Feature", "properties": { "shop": "supermarket", "name": "Vishal Mega Mart" }, "geometry": { "type": "Point", "coordinates": [ 77.5611135, 13.0296204 ] } },
{ "type": "Feature", "properties": { "shop": "supermarket", "name": "Royal Mart" }, "geometry": { "type": "Point", "coordinates": [ 77.5789194, 13.1140618 ] } },
{ "type": "Feature", "properties": { "shop": "supermarket", "name": "Ashirwad Market" }, "geometry": { "type": "Point", "coordinates": [ 77.5508527, 12.9862606 ] } },
{ "type": "Feature", "properties": { "shop": "convenience", "name": null }, "geometry": { "type": "Point", "coordinates": [ 77.5518914, 12.9991492 ] } },
{ "type": "Feature", "properties": { "shop": "convenience", "name": "Sattvik Gourmet Food Bazar" }, "geometry": { "type": "Point", "coordinates": [ 77.6422249, 13.0602813 ] } },
{ "type": "Feature", "properties": { "shop": "supermarket", "name": "Carry Fresh" }, "geometry": { "type": "Point", "coordinates": [ 77.6156254, 13.000439 ] } },
{ "type": "Feature", "properties": { "shop": "supermarket", "name": "Star Market" }, "geometry": { "type": "Point", "coordinates": [ 77.6455307, 13.0481365 ] } },
{ "type": "Feature", "properties": { "shop": "supermarket", "name": "Reliance Fresh" }, "geometry": { "type": "Point", "coordinates": [ 77.6443988, 13.0475251 ] } },
{ "type": "Feature", "properties": { "shop": "supermarket", "name": "Royal Mart" }, "geometry": { "type": "Point", "coordinates": [ 77.564182, 13.1710168 ] } },
{ "type": "Feature", "properties": { "shop": "supermarket", "name": "Family Mart" }, "geometry": { "type": "Point", "coordinates": [ 77.6019703, 12.9597434 ] } },
{ "type": "Feature", "properties": { "shop": "supermarket", "name": "Nilgiri's" }, "geometry": { "type": "Point", "coordinates": [ 77.6633996, 12.9081445 ] } },
{ "type": "Feature", "properties": { "shop": "supermarket", "name": "Pluspoint Hypermarket" }, "geometry": { "type": "Point", "coordinates": [ 77.6680022, 12.9163079 ] } },
{ "type": "Feature", "properties": { "shop": "convenience", "name": null }, "geometry": { "type": "Point", "coordinates": [ 77.6602352, 12.789203 ] } },
{ "type": "Feature", "properties": { "shop": "supermarket", "name": "EasyDay Supermarket Ltd." }, "geometry": { "type": "Point", "coordinates": [ 77.5743958, 13.0378871 ] } },
{ "type": "Feature", "properties": { "shop": "supermarket", "name": "shop right" }, "geometry": { "type": "Point", "coordinates": [ 77.6673115, 13.0305173 ] } },
{ "type": "Feature", "properties": { "shop": "supermarket", "name": "Pai Bhavan" }, "geometry": { "type": "Point", "coordinates": [ 77.5174608, 13.0404348 ] } },
{ "type": "Feature", "properties": { "shop": "convenience", "name": null }, "geometry": { "type": "Point", "coordinates": [ 77.6050535, 13.0555779 ] } },
{ "type": "Feature", "properties": { "shop": "convenience", "name": "Freshmills" }, "geometry": { "type": "Point", "coordinates": [ 77.6427036, 13.019263 ] } },
{ "type": "Feature", "properties": { "shop": "supermarket", "name": "Green Mantra, Online zero waste store" }, "geometry": { "type": "Point", "coordinates": [ 77.7067099, 12.9583131 ] } },
{ "type": "Feature", "properties": { "shop": "convenience", "name": null }, "geometry": { "type": "Point", "coordinates": [ 77.6346958, 12.9825755 ] } },
{ "type": "Feature", "properties": { "shop": "convenience", "name": "A S General Stores" }, "geometry": { "type": "Point", "coordinates": [ 77.6346767, 12.9827024 ] } },
{ "type": "Feature", "properties": { "shop": "supermarket", "name": "Tinge Custom Makeup Studio" }, "geometry": { "type": "Point", "coordinates": [ 77.6172628, 12.9771467 ] } },
{ "type": "Feature", "properties": { "shop": "convenience", "name": null }, "geometry": { "type": "Point", "coordinates": [ 77.6214759, 12.9997409 ] } },
{ "type": "Feature", "properties": { "shop": "supermarket", "name": "Prestige Supermarket" }, "geometry": { "type": "Point", "coordinates": [ 77.6027682, 12.9953917 ] } },
{ "type": "Feature", "properties": { "shop": "supermarket", "name": "HosurKart - The Online Store" }, "geometry": { "type": "Point", "coordinates": [ 77.7922351, 12.7606704 ] } },
{ "type": "Feature", "properties": { "shop": "supermarket", "name": "More" }, "geometry": { "type": "Point", "coordinates": [ 77.5539838, 13.0338742 ] } },
{ "type": "Feature", "properties": { "shop": "supermarket", "name": "Food Supermarket" }, "geometry": { "type": "Point", "coordinates": [ 77.5541308, 13.0333661 ] } },
{ "type": "Feature", "properties": { "shop": "convenience", "name": "Aqsa Dry Fruits" }, "geometry": { "type": "Point", "coordinates": [ 77.6574334, 12.8985674 ] } },
{ "type": "Feature", "properties": { "shop": "convenience", "name": "Shell Select" }, "geometry": { "type": "Point", "coordinates": [ 77.5536841, 13.0124577 ] } },
{ "type": "Feature", "properties": { "shop": "convenience", "name": "Family Provision Store" }, "geometry": { "type": "Point", "coordinates": [ 77.5251746, 12.9993269 ] } },
{ "type": "Feature", "properties": { "shop": "supermarket", "name": "Nexgen supermarket" }, "geometry": { "type": "Point", "coordinates": [ 77.5542479, 13.0308986 ] } },
{ "type": "Feature", "properties": { "shop": "supermarket", "name": "Kwality" }, "geometry": { "type": "Point", "coordinates": [ 77.636681, 13.0188904 ] } },
{ "type": "Feature", "properties": { "shop": "supermarket", "name": "Dus Minute" }, "geometry": { "type": "Point", "coordinates": [ 77.5006967, 13.0459291 ] } },
{ "type": "Feature", "properties": { "shop": "convenience", "name": "Paradise Store" }, "geometry": { "type": "Point", "coordinates": [ 77.6240463, 12.9988716 ] } },
{ "type": "Feature", "properties": { "shop": "convenience", "name": "Sri Rama Provision Store" }, "geometry": { "type": "Point", "coordinates": [ 77.6254329, 13.001791 ] } },
{ "type": "Feature", "properties": { "shop": "supermarket", "name": "Reliance Smart Point" }, "geometry": { "type": "Point", "coordinates": [ 77.5119601, 12.9084569 ] } },
{ "type": "Feature", "properties": { "shop": "convenience", "name": "The Millet Store" }, "geometry": { "type": "Point", "coordinates": [ 77.5633917, 12.8967362 ] } },
{ "type": "Feature", "properties": { "shop": "convenience", "name": null }, "geometry": { "type": "Point", "coordinates": [ 77.6202302, 13.0028239 ] } },
{ "type": "Feature", "properties": { "shop": "convenience", "name": "Daily Needs Exim Pvt. Ltd." }, "geometry": { "type": "Point", "coordinates": [ 77.5375074, 12.9824636 ] } },
{ "type": "Feature", "properties": { "shop": "convenience", "name": "lulu Store" }, "geometry": { "type": "Point", "coordinates": [ 77.5744414, 13.0305155 ] } },
{ "type": "Feature", "properties": { "shop": "convenience", "name": "Ajfan Dry Fruits and Nuts" }, "geometry": { "type": "Point", "coordinates": [ 77.5760025, 13.0277102 ] } },
{ "type": "Feature", "properties": { "shop": "convenience", "name": "Ashas Store" }, "geometry": { "type": "Point", "coordinates": [ 77.6169705, 12.9704954 ] } },
{ "type": "Feature", "properties": { "shop": "convenience", "name": "Seven Sisters Northeast Shop" }, "geometry": { "type": "Point", "coordinates": [ 77.6233681, 12.9507407 ] } },
{ "type": "Feature", "properties": { "shop": "supermarket", "name": null }, "geometry": { "type": "Point", "coordinates": [ 77.6968558, 12.9386635 ] } },
{ "type": "Feature", "properties": { "shop": "supermarket", "name": "Deli day Mart" }, "geometry": { "type": "Point", "coordinates": [ 77.6919326, 12.9712747 ] } },
{ "type": "Feature", "properties": { "shop": "supermarket", "name": "Sri Skanda Buy 'N' Save" }, "geometry": { "type": "Point", "coordinates": [ 77.5715488, 13.1040018 ] } },
{ "type": "Feature", "properties": { "shop": "supermarket", "name": "Reliance SMART Point" }, "geometry": { "type": "Point", "coordinates": [ 77.5666726, 12.8730816 ] } },
{ "type": "Feature", "properties": { "shop": "supermarket", "name": "Reliance SMART Point" }, "geometry": { "type": "Point", "coordinates": [ 77.5769733, 12.8677963 ] } },
{ "type": "Feature", "properties": { "shop": "supermarket", "name": "Nature's Basket" }, "geometry": { "type": "Point", "coordinates": [ 77.5930734, 13.0596934 ] } },
{ "type": "Feature", "properties": { "shop": "convenience", "name": null }, "geometry": { "type": "Point", "coordinates": [ 77.565731, 12.910857 ] } },
{ "type": "Feature", "properties": { "shop": "supermarket", "name": "Fresh Mart Super Bazar" }, "geometry": { "type": "Point", "coordinates": [ 77.5717503, 13.1025457 ] } },
{ "type": "Feature", "properties": { "shop": "convenience", "name": "Fine Dot" }, "geometry": { "type": "Point", "coordinates": [ 77.5718208, 13.1013535 ] } },
{ "type": "Feature", "properties": { "shop": "supermarket", "name": "Tynimo" }, "geometry": { "type": "Point", "coordinates": [ 77.571371, 12.9935681 ] } },
{ "type": "Feature", "properties": { "shop": "supermarket", "name": "Sansar" }, "geometry": { "type": "Point", "coordinates": [ 77.6968406, 12.9334046 ] } },
{ "type": "Feature", "properties": { "shop": "supermarket", "name": "Family Shopping Mart" }, "geometry": { "type": "Point", "coordinates": [ 77.6149549, 12.971867 ] } },
{ "type": "Feature", "properties": { "shop": "supermarket", "name": "Vishal Mega Mart" }, "geometry": { "type": "Point", "coordinates": [ 77.6758023, 12.9015659 ] } },
{ "type": "Feature", "properties": { "shop": "supermarket", "name": "Big Bazaar" }, "geometry": { "type": "Point", "coordinates": [ 77.6689075, 12.9192999 ] } },
{ "type": "Feature", "properties": { "shop": "supermarket", "name": "AZ Home Needs" }, "geometry": { "type": "Point", "coordinates": [ 77.7026481, 12.9352256 ] } },
{ "type": "Feature", "properties": { "shop": "convenience", "name": null }, "geometry": { "type": "Point", "coordinates": [ 77.5849965, 12.9777739 ] } },
{ "type": "Feature", "properties": { "shop": "supermarket", "name": "Vishal Mega Mart" }, "geometry": { "type": "Point", "coordinates": [ 77.7438705, 12.9349932 ] } },
{ "type": "Feature", "properties": { "shop": "convenience", "name": "S. B Stores" }, "geometry": { "type": "Point", "coordinates": [ 77.7223553, 12.9556707 ] } },
{ "type": "Feature", "properties": { "shop": "convenience", "name": "Jyothi Provisions Store" }, "geometry": { "type": "Point", "coordinates": [ 77.7183512, 12.9604109 ] } },
{ "type": "Feature", "properties": { "shop": "convenience", "name": "Kamala Provisions Store" }, "geometry": { "type": "Point", "coordinates": [ 77.7211511, 12.9559539 ] } },
{ "type": "Feature", "properties": { "shop": "supermarket", "name": "Carry Mart" }, "geometry": { "type": "Point", "coordinates": [ 77.6979822, 12.9548374 ] } },
{ "type": "Feature", "properties": { "shop": "supermarket", "name": "Farm Fresh Supermarket" }, "geometry": { "type": "Point", "coordinates": [ 77.6968116, 12.9785463 ] } },
{ "type": "Feature", "properties": { "shop": "convenience", "name": "Gayathri Rice Corner" }, "geometry": { "type": "Point", "coordinates": [ 77.7207237, 12.9603592 ] } },
{ "type": "Feature", "properties": { "shop": "convenience", "name": "J24 Essentials" }, "geometry": { "type": "Point", "coordinates": [ 77.6975226, 12.8586119 ] } },
{ "type": "Feature", "properties": { "shop": "supermarket", "name": "Ratnadeep Supermarket" }, "geometry": { "type": "Point", "coordinates": [ 77.7006253, 12.9938978 ] } },
{ "type": "Feature", "properties": { "shop": "convenience", "name": "Cigarette Shop" }, "geometry": { "type": "Point", "coordinates": [ 77.627647, 12.9411457 ] } },
{ "type": "Feature", "properties": { "shop": "supermarket", "name": "Ratnadeep Supermarket" }, "geometry": { "type": "Point", "coordinates": [ 77.5493843, 12.8833886 ] } },
{ "type": "Feature", "properties": { "shop": "supermarket", "name": "Simpli Namdhari's" }, "geometry": { "type": "Point", "coordinates": [ 77.7505792, 12.9728708 ] } },
{ "type": "Feature", "properties": { "shop": "supermarket", "name": "Vishal Mega Mart" }, "geometry": { "type": "Point", "coordinates": [ 77.5038993, 13.0335166 ] } },
{ "type": "Feature", "properties": { "shop": "supermarket", "name": null }, "geometry": { "type": "Point", "coordinates": [ 77.71718, 12.9594039 ] } },
{ "type": "Feature", "properties": { "shop": "convenience", "name": "S. V. Stores" }, "geometry": { "type": "Point", "coordinates": [ 77.7185121, 12.9600968 ] } },
{ "type": "Feature", "properties": { "shop": "convenience", "name": "Srinidhi Mart" }, "geometry": { "type": "Point", "coordinates": [ 77.6987125, 12.9780136 ] } },
{ "type": "Feature", "properties": { "shop": "supermarket", "name": "Vishal Mega Mart" }, "geometry": { "type": "Point", "coordinates": [ 77.5821447, 13.0608078 ] } },
{ "type": "Feature", "properties": { "shop": "supermarket", "name": "More" }, "geometry": { "type": "Point", "coordinates": [ 77.6480039, 12.9120746 ] } },
{ "type": "Feature", "properties": { "shop": "supermarket", "name": "Midas Daily" }, "geometry": { "type": "Point", "coordinates": [ 77.7117564, 12.9716124 ] } },
{ "type": "Feature", "properties": { "shop": "convenience", "name": null }, "geometry": { "type": "Point", "coordinates": [ 77.7247458, 12.8455534 ] } },
{ "type": "Feature", "properties": { "shop": "convenience", "name": "Safa Provision Store" }, "geometry": { "type": "Point", "coordinates": [ 77.6333093, 12.9347554 ] } },
{ "type": "Feature", "properties": { "shop": "convenience", "name": "Shri Nandheeswara Condiments" }, "geometry": { "type": "Point", "coordinates": [ 77.5789128, 12.8068224 ] } },
{ "type": "Feature", "properties": { "shop": "convenience", "name": "Ashvini Provisions Store" }, "geometry": { "type": "Point", "coordinates": [ 77.5797984, 12.8131201 ] } },
{ "type": "Feature", "properties": { "shop": "convenience", "name": "KK Store" }, "geometry": { "type": "Point", "coordinates": [ 77.62853, 12.9436474 ] } },
{ "type": "Feature", "properties": { "shop": "convenience", "name": "Deepa Condiments" }, "geometry": { "type": "Point", "coordinates": [ 77.6222965, 12.9512726 ] } },
{ "type": "Feature", "properties": { "shop": "convenience", "name": "KM Shukla Store" }, "geometry": { "type": "Point", "coordinates": [ 77.6299633, 12.9352769 ] } },
{ "type": "Feature", "properties": { "shop": "supermarket", "name": "Eazy Arts" }, "geometry": { "type": "Point", "coordinates": [ 77.699589, 13.095788 ] } },
{ "type": "Feature", "properties": { "shop": "convenience", "name": "Grocer" }, "geometry": { "type": "Point", "coordinates": [ 77.6236716, 12.9508202 ] } },
{ "type": "Feature", "properties": { "shop": "supermarket", "name": "Country Grocer" }, "geometry": { "type": "Point", "coordinates": [ 77.6651955, 12.9221927 ] } },
{ "type": "Feature", "properties": { "shop": "convenience", "name": "Cigarette and Bag Shop" }, "geometry": { "type": "Point", "coordinates": [ 77.6238474, 12.9506146 ] } },
{ "type": "Feature", "properties": { "shop": "supermarket", "name": "Star Bazaar" }, "geometry": { "type": "Point", "coordinates": [ 77.5939389, 13.0517758 ] } },
{ "type": "Feature", "properties": { "shop": "supermarket", "name": "Namdhari's Fresh" }, "geometry": { "type": "Point", "coordinates": [ 77.5791256, 13.0271472 ] } },
{ "type": "Feature", "properties": { "shop": "supermarket", "name": "Chalukya" }, "geometry": { "type": "Point", "coordinates": [ 77.578442, 12.9871351 ] } },
{ "type": "Feature", "properties": { "shop": "supermarket", "name": "Farm & Co." }, "geometry": { "type": "Point", "coordinates": [ 77.5841121, 12.9197052 ] } },
{ "type": "Feature", "properties": { "shop": "supermarket", "name": "Lulu Daily" }, "geometry": { "type": "Point", "coordinates": [ 77.5633076, 12.8884506 ] } },
{ "type": "Feature", "properties": { "shop": "supermarket", "name": "Organic Bharat" }, "geometry": { "type": "Point", "coordinates": [ 77.5502811, 13.0027891 ] } },
{ "type": "Feature", "properties": { "shop": "supermarket", "name": "The Big Market" }, "geometry": { "type": "Point", "coordinates": [ 77.7064655, 12.7972425 ] } },
{ "type": "Feature", "properties": { "shop": "supermarket", "name": "Simpli Namdhari's" }, "geometry": { "type": "Point", "coordinates": [ 77.5803302, 13.1090384 ] } },
{ "type": "Feature", "properties": { "shop": "supermarket", "name": "Simpli Namdhari's" }, "geometry": { "type": "Point", "coordinates": [ 77.5941852, 13.0244058 ] } },
{ "type": "Feature", "properties": { "shop": "supermarket", "name": "Simpli Namdhari's" }, "geometry": { "type": "Point", "coordinates": [ 77.5940591, 13.0628823 ] } },
{ "type": "Feature", "properties": { "shop": "supermarket", "name": "Simpli Namdhari's" }, "geometry": { "type": "Point", "coordinates": [ 77.6464433, 12.9706509 ] } },
{ "type": "Feature", "properties": { "shop": "supermarket", "name": "Simpli Namdhari's" }, "geometry": { "type": "Point", "coordinates": [ 77.6097071, 12.9699406 ] } },
{ "type": "Feature", "properties": { "shop": "convenience", "name": "Dus Minute - Godrej Eternity" }, "geometry": { "type": "Point", "coordinates": [ 77.5417454, 12.8568948 ] } },
{ "type": "Feature", "properties": { "shop": "convenience", "name": "Patel Condiments" }, "geometry": { "type": "Point", "coordinates": [ 77.6212496, 12.9198493 ] } },
{ "type": "Feature", "properties": { "shop": "supermarket", "name": "K-Food Antenna Shop" }, "geometry": { "type": "Point", "coordinates": [ 77.6473761, 13.0163701 ] } },
{ "type": "Feature", "properties": { "shop": "convenience", "name": "Sri Skanda Retail Store" }, "geometry": { "type": "Point", "coordinates": [ 77.5715574, 13.1040043 ] } },
{ "type": "Feature", "properties": { "shop": "supermarket", "name": "Nadumuttam" }, "geometry": { "type": "Point", "coordinates": [ 77.6453644, 13.049933 ] } },
{ "type": "Feature", "properties": { "shop": "supermarket", "name": "DMart" }, "geometry": { "type": "Point", "coordinates": [ 77.5774641, 12.975895 ] } },
{ "type": "Feature", "properties": { "shop": "supermarket", "name": "Real mart" }, "geometry": { "type": "Point", "coordinates": [ 77.657206, 12.9529477 ] } },
{ "type": "Feature", "properties": { "shop": "convenience", "name": "Reddy Stores" }, "geometry": { "type": "Point", "coordinates": [ 77.7069485, 12.9704711 ] } },
{ "type": "Feature", "properties": { "shop": "supermarket", "name": "Reliance Smart Superstore" }, "geometry": { "type": "Point", "coordinates": [ 77.656994, 12.8951857 ] } },
{ "type": "Feature", "properties": { "shop": "supermarket", "name": "Simpli Namdhari's" }, "geometry": { "type": "Point", "coordinates": [ 77.5857322, 12.9019561 ] } },
{ "type": "Feature", "properties": { "shop": "convenience", "name": "Kwality Super Bazar" }, "geometry": { "type": "Point", "coordinates": [ 77.6391018, 13.0305597 ] } },
{ "type": "Feature", "properties": { "shop": "supermarket", "name": "the organic world" }, "geometry": { "type": "Point", "coordinates": [ 77.5732531, 13.0984057 ] } },
{ "type": "Feature", "properties": { "shop": "convenience", "name": "Ajfan Dates and Nuts" }, "geometry": { "type": "Point", "coordinates": [ 77.5733317, 13.0984191 ] } },
{ "type": "Feature", "properties": { "shop": "supermarket", "name": "Chakkappan Stores" }, "geometry": { "type": "Point", "coordinates": [ 77.6485509, 13.0645297 ] } },
{ "type": "Feature", "properties": { "shop": "supermarket", "name": "Vishal Mega Mart" }, "geometry": { "type": "Point", "coordinates": [ 77.6479487, 13.0643494 ] } },
{ "type": "Feature", "properties": { "shop": "supermarket", "name": "Reliance Smart" }, "geometry": { "type": "Point", "coordinates": [ 77.6246819, 13.0690014 ] } },
{ "type": "Feature", "properties": { "shop": "supermarket", "name": "Reliance Smart" }, "geometry": { "type": "Point", "coordinates": [ 77.6045895, 13.0722229 ] } },
{ "type": "Feature", "properties": { "shop": "supermarket", "name": "Loyal City Supermarket" }, "geometry": { "type": "Point", "coordinates": [ 77.7422215, 12.960406 ] } },
{ "type": "Feature", "properties": { "shop": "supermarket", "name": "My grocer" }, "geometry": { "type": "Point", "coordinates": [ 77.6809351, 12.9717424 ] } },
{ "type": "Feature", "properties": { "shop": "supermarket", "name": "Sunrise Mart" }, "geometry": { "type": "Point", "coordinates": [ 77.6134743, 12.9643497 ] } },
{ "type": "Feature", "properties": { "shop": "supermarket", "name": "Daily Needs" }, "geometry": { "type": "Point", "coordinates": [ 77.613721, 12.9644738 ] } },
{ "type": "Feature", "properties": { "shop": "supermarket", "name": "DMart X" }, "geometry": { "type": "Point", "coordinates": [ 77.649252, 12.9167621 ] } },
{ "type": "Feature", "properties": { "shop": "supermarket", "name": "Lulu Hypermarket" }, "geometry": { "type": "Point", "coordinates": [ 77.5633806, 12.9812257 ] } },
{ "type": "Feature", "properties": { "shop": "supermarket", "name": "Namdhari's Fresh" }, "geometry": { "type": "Point", "coordinates": [ 77.5782663, 13.003153 ] } },
{ "type": "Feature", "properties": { "shop": "supermarket", "name": "Fresh World" }, "geometry": { "type": "Point", "coordinates": [ 77.6213264, 12.9961581 ] } },
{ "type": "Feature", "properties": { "shop": "convenience", "name": "Eddy's Mangalore Store" }, "geometry": { "type": "Point", "coordinates": [ 77.6233469, 13.0050303 ] } },
{ "type": "Feature", "properties": { "shop": "convenience", "name": "Bismallah Store" }, "geometry": { "type": "Point", "coordinates": [ 77.6231251, 13.0044368 ] } },
{ "type": "Feature", "properties": { "shop": "convenience", "name": "V S & Sons" }, "geometry": { "type": "Point", "coordinates": [ 77.6231079, 13.0043706 ] } },
{ "type": "Feature", "properties": { "shop": "convenience", "name": "Sri Lakshmi Venkateshwara Papers" }, "geometry": { "type": "Point", "coordinates": [ 77.6471367, 12.915292 ] } },
{ "type": "Feature", "properties": { "shop": "supermarket", "name": "Punjab Stores" }, "geometry": { "type": "Point", "coordinates": [ 77.6122217, 12.9963149 ] } },
{ "type": "Feature", "properties": { "shop": "supermarket", "name": "Green Fresh" }, "geometry": { "type": "Point", "coordinates": [ 77.6392625, 12.9091698 ] } },
{ "type": "Feature", "properties": { "shop": "supermarket", "name": "Families Supermarket" }, "geometry": { "type": "Point", "coordinates": [ 77.6090904, 13.0334824 ] } },
{ "type": "Feature", "properties": { "shop": "supermarket", "name": "DMart" }, "geometry": { "type": "Point", "coordinates": [ 77.6071212, 13.029036 ] } },
{ "type": "Feature", "properties": { "shop": "supermarket", "name": "Nature's Basket" }, "geometry": { "type": "Point", "coordinates": [ 77.6426351, 12.9786327 ] } },
{ "type": "Feature", "properties": { "shop": "supermarket", "name": "Star Bazaar" }, "geometry": { "type": "Point", "coordinates": [ 77.6330862, 12.9123087 ] } },
{ "type": "Feature", "properties": { "shop": "convenience", "name": "M Babu Store" }, "geometry": { "type": "Point", "coordinates": [ 77.6236392, 13.0057037 ] } },
{ "type": "Feature", "properties": { "shop": "convenience", "name": "Ration Shop" }, "geometry": { "type": "Point", "coordinates": [ 77.6011607, 12.9582865 ] } },
{ "type": "Feature", "properties": { "shop": "convenience", "name": "Moosa Stores" }, "geometry": { "type": "Point", "coordinates": [ 77.6271965, 13.0055606 ] } },
{ "type": "Feature", "properties": { "shop": "convenience", "name": "Daily Baskett" }, "geometry": { "type": "Point", "coordinates": [ 77.5580085, 13.0107514 ] } },
{ "type": "Feature", "properties": { "shop": "supermarket", "name": "Smart point" }, "geometry": { "type": "Point", "coordinates": [ 77.5975494, 13.0390311 ] } },
{ "type": "Feature", "properties": { "shop": "convenience", "name": "Corporation Store" }, "geometry": { "type": "Point", "coordinates": [ 77.5674382, 12.9540237 ] } },
{ "type": "Feature", "properties": { "shop": "convenience", "name": "Arun Enterprises" }, "geometry": { "type": "Point", "coordinates": [ 77.5673748, 12.9540074 ] } },
{ "type": "Feature", "properties": { "shop": "convenience", "name": "MB Stores" }, "geometry": { "type": "Point", "coordinates": [ 77.564198, 12.9586066 ] } },
{ "type": "Feature", "properties": { "shop": "convenience", "name": "Nyaya Bele Angadi BLS-55" }, "geometry": { "type": "Point", "coordinates": [ 77.564975, 12.9513399 ] } },
{ "type": "Feature", "properties": { "shop": "convenience", "name": "PVKR & CO" }, "geometry": { "type": "Point", "coordinates": [ 77.5687703, 12.9536706 ] } },
{ "type": "Feature", "properties": { "shop": "convenience", "name": "Sri Guru Raghavendra Juice & Condiments" }, "geometry": { "type": "Point", "coordinates": [ 77.5683855, 12.95908 ] } },
{ "type": "Feature", "properties": { "shop": "convenience", "name": "Skanda Condiments" }, "geometry": { "type": "Point", "coordinates": [ 77.566875, 12.9586694 ] } },
{ "type": "Feature", "properties": { "shop": "supermarket", "name": "Akshaya" }, "geometry": { "type": "Point", "coordinates": [ 77.5698323, 12.9514209 ] } },
{ "type": "Feature", "properties": { "shop": "convenience", "name": "Ashoka Stores" }, "geometry": { "type": "Point", "coordinates": [ 77.5623501, 12.9585612 ] } },
{ "type": "Feature", "properties": { "shop": "convenience", "name": "Raghavendra Juice & Condiments" }, "geometry": { "type": "Point", "coordinates": [ 77.5589939, 13.0105143 ] } },
{ "type": "Feature", "properties": { "shop": "convenience", "name": "Sri Lakshmi" }, "geometry": { "type": "Point", "coordinates": [ 77.7184653, 12.959352 ] } },
{ "type": "Feature", "properties": { "shop": "supermarket", "name": "Fresho" }, "geometry": { "type": "Point", "coordinates": [ 77.5776152, 12.8915279 ] } },
{ "type": "Feature", "properties": { "shop": "supermarket", "name": "Everfine Supermarket" }, "geometry": { "type": "Point", "coordinates": [ 77.580094, 12.8919377 ] } },
{ "type": "Feature", "properties": { "shop": "supermarket", "name": "Nesto Fresh Mart" }, "geometry": { "type": "Point", "coordinates": [ 77.6145777, 12.964373 ] } },
{ "type": "Feature", "properties": { "shop": "convenience", "name": "Royal Store" }, "geometry": { "type": "Point", "coordinates": [ 77.6257253, 13.0064525 ] } },
{ "type": "Feature", "properties": { "shop": "supermarket", "name": "DMart" }, "geometry": { "type": "Point", "coordinates": [ 77.5532961, 12.9584119 ] } },
{ "type": "Feature", "properties": { "shop": "convenience", "name": "Sri Bharani Mixtures" }, "geometry": { "type": "Point", "coordinates": [ 77.6465207, 13.0113802 ] } },
{ "type": "Feature", "properties": { "shop": "supermarket", "name": "Easyday Club" }, "geometry": { "type": "Point", "coordinates": [ 77.6322175, 12.914311 ] } },
{ "type": "Feature", "properties": { "shop": "convenience", "name": "The Smoke Store" }, "geometry": { "type": "Point", "coordinates": [ 77.6321925, 12.9153592 ] } },
{ "type": "Feature", "properties": { "shop": "supermarket", "name": "Express Hypermarket" }, "geometry": { "type": "Point", "coordinates": [ 77.6316023, 12.917022 ] } },
{ "type": "Feature", "properties": { "shop": "supermarket", "name": "Ojas Nisarga" }, "geometry": { "type": "Point", "coordinates": [ 77.5824523, 12.8896074 ] } },
{ "type": "Feature", "properties": { "shop": "supermarket", "name": "Organic Mandya" }, "geometry": { "type": "Point", "coordinates": [ 77.5816905, 12.8914742 ] } },
{ "type": "Feature", "properties": { "shop": "supermarket", "name": "Garden Fresh Mart" }, "geometry": { "type": "Point", "coordinates": [ 77.577855, 12.8882497 ] } },
{ "type": "Feature", "properties": { "shop": "supermarket", "name": "Family Shopping Center" }, "geometry": { "type": "Point", "coordinates": [ 77.4930091, 13.0142084 ] } },
{ "type": "Feature", "properties": { "shop": "convenience", "name": "Family Super Market" }, "geometry": { "type": "Point", "coordinates": [ 77.5392996, 12.8953421 ] } },
{ "type": "Feature", "properties": { "shop": "supermarket", "name": "Swaraj Supermarket" }, "geometry": { "type": "Point", "coordinates": [ 77.6126914, 12.9142984 ] } },
{ "type": "Feature", "properties": { "shop": "convenience", "name": "Sri Lankappa Provision Store" }, "geometry": { "type": "Point", "coordinates": [ 77.5694949, 12.9984229 ] } },
{ "type": "Feature", "properties": { "shop": "supermarket", "name": null }, "geometry": { "type": "Point", "coordinates": [ 77.5980072, 12.9068092 ] } },
{ "type": "Feature", "properties": { "shop": "convenience", "name": "Food Paradise Supermarket" }, "geometry": { "type": "Point", "coordinates": [ 77.6433022, 12.8737877 ] } },
{ "type": "Feature", "properties": { "shop": "convenience", "name": "Top Store" }, "geometry": { "type": "Point", "coordinates": [ 77.5900836, 12.9064621 ] } },
{ "type": "Feature", "properties": { "shop": "convenience", "name": "Sri Venkateshwara" }, "geometry": { "type": "Point", "coordinates": [ 77.5908928, 12.9061515 ] } },
{ "type": "Feature", "properties": { "shop": "supermarket", "name": "Kashyapi Naturals" }, "geometry": { "type": "Point", "coordinates": [ 77.5824555, 12.9074264 ] } },
{ "type": "Feature", "properties": { "shop": "supermarket", "name": "The organic world" }, "geometry": { "type": "Point", "coordinates": [ 77.5886336, 12.9065841 ] } },
{ "type": "Feature", "properties": { "shop": "supermarket", "name": "The Big Market" }, "geometry": { "type": "Point", "coordinates": [ 77.5777546, 12.9063706 ] } },
{ "type": "Feature", "properties": { "shop": "supermarket", "name": "Loyal World Supermarket" }, "geometry": { "type": "Point", "coordinates": [ 77.5916103, 13.0707337 ] } },
{ "type": "Feature", "properties": { "shop": "supermarket", "name": "Fish Mart" }, "geometry": { "type": "Point", "coordinates": [ 77.6356311, 12.9165578 ] } },
{ "type": "Feature", "properties": { "shop": "convenience", "name": "Kaveri Provision Store" }, "geometry": { "type": "Point", "coordinates": [ 77.6019154, 13.053932 ] } },
{ "type": "Feature", "properties": { "shop": "convenience", "name": "Mahima Kerala Store" }, "geometry": { "type": "Point", "coordinates": [ 77.6020598, 13.0538903 ] } },
{ "type": "Feature", "properties": { "shop": "convenience", "name": "Balaji Rice Traders" }, "geometry": { "type": "Point", "coordinates": [ 77.6019531, 13.0540013 ] } },
{ "type": "Feature", "properties": { "shop": "supermarket", "name": "Dmart" }, "geometry": { "type": "Point", "coordinates": [ 77.6019172, 13.0542418 ] } },
{ "type": "Feature", "properties": { "shop": "supermarket", "name": "Vishal Mega Mart" }, "geometry": { "type": "Point", "coordinates": [ 77.6255557, 12.9132992 ] } },
{ "type": "Feature", "properties": { "shop": "convenience", "name": "G N Store" }, "geometry": { "type": "Point", "coordinates": [ 77.6068793, 12.8588015 ] } },
{ "type": "Feature", "properties": { "shop": "supermarket", "name": "Reliance Smart Point" }, "geometry": { "type": "Point", "coordinates": [ 77.6908841, 12.8355771 ] } },
{ "type": "Feature", "properties": { "shop": "supermarket", "name": "Vishal Mega Mart" }, "geometry": { "type": "Point", "coordinates": [ 77.6914121, 12.8354876 ] } },
{ "type": "Feature", "properties": { "shop": "supermarket", "name": "More" }, "geometry": { "type": "Point", "coordinates": [ 77.6935833, 12.8352645 ] } },
{ "type": "Feature", "properties": { "shop": "supermarket", "name": "Ratnadeep" }, "geometry": { "type": "Point", "coordinates": [ 77.693277, 12.8353122 ] } },
{ "type": "Feature", "properties": { "shop": "supermarket", "name": "Bindass Basket" }, "geometry": { "type": "Point", "coordinates": [ 77.5786041, 12.891681 ] } },
{ "type": "Feature", "properties": { "shop": "supermarket", "name": "Ratnadeep" }, "geometry": { "type": "Point", "coordinates": [ 77.6398642, 12.969981 ] } },
{ "type": "Feature", "properties": { "shop": "supermarket", "name": "J24 Brothers Store" }, "geometry": { "type": "Point", "coordinates": [ 77.6387029, 12.9696997 ] } },
{ "type": "Feature", "properties": { "shop": "supermarket", "name": "Ratnadeep supermarket" }, "geometry": { "type": "Point", "coordinates": [ 77.642169, 12.9118379 ] } },
{ "type": "Feature", "properties": { "shop": "supermarket", "name": "Satvik Aahar" }, "geometry": { "type": "Point", "coordinates": [ 77.6231805, 12.9418935 ] } },
{ "type": "Feature", "properties": { "shop": "supermarket", "name": "Purity Prayag" }, "geometry": { "type": "Point", "coordinates": [ 77.563896, 13.0089801 ] } },
{ "type": "Feature", "properties": { "shop": "supermarket", "name": "Greenmart" }, "geometry": { "type": "Point", "coordinates": [ 77.6492616, 12.9114451 ] } },
{ "type": "Feature", "properties": { "shop": "supermarket", "name": "Wiggles shopify store" }, "geometry": { "type": "Point", "coordinates": [ 77.6001983, 12.9575721 ] } },
{ "type": "Feature", "properties": { "shop": "supermarket", "name": "Daily Essentials" }, "geometry": { "type": "Point", "coordinates": [ 77.6500091, 12.908584 ] } },
{ "type": "Feature", "properties": { "shop": "supermarket", "name": "Vishal Mega Mart" }, "geometry": { "type": "Point", "coordinates": [ 77.5576357, 13.0752074 ] } },
{ "type": "Feature", "properties": { "shop": "supermarket", "name": "Chowdeshwari Mart" }, "geometry": { "type": "Point", "coordinates": [ 77.5781297, 13.0955168 ] } },
{ "type": "Feature", "properties": { "shop": "convenience", "name": "Sri Durga Provision Store" }, "geometry": { "type": "Point", "coordinates": [ 77.576266, 13.0946288 ] } },
{ "type": "Feature", "properties": { "shop": "convenience", "name": "Sri Lakshmi Venkateshwara Provision Store" }, "geometry": { "type": "Point", "coordinates": [ 77.5768631, 13.0948037 ] } },
{ "type": "Feature", "properties": { "shop": "convenience", "name": "Sri Venkateshwara Hot Chips" }, "geometry": { "type": "Point", "coordinates": [ 77.5805133, 13.0947406 ] } },
{ "type": "Feature", "properties": { "shop": "convenience", "name": "Sri Durga Condiments" }, "geometry": { "type": "Point", "coordinates": [ 77.5293363, 12.8609441 ] } },
{ "type": "Feature", "properties": { "shop": "convenience", "name": "Sri Vinayaka Enterprise (Nandini)" }, "geometry": { "type": "Point", "coordinates": [ 77.5294982, 12.8613006 ] } },
{ "type": "Feature", "properties": { "shop": "convenience", "name": "Sri Kalabyraveshwara Tea Stall" }, "geometry": { "type": "Point", "coordinates": [ 77.6006362, 13.105174 ] } },
{ "type": "Feature", "properties": { "shop": "supermarket", "name": "Shopbox" }, "geometry": { "type": "Point", "coordinates": [ 77.6002193, 13.1069608 ] } },
{ "type": "Feature", "properties": { "shop": "convenience", "name": "CC Provision Store" }, "geometry": { "type": "Point", "coordinates": [ 77.6015977, 13.1068111 ] } },
{ "type": "Feature", "properties": { "shop": "convenience", "name": "Shri Manjunatha Condiments" }, "geometry": { "type": "Point", "coordinates": [ 77.6196152, 12.9997443 ] } },
{ "type": "Feature", "properties": { "shop": "convenience", "name": null }, "geometry": { "type": "Point", "coordinates": [ 77.6194613, 12.9998454 ] } },
{ "type": "Feature", "properties": { "shop": "supermarket", "name": "Reliance Smart" }, "geometry": { "type": "Point", "coordinates": [ 77.5282394, 12.9553443 ] } },
{ "type": "Feature", "properties": { "shop": "convenience", "name": "Karnataka Horticulture Fruits and Vegetable store" }, "geometry": { "type": "Point", "coordinates": [ 77.5295197, 12.9549739 ] } },
{ "type": "Feature", "properties": { "shop": "convenience", "name": "Mamta Super Bazar" }, "geometry": { "type": "Point", "coordinates": [ 77.5281648, 12.9548869 ] } },
{ "type": "Feature", "properties": { "shop": "supermarket", "name": "The Organic World" }, "geometry": { "type": "Point", "coordinates": [ 77.629995, 12.9338285 ] } },
{ "type": "Feature", "properties": { "shop": "supermarket", "name": "Vegetables Bhi Online" }, "geometry": { "type": "Point", "coordinates": [ 77.6011948, 12.9576565 ] } },
{ "type": "Feature", "properties": { "shop": "convenience", "name": "Sindhushri Pooja Store" }, "geometry": { "type": "Point", "coordinates": [ 77.6496528, 12.9225428 ] } },
{ "type": "Feature", "properties": { "shop": "convenience", "name": "Mataji Packaging" }, "geometry": { "type": "Point", "coordinates": [ 77.6496711, 12.9222366 ] } },
{ "type": "Feature", "properties": { "shop": "convenience", "name": "Krishna Provision Store" }, "geometry": { "type": "Point", "coordinates": [ 77.6496559, 12.9213131 ] } },
{ "type": "Feature", "properties": { "shop": "convenience", "name": "Matheswari Provisions Store" }, "geometry": { "type": "Point", "coordinates": [ 77.6496023, 12.9211611 ] } },
{ "type": "Feature", "properties": { "shop": "convenience", "name": null }, "geometry": { "type": "Point", "coordinates": [ 77.6505419, 12.9217903 ] } },
{ "type": "Feature", "properties": { "shop": "convenience", "name": "Akash Provisional store" }, "geometry": { "type": "Point", "coordinates": [ 77.6501642, 12.9217645 ] } },
{ "type": "Feature", "properties": { "shop": "convenience", "name": "Sri Krishna Stationary" }, "geometry": { "type": "Point", "coordinates": [ 77.6493472, 12.9199519 ] } },
{ "type": "Feature", "properties": { "shop": "convenience", "name": "Mahadev Store" }, "geometry": { "type": "Point", "coordinates": [ 77.6494709, 12.9213807 ] } },
{ "type": "Feature", "properties": { "shop": "convenience", "name": "Anand Provision Store" }, "geometry": { "type": "Point", "coordinates": [ 77.6494856, 12.921331 ] } },
{ "type": "Feature", "properties": { "shop": "convenience", "name": "Mahalakshmi Provision Store" }, "geometry": { "type": "Point", "coordinates": [ 77.649406, 12.9211613 ] } },
{ "type": "Feature", "properties": { "shop": "supermarket", "name": "Anand Supermarket" }, "geometry": { "type": "Point", "coordinates": [ 77.6044424, 13.0682715 ] } },
{ "type": "Feature", "properties": { "shop": "supermarket", "name": "CeeKay Supermarket" }, "geometry": { "type": "Point", "coordinates": [ 77.6386616, 12.9646059 ] } },
{ "type": "Feature", "properties": { "shop": "supermarket", "name": "Citi Food Centre" }, "geometry": { "type": "Point", "coordinates": [ 77.6486408, 12.9547046 ] } },
{ "type": "Feature", "properties": { "shop": "supermarket", "name": "Safari Super Mart" }, "geometry": { "type": "Point", "coordinates": [ 77.6167526, 12.8749232 ] } },
{ "type": "Feature", "properties": { "shop": "supermarket", "name": "Anand Supermarket" }, "geometry": { "type": "Point", "coordinates": [ 77.6048075, 13.0681713 ] } },
{ "type": "Feature", "properties": { "shop": "convenience", "name": "DailyBasket" }, "geometry": { "type": "Point", "coordinates": [ 77.5529372, 13.009492 ] } },
{ "type": "Feature", "properties": { "shop": "convenience", "name": "Adukale Malleshwaram Experience Store" }, "geometry": { "type": "Point", "coordinates": [ 77.5700587, 12.9984344 ] } },
{ "type": "Feature", "properties": { "shop": "convenience", "name": "Om Shakti Store" }, "geometry": { "type": "Point", "coordinates": [ 77.7209806, 12.9546025 ] } },
{ "type": "Feature", "properties": { "shop": "convenience", "name": "S L N Store" }, "geometry": { "type": "Point", "coordinates": [ 77.720939, 12.9549384 ] } },
{ "type": "Feature", "properties": { "shop": "supermarket", "name": "Raza Traders" }, "geometry": { "type": "Point", "coordinates": [ 77.7209202, 12.955454 ] } },
{ "type": "Feature", "properties": { "shop": "convenience", "name": "Maa Gayatri Veriety Store" }, "geometry": { "type": "Point", "coordinates": [ 77.7219649, 12.9518239 ] } },
{ "type": "Feature", "properties": { "shop": "convenience", "name": "Gowtham General Store" }, "geometry": { "type": "Point", "coordinates": [ 77.7222607, 12.9469383 ] } },
{ "type": "Feature", "properties": { "shop": "supermarket", "name": "Real Value Mart" }, "geometry": { "type": "Point", "coordinates": [ 77.714847, 12.9727779 ] } },
{ "type": "Feature", "properties": { "shop": "convenience", "name": "Chowdeshwari Rice Traders" }, "geometry": { "type": "Point", "coordinates": [ 77.563376, 12.9063719 ] } },
{ "type": "Feature", "properties": { "shop": "convenience", "name": "Bismillah Provision Store" }, "geometry": { "type": "Point", "coordinates": [ 77.5703658, 12.9030947 ] } },
{ "type": "Feature", "properties": { "shop": "convenience", "name": "Yaseen Store" }, "geometry": { "type": "Point", "coordinates": [ 77.5683146, 12.9048902 ] } },
{ "type": "Feature", "properties": { "shop": "convenience", "name": "Hello Provision Store" }, "geometry": { "type": "Point", "coordinates": [ 77.568269, 12.9047967 ] } },
{ "type": "Feature", "properties": { "shop": "supermarket", "name": "Highland Supermarket" }, "geometry": { "type": "Point", "coordinates": [ 77.7174226, 12.9514973 ] } },
{ "type": "Feature", "properties": { "shop": "supermarket", "name": "My Fair Shoppe" }, "geometry": { "type": "Point", "coordinates": [ 77.7239813, 12.9637354 ] } },
{ "type": "Feature", "properties": { "shop": "supermarket", "name": "Casio Home Needs" }, "geometry": { "type": "Point", "coordinates": [ 77.6160619, 12.9993902 ] } },
{ "type": "Feature", "properties": { "shop": "supermarket", "name": "Namdhari's Fresh" }, "geometry": { "type": "Point", "coordinates": [ 77.6167013, 13.0006904 ] } },
{ "type": "Feature", "properties": { "shop": "supermarket", "name": "More" }, "geometry": { "type": "Point", "coordinates": [ 77.6145693, 12.9970869 ] } },
{ "type": "Feature", "properties": { "shop": "convenience", "name": "SB Stores" }, "geometry": { "type": "Point", "coordinates": [ 77.618253, 12.9995568 ] } },
{ "type": "Feature", "properties": { "shop": "convenience", "name": "New Mangalore Stores" }, "geometry": { "type": "Point", "coordinates": [ 77.7139915, 12.965314 ] } },
{ "type": "Feature", "properties": { "shop": "supermarket", "name": "Giriram Foods ,Dairy Products And Edible Oil" }, "geometry": { "type": "Point", "coordinates": [ 77.5694263, 13.003187 ] } },
{ "type": "Feature", "properties": { "shop": "supermarket", "name": "Ratnadeep" }, "geometry": { "type": "Point", "coordinates": [ 77.5690233, 13.0002158 ] } },
{ "type": "Feature", "properties": { "shop": "convenience", "name": "The Fresh Greens" }, "geometry": { "type": "Point", "coordinates": [ 77.5339559, 12.95979 ] } },
{ "type": "Feature", "properties": { "shop": "supermarket", "name": "Vishal Mega Mart" }, "geometry": { "type": "Point", "coordinates": [ 77.5775528, 13.1062954 ] } },
{ "type": "Feature", "properties": { "shop": "convenience", "name": "J24 Essentials" }, "geometry": { "type": "Point", "coordinates": [ 77.5346246, 12.9548371 ] } },
{ "type": "Feature", "properties": { "shop": "convenience", "name": "Venkatadri Home Needs" }, "geometry": { "type": "Point", "coordinates": [ 77.5334443, 12.9564963 ] } },
{ "type": "Feature", "properties": { "shop": "supermarket", "name": "Shivani Organics" }, "geometry": { "type": "Point", "coordinates": [ 77.5378299, 12.9654241 ] } },
{ "type": "Feature", "properties": { "shop": "supermarket", "name": "Green City Supermarket" }, "geometry": { "type": "Point", "coordinates": [ 77.5634022, 13.0978647 ] } },
{ "type": "Feature", "properties": { "shop": "supermarket", "name": "Vishal Mega Mart" }, "geometry": { "type": "Point", "coordinates": [ 77.534236, 12.9581229 ] } },
{ "type": "Feature", "properties": { "shop": "supermarket", "name": "Olive Mart Supermarket" }, "geometry": { "type": "Point", "coordinates": [ 77.6040856, 12.9069046 ] } },
{ "type": "Feature", "properties": { "shop": "convenience", "name": "Sri Annapoornaswari Rice Traders" }, "geometry": { "type": "Point", "coordinates": [ 77.5909281, 13.0595166 ] } },
{ "type": "Feature", "properties": { "shop": "supermarket", "name": "Food Palace Supermarket" }, "geometry": { "type": "Point", "coordinates": [ 77.6488354, 12.9048145 ] } },
{ "type": "Feature", "properties": { "shop": "supermarket", "name": "Selec Hypermart" }, "geometry": { "type": "Point", "coordinates": [ 77.6076162, 12.9728155 ] } },
{ "type": "Feature", "properties": { "shop": "convenience", "name": "Sri Basaveshwara Convenience Store" }, "geometry": { "type": "Point", "coordinates": [ 77.5542239, 12.8872057 ] } },
{ "type": "Feature", "properties": { "shop": "supermarket", "name": "Reliance Smart Point" }, "geometry": { "type": "Point", "coordinates": [ 77.5927559, 12.953587 ] } },
{ "type": "Feature", "properties": { "shop": "supermarket", "name": "Ayush Hyper Market" }, "geometry": { "type": "Point", "coordinates": [ 77.6488723, 12.9052662 ] } },
{ "type": "Feature", "properties": { "shop": "supermarket", "name": null }, "geometry": { "type": "Point", "coordinates": [ 77.5732898, 12.9979879 ] } },
{ "type": "Feature", "properties": { "shop": "supermarket", "name": "Save More" }, "geometry": { "type": "Point", "coordinates": [ 77.5769795, 12.9937269 ] } },
{ "type": "Feature", "properties": { "shop": "supermarket", "name": "Fresh Signature" }, "geometry": { "type": "Point", "coordinates": [ 77.5553865, 13.0102788 ] } },
{ "type": "Feature", "properties": { "shop": "supermarket", "name": "Green's Fresh Supermarket" }, "geometry": { "type": "Point", "coordinates": [ 77.6027595, 12.8889433 ] } },
{ "type": "Feature", "properties": { "shop": "supermarket", "name": "Familiy Choice supermarket" }, "geometry": { "type": "Point", "coordinates": [ 77.7165947, 13.0045552 ] } },
{ "type": "Feature", "properties": { "shop": "supermarket", "name": "Ashirwad Supermarket" }, "geometry": { "type": "Point", "coordinates": [ 77.5792676, 12.9380741 ] } },
{ "type": "Feature", "properties": { "shop": "convenience", "name": "Essentials Super market" }, "geometry": { "type": "Point", "coordinates": [ 77.5988774, 13.0587919 ] } },
{ "type": "Feature", "properties": { "shop": "convenience", "name": "Sri Vari Stationary & Conditiments" }, "geometry": { "type": "Point", "coordinates": [ 77.5929328, 12.9543622 ] } },
{ "type": "Feature", "properties": { "shop": "supermarket", "name": "Midas Daily Supermarket" }, "geometry": { "type": "Point", "coordinates": [ 77.7133611, 12.9618315 ] } },
{ "type": "Feature", "properties": { "shop": "supermarket", "name": "Ratnadeep" }, "geometry": { "type": "Point", "coordinates": [ 77.7123703, 12.9638965 ] } },
{ "type": "Feature", "properties": { "shop": "convenience", "name": "Frisson Family Mart" }, "geometry": { "type": "Point", "coordinates": [ 77.6101638, 12.9129175 ] } },
{ "type": "Feature", "properties": { "shop": "convenience", "name": "Sunny Namkins" }, "geometry": { "type": "Point", "coordinates": [ 77.5871872, 13.0625274 ] } },
{ "type": "Feature", "properties": { "shop": "supermarket", "name": "Rajdhani supermarket" }, "geometry": { "type": "Point", "coordinates": [ 77.7918796, 12.8602802 ] } },
{ "type": "Feature", "properties": { "shop": "supermarket", "name": "T Super Market" }, "geometry": { "type": "Point", "coordinates": [ 77.6040007, 12.9750754 ] } },
{ "type": "Feature", "properties": { "shop": "supermarket", "name": "Leafresh Super Mart" }, "geometry": { "type": "Point", "coordinates": [ 77.5643925, 13.1272821 ] } },
{ "type": "Feature", "properties": { "shop": "convenience", "name": "Venkatadri Condiments" }, "geometry": { "type": "Point", "coordinates": [ 77.5922406, 12.9538065 ] } },
{ "type": "Feature", "properties": { "shop": "convenience", "name": "Sri Sai Sweets & Coffee Point" }, "geometry": { "type": "Point", "coordinates": [ 77.5921812, 12.9540507 ] } },
{ "type": "Feature", "properties": { "shop": "supermarket", "name": "All Season Market" }, "geometry": { "type": "Point", "coordinates": [ 77.4880845, 12.9606513 ] } },
{ "type": "Feature", "properties": { "shop": "supermarket", "name": "Simpli Namdhari's" }, "geometry": { "type": "Point", "coordinates": [ 77.6001914, 12.9609212 ] } },
{ "type": "Feature", "properties": { "shop": "supermarket", "name": "Peekay Supermarket" }, "geometry": { "type": "Point", "coordinates": [ 77.6071906, 12.9961879 ] } },
{ "type": "Feature", "properties": { "shop": "supermarket", "name": "Rainbow General Store" }, "geometry": { "type": "Point", "coordinates": [ 77.5985506, 12.9741728 ] } },
{ "type": "Feature", "properties": { "shop": "convenience", "name": "Asha's Store" }, "geometry": { "type": "Point", "coordinates": [ 77.5990192, 12.9725459 ] } },
{ "type": "Feature", "properties": { "shop": "supermarket", "name": "the organic world" }, "geometry": { "type": "Point", "coordinates": [ 77.5948329, 12.9869349 ] } },
{ "type": "Feature", "properties": { "shop": "supermarket", "name": "Open Mart" }, "geometry": { "type": "Point", "coordinates": [ 77.7010806, 12.9726116 ] } },
{ "type": "Feature", "properties": { "shop": "supermarket", "name": "More" }, "geometry": { "type": "Point", "coordinates": [ 77.6266052, 13.1216609 ] } },
{ "type": "Feature", "properties": { "shop": "supermarket", "name": "7 Heven P-Mart" }, "geometry": { "type": "Point", "coordinates": [ 77.670404, 13.1394402 ] } },
{ "type": "Feature", "properties": { "shop": "convenience", "name": "Om Shakti Pravision Store" }, "geometry": { "type": "Point", "coordinates": [ 77.7472166, 12.9378755 ] } },
{ "type": "Feature", "properties": { "shop": "supermarket", "name": "Shuddh" }, "geometry": { "type": "Point", "coordinates": [ 77.5979105, 13.1031842 ] } },
{ "type": "Feature", "properties": { "shop": "supermarket", "name": "All Mart" }, "geometry": { "type": "Point", "coordinates": [ 77.6258249, 13.1216215 ] } },
{ "type": "Feature", "properties": { "shop": "supermarket", "name": "ALV Fresh Supermarket" }, "geometry": { "type": "Point", "coordinates": [ 77.6239237, 12.908564 ] } },
{ "type": "Feature", "properties": { "shop": "convenience", "name": null }, "geometry": { "type": "Point", "coordinates": [ 77.5921543, 13.1084092 ] } },
{ "type": "Feature", "properties": { "shop": "convenience", "name": null }, "geometry": { "type": "Point", "coordinates": [ 77.591943, 13.1088511 ] } },
{ "type": "Feature", "properties": { "shop": "convenience", "name": "Mercado" }, "geometry": { "type": "Point", "coordinates": [ 77.6382894, 13.147642 ] } },
{ "type": "Feature", "properties": { "shop": "supermarket", "name": "Lulu Hypermarket" }, "geometry": { "type": "Point", "coordinates": [ 77.6766054, 12.8414259 ] } },
{ "type": "Feature", "properties": { "shop": "convenience", "name": "Ration Shop" }, "geometry": { "type": "Point", "coordinates": [ 77.6950757, 12.9721343 ] } },
{ "type": "Feature", "properties": { "shop": "convenience", "name": "Raj Provisions Store" }, "geometry": { "type": "Point", "coordinates": [ 77.70172, 12.9485879 ] } },
{ "type": "Feature", "properties": { "shop": "convenience", "name": "7-Eleven" }, "geometry": { "type": "Point", "coordinates": [ 77.7016398, 12.9494209 ] } },
{ "type": "Feature", "properties": { "shop": "supermarket", "name": "Vishal Mega Mart" }, "geometry": { "type": "Point", "coordinates": [ 77.6487876, 12.9723483 ] } },
{ "type": "Feature", "properties": { "shop": "supermarket", "name": "Casio Supermarket" }, "geometry": { "type": "Point", "coordinates": [ 77.6524836, 12.9721784 ] } },
{ "type": "Feature", "properties": { "shop": "supermarket", "name": "Halli Organics and naturals" }, "geometry": { "type": "Point", "coordinates": [ 77.5801356, 13.0083098 ] } },
{ "type": "Feature", "properties": { "shop": "supermarket", "name": "Bombay Gourmet Market" }, "geometry": { "type": "Point", "coordinates": [ 77.6396648, 13.0238135 ] } },
{ "type": "Feature", "properties": { "shop": "supermarket", "name": "GoHappy" }, "geometry": { "type": "Point", "coordinates": [ 77.5654238, 13.0049602 ] } },
{ "type": "Feature", "properties": { "shop": "convenience", "name": "Suma Provision Store" }, "geometry": { "type": "Point", "coordinates": [ 77.5362061, 12.9757309 ] } },
{ "type": "Feature", "properties": { "shop": "supermarket", "name": "Seema Shoppe" }, "geometry": { "type": "Point", "coordinates": [ 77.5353873, 12.9742648 ] } },
{ "type": "Feature", "properties": { "shop": "convenience", "name": "Shell Select" }, "geometry": { "type": "Point", "coordinates": [ 77.6428774, 13.0443268 ] } },
{ "type": "Feature", "properties": { "shop": "supermarket", "name": "A to Z" }, "geometry": { "type": "Point", "coordinates": [ 77.4994998, 12.9521586 ] } },
{ "type": "Feature", "properties": { "shop": "supermarket", "name": null }, "geometry": { "type": "Point", "coordinates": [ 77.4977918, 12.95208 ] } },
{ "type": "Feature", "properties": { "shop": "supermarket", "name": "Mangaluru Stores" }, "geometry": { "type": "Point", "coordinates": [ 77.4948779, 12.9511672 ] } },
{ "type": "Feature", "properties": { "shop": "supermarket", "name": "Surya Department Store" }, "geometry": { "type": "Point", "coordinates": [ 77.4967995, 12.9546117 ] } },
{ "type": "Feature", "properties": { "shop": "convenience", "name": "Manjunatha Condiments" }, "geometry": { "type": "Point", "coordinates": [ 77.4964584, 12.954568 ] } },
{ "type": "Feature", "properties": { "shop": "supermarket", "name": "KPN Fresh Supermarket" }, "geometry": { "type": "Point", "coordinates": [ 77.6696411, 12.9273196 ] } },
{ "type": "Feature", "properties": { "shop": "supermarket", "name": "Green Land Supermarket" }, "geometry": { "type": "Point", "coordinates": [ 77.6692427, 12.9281325 ] } },
{ "type": "Feature", "properties": { "shop": "supermarket", "name": "Olive" }, "geometry": { "type": "Point", "coordinates": [ 77.6079959, 12.9693895 ] } },
{ "type": "Feature", "properties": { "shop": "supermarket", "name": "Peekay mini mart" }, "geometry": { "type": "Point", "coordinates": [ 77.6038694, 12.9662507 ] } },
{ "type": "Feature", "properties": { "shop": "supermarket", "name": "Vishal Mega Mart" }, "geometry": { "type": "Point", "coordinates": [ 77.5676114, 12.9573521 ] } },
{ "type": "Feature", "properties": { "shop": "convenience", "name": "North East Store" }, "geometry": { "type": "Point", "coordinates": [ 77.6387843, 12.9057526 ] } },
{ "type": "Feature", "properties": { "shop": "supermarket", "name": "Nature's Basket" }, "geometry": { "type": "Point", "coordinates": [ 77.6198097, 12.9742285 ] } },
{ "type": "Feature", "properties": { "shop": "supermarket", "name": "All Session Super Market" }, "geometry": { "type": "Point", "coordinates": [ 77.7025455, 12.937249 ] } },
{ "type": "Feature", "properties": { "shop": "supermarket", "name": "Allday Hypermarket" }, "geometry": { "type": "Point", "coordinates": [ 77.6643204, 13.0386203 ] } },
{ "type": "Feature", "properties": { "shop": "convenience", "name": "Gurukrupa" }, "geometry": { "type": "Point", "coordinates": [ 77.57846, 13.0073876 ] } },
{ "type": "Feature", "properties": { "shop": "supermarket", "name": "More" }, "geometry": { "type": "Point", "coordinates": [ 77.5355606, 12.9880795 ] } },
{ "type": "Feature", "properties": { "shop": "supermarket", "name": "Dream Mart" }, "geometry": { "type": "Point", "coordinates": [ 77.6651941, 12.8360018 ] } },
{ "type": "Feature", "properties": { "shop": "supermarket", "name": "Carry Fresh home" }, "geometry": { "type": "Point", "coordinates": [ 77.5370466, 12.9881733 ] } },
{ "type": "Feature", "properties": { "shop": "supermarket", "name": "Freshco Hyperbazaar" }, "geometry": { "type": "Point", "coordinates": [ 77.6558713, 12.8940089 ] } },
{ "type": "Feature", "properties": { "shop": "supermarket", "name": "Sana Super Mart" }, "geometry": { "type": "Point", "coordinates": [ 77.5858239, 12.8975646 ] } },
{ "type": "Feature", "properties": { "shop": "supermarket", "name": "Smart Point" }, "geometry": { "type": "Point", "coordinates": [ 77.486678, 12.9289537 ] } },
{ "type": "Feature", "properties": { "shop": "convenience", "name": "Shell" }, "geometry": { "type": "Point", "coordinates": [ 77.7138301, 12.7999051 ] } },
{ "type": "Feature", "properties": { "shop": "supermarket", "name": "Seela Korean Mart" }, "geometry": { "type": "Point", "coordinates": [ 77.6474077, 13.0161235 ] } },
{ "type": "Feature", "properties": { "shop": "supermarket", "name": "Shopers Shope" }, "geometry": { "type": "Point", "coordinates": [ 77.4854041, 12.9245345 ] } },
{ "type": "Feature", "properties": { "shop": "supermarket", "name": "Shopping City Hypermarket" }, "geometry": { "type": "Point", "coordinates": [ 77.5209553, 12.9132031 ] } },
{ "type": "Feature", "properties": { "shop": "supermarket", "name": "Top in Town" }, "geometry": { "type": "Point", "coordinates": [ 77.7267965, 12.9396745 ] } },
{ "type": "Feature", "properties": { "shop": "supermarket", "name": "Top In Town" }, "geometry": { "type": "Point", "coordinates": [ 77.6757301, 12.9789825 ] } },
{ "type": "Feature", "properties": { "shop": "supermarket", "name": "Vishal Mega Mart" }, "geometry": { "type": "Point", "coordinates": [ 77.696903, 12.938951 ] } },
{ "type": "Feature", "properties": { "shop": "supermarket", "name": "White Mart" }, "geometry": { "type": "Point", "coordinates": [ 77.6982036, 12.9722492 ] } },
{ "type": "Feature", "properties": { "shop": "supermarket", "name": "Royalmart Supermarket Abbigere" }, "geometry": { "type": "Point", "coordinates": [ 77.5191931, 13.0735994 ] } },
{ "type": "Feature", "properties": { "shop": "convenience", "name": "Shell" }, "geometry": { "type": "Point", "coordinates": [ 77.6653081, 12.9130823 ] } },
{ "type": "Feature", "properties": { "shop": "convenience", "name": "Sri Manjunatha Provision Store" }, "geometry": { "type": "Point", "coordinates": [ 77.750068, 12.9367979 ] } },
{ "type": "Feature", "properties": { "shop": "convenience", "name": "Shell" }, "geometry": { "type": "Point", "coordinates": [ 77.6977029, 12.9426393 ] } },
{ "type": "Feature", "properties": { "shop": "convenience", "name": "Shell Select" }, "geometry": { "type": "Point", "coordinates": [ 77.4730955, 12.9069739 ] } },
{ "type": "Feature", "properties": { "shop": "supermarket", "name": "Namdhari" }, "geometry": { "type": "Point", "coordinates": [ 77.5784545, 13.0046704 ] } },
{ "type": "Feature", "properties": { "shop": "supermarket", "name": "More" }, "geometry": { "type": "Point", "coordinates": [ 77.559213, 13.0296108 ] } },
{ "type": "Feature", "properties": { "shop": "convenience", "name": "Shell Select" }, "geometry": { "type": "Point", "coordinates": [ 77.7426857, 12.9318712 ] } },
{ "type": "Feature", "properties": { "shop": "convenience", "name": "Shell" }, "geometry": { "type": "Point", "coordinates": [ 77.7370827, 12.788621 ] } },
{ "type": "Feature", "properties": { "shop": "supermarket", "name": "Shoba Central" }, "geometry": { "type": "Point", "coordinates": [ 77.6384758, 13.0224995 ] } },
{ "type": "Feature", "properties": { "shop": "convenience", "name": "Stationary store" }, "geometry": { "type": "Point", "coordinates": [ 77.7624041, 13.0155992 ] } },
{ "type": "Feature", "properties": { "shop": "supermarket", "name": "Foodstories" }, "geometry": { "type": "Point", "coordinates": [ 77.6002745, 12.9727355 ] } },
{ "type": "Feature", "properties": { "shop": "supermarket", "name": "Suguna Super Market" }, "geometry": { "type": "Point", "coordinates": [ 77.5689594, 13.1142754 ] } },
{ "type": "Feature", "properties": { "shop": "supermarket", "name": null }, "geometry": { "type": "Point", "coordinates": [ 77.5744761, 13.1057106 ] } },
{ "type": "Feature", "properties": { "shop": "supermarket", "name": null }, "geometry": { "type": "Point", "coordinates": [ 77.7367312, 12.9234737 ] } },
{ "type": "Feature", "properties": { "shop": "convenience", "name": "Patanjali Store" }, "geometry": { "type": "Point", "coordinates": [ 77.7627614, 12.8790275 ] } },
{ "type": "Feature", "properties": { "shop": "supermarket", "name": "Vishal Mega Mart" }, "geometry": { "type": "Point", "coordinates": [ 77.7516254, 12.9836015 ] } },
{ "type": "Feature", "properties": { "shop": "supermarket", "name": "Kasturi Mart" }, "geometry": { "type": "Point", "coordinates": [ 77.6612709, 13.0021565 ] } },
{ "type": "Feature", "properties": { "shop": "convenience", "name": "Kasturi Provision Store" }, "geometry": { "type": "Point", "coordinates": [ 77.6612279, 13.0022963 ] } },
{ "type": "Feature", "properties": { "shop": "supermarket", "name": "D Mart" }, "geometry": { "type": "Point", "coordinates": [ 77.6595826, 13.0055402 ] } },
{ "type": "Feature", "properties": { "shop": "supermarket", "name": "Petrichor" }, "geometry": { "type": "Point", "coordinates": [ 77.4641664, 12.8857784 ] } },
{ "type": "Feature", "properties": { "shop": "supermarket", "name": "Chamundi Dry Fruits and Spices" }, "geometry": { "type": "Point", "coordinates": [ 77.5717564, 12.9621663 ] } },
{ "type": "Feature", "properties": { "shop": "supermarket", "name": "Sri Deep a Retail" }, "geometry": { "type": "Point", "coordinates": [ 77.5921837, 12.9100981 ] } },
{ "type": "Feature", "properties": { "shop": "convenience", "name": "Mamta Super Bazar" }, "geometry": { "type": "Point", "coordinates": [ 77.5905547, 12.9104408 ] } },
{ "type": "Feature", "properties": { "shop": "supermarket", "name": "Home Needs" }, "geometry": { "type": "Point", "coordinates": [ 77.6061679, 12.995902 ] } },
{ "type": "Feature", "properties": { "shop": "convenience", "name": "Sri Nanjundeshwara Provision Store" }, "geometry": { "type": "Point", "coordinates": [ 77.7504623, 12.9363517 ] } },
{ "type": "Feature", "properties": { "shop": "supermarket", "name": "Ratnadeep" }, "geometry": { "type": "Point", "coordinates": [ 77.6706737, 12.9274003 ] } },
{ "type": "Feature", "properties": { "shop": "convenience", "name": "Shri Sai Provisions Store" }, "geometry": { "type": "Point", "coordinates": [ 77.7226122, 12.9601847 ] } },
{ "type": "Feature", "properties": { "shop": "supermarket", "name": "Bazaaro Hypermarket" }, "geometry": { "type": "Point", "coordinates": [ 77.7457273, 12.9314594 ] } },
{ "type": "Feature", "properties": { "shop": "convenience", "name": "Sufyan Dates and Nuts" }, "geometry": { "type": "Point", "coordinates": [ 77.7425013, 12.9321961 ] } },
{ "type": "Feature", "properties": { "shop": "convenience", "name": "Chandran Gurukkal Ayurveda Clinics" }, "geometry": { "type": "Point", "coordinates": [ 77.7418991, 12.9314667 ] } },
{ "type": "Feature", "properties": { "shop": "supermarket", "name": "Family Mart" }, "geometry": { "type": "Point", "coordinates": [ 77.7488957, 12.9368551 ] } },
{ "type": "Feature", "properties": { "shop": "convenience", "name": "Pinklemon" }, "geometry": { "type": "Point", "coordinates": [ 77.5710465, 13.0294061 ] } },
{ "type": "Feature", "properties": { "shop": "convenience", "name": "Nandini Condiments" }, "geometry": { "type": "Point", "coordinates": [ 77.6328936, 12.9204645 ] } },
{ "type": "Feature", "properties": { "shop": "convenience", "name": "Tata Star" }, "geometry": { "type": "Point", "coordinates": [ 77.5584237, 13.0691434 ] } },
{ "type": "Feature", "properties": { "shop": "supermarket", "name": "Instakart" }, "geometry": { "type": "Point", "coordinates": [ 77.6144128, 12.9171957 ] } },
{ "type": "Feature", "properties": { "shop": "supermarket", "name": "C K Departmental Store" }, "geometry": { "type": "Point", "coordinates": [ 77.635809, 12.9615904 ] } },
{ "type": "Feature", "properties": { "shop": "supermarket", "name": "Dmart" }, "geometry": { "type": "Point", "coordinates": [ 77.5515282, 12.9737081 ] } },
{ "type": "Feature", "properties": { "shop": "convenience", "name": "Ezeebag" }, "geometry": { "type": "Point", "coordinates": [ 77.6114062, 12.8736603 ] } },
{ "type": "Feature", "properties": { "shop": "supermarket", "name": "Dream Mart" }, "geometry": { "type": "Point", "coordinates": [ 77.6603394, 12.8201768 ] } },
{ "type": "Feature", "properties": { "shop": "supermarket", "name": "More" }, "geometry": { "type": "Point", "coordinates": [ 77.742893, 12.9385162 ] } },
{ "type": "Feature", "properties": { "shop": "supermarket", "name": "VMart Supermarket" }, "geometry": { "type": "Point", "coordinates": [ 77.6060977, 12.9072633 ] } },
{ "type": "Feature", "properties": { "shop": "supermarket", "name": "Mataji Supermart" }, "geometry": { "type": "Point", "coordinates": [ 77.4431833, 12.9972246 ] } },
{ "type": "Feature", "properties": { "shop": "supermarket", "name": "veggie's lover - Tea, vegetables & groceries" }, "geometry": { "type": "Point", "coordinates": [ 77.5701117, 12.8720023 ] } },
{ "type": "Feature", "properties": { "shop": "supermarket", "name": "Tea Stall" }, "geometry": { "type": "Point", "coordinates": [ 77.580087, 12.9479933 ] } },
{ "type": "Feature", "properties": { "shop": "convenience", "name": "Sri Siddappaji Stores" }, "geometry": { "type": "Point", "coordinates": [ 77.6406158, 12.9987916 ] } },
{ "type": "Feature", "properties": { "shop": "convenience", "name": "Deepa Store" }, "geometry": { "type": "Point", "coordinates": [ 77.6406091, 12.998744 ] } },
{ "type": "Feature", "properties": { "shop": "supermarket", "name": "Family Mart" }, "geometry": { "type": "Point", "coordinates": [ 77.5990927, 12.9430318 ] } },
{ "type": "Feature", "properties": { "shop": "convenience", "name": "Sri Ganesh Store" }, "geometry": { "type": "Point", "coordinates": [ 77.5959383, 12.9441876 ] } },
{ "type": "Feature", "properties": { "shop": "convenience", "name": null }, "geometry": { "type": "Point", "coordinates": [ 77.5985444, 12.9061909 ] } },
{ "type": "Feature", "properties": { "shop": "supermarket", "name": "S V Mart" }, "geometry": { "type": "Point", "coordinates": [ 77.7325879, 12.8608353 ] } },
{ "type": "Feature", "properties": { "shop": "supermarket", "name": "R B Stores" }, "geometry": { "type": "Point", "coordinates": [ 77.7195058, 12.8233778 ] } },
{ "type": "Feature", "properties": { "shop": "convenience", "name": "Sree Devi Condiments" }, "geometry": { "type": "Point", "coordinates": [ 77.5924088, 12.9538537 ] } },
{ "type": "Feature", "properties": { "shop": "convenience", "name": "Sri guru Samba Shiva rice traders" }, "geometry": { "type": "Point", "coordinates": [ 77.5748667, 12.8765388 ] } },
{ "type": "Feature", "properties": { "shop": "convenience", "name": "Ramdev Departmental Store" }, "geometry": { "type": "Point", "coordinates": [ 77.5746366, 12.8764914 ] } },
{ "type": "Feature", "properties": { "shop": "supermarket", "name": "Vishal Mega Mart" }, "geometry": { "type": "Point", "coordinates": [ 77.5078566, 12.9036676 ] } },
{ "type": "Feature", "properties": { "shop": "supermarket", "name": "Top in Town" }, "geometry": { "type": "Point", "coordinates": [ 77.5080064, 12.9040944 ] } },
{ "type": "Feature", "properties": { "shop": "supermarket", "name": "Shoba super market" }, "geometry": { "type": "Point", "coordinates": [ 77.6183201, 12.9239053 ] } },
{ "type": "Feature", "properties": { "shop": "supermarket", "name": "D2D Dawn 2 Dusk" }, "geometry": { "type": "Point", "coordinates": [ 77.6612663, 12.9963625 ] } },
{ "type": "Feature", "properties": { "shop": "supermarket", "name": "Midland Supermart" }, "geometry": { "type": "Point", "coordinates": [ 77.6409622, 13.0809981 ] } },
{ "type": "Feature", "properties": { "shop": "convenience", "name": null }, "geometry": { "type": "Point", "coordinates": [ 77.5944295, 12.9941563 ] } },
{ "type": "Feature", "properties": { "shop": "convenience", "name": "Iyengar Home Products" }, "geometry": { "type": "Point", "coordinates": [ 77.5415351, 12.9972508 ] } },
{ "type": "Feature", "properties": { "shop": "convenience", "name": "Sri Lakshmi Venkateshwara Stores" }, "geometry": { "type": "Point", "coordinates": [ 77.5417583, 12.9969977 ] } },
{ "type": "Feature", "properties": { "shop": "convenience", "name": "Sri Venkateshwara Stores" }, "geometry": { "type": "Point", "coordinates": [ 77.5425625, 12.9965896 ] } },
{ "type": "Feature", "properties": { "shop": "supermarket", "name": "Spar" }, "geometry": { "type": "Point", "coordinates": [ 77.6622956, 12.9931942 ] } },
{ "type": "Feature", "properties": { "shop": "supermarket", "name": "Lulu Daily" }, "geometry": { "type": "Point", "coordinates": [ 77.6953479, 12.9963493 ] } },
{ "type": "Feature", "properties": { "shop": "convenience", "name": null }, "geometry": { "type": "Point", "coordinates": [ 77.7147134, 12.9891533 ] } },
{ "type": "Feature", "properties": { "shop": "supermarket", "name": "Fresh Mart Supermarket" }, "geometry": { "type": "Point", "coordinates": [ 77.7218878, 12.9907066 ] } },
{ "type": "Feature", "properties": { "shop": "supermarket", "name": "Top in Town" }, "geometry": { "type": "Point", "coordinates": [ 77.6562842, 12.9551466 ] } },
{ "type": "Feature", "properties": { "shop": "supermarket", "name": "Rolla Hypermarket" }, "geometry": { "type": "Point", "coordinates": [ 77.761099, 13.0126344 ] } },
{ "type": "Feature", "properties": { "shop": "supermarket", "name": "SLV supermarket mini mall (Fruits +Vegetables+General Stores)" }, "geometry": { "type": "Point", "coordinates": [ 77.7335299, 12.983167 ] } },
{ "type": "Feature", "properties": { "shop": "supermarket", "name": null }, "geometry": { "type": "Point", "coordinates": [ 77.634815, 13.0840295 ] } },
{ "type": "Feature", "properties": { "shop": "supermarket", "name": "Market Fresh" }, "geometry": { "type": "Point", "coordinates": [ 77.5426461, 12.8607846 ] } },
{ "type": "Feature", "properties": { "shop": "supermarket", "name": "Shop@rite" }, "geometry": { "type": "Point", "coordinates": [ 77.5104541, 12.9734732 ] } },
{ "type": "Feature", "properties": { "shop": "convenience", "name": "Mathushree Stores" }, "geometry": { "type": "Point", "coordinates": [ 77.5155803, 12.9712446 ] } },
{ "type": "Feature", "properties": { "shop": "convenience", "name": "Sri Krishna Condiments and General Stores" }, "geometry": { "type": "Point", "coordinates": [ 77.6781526, 12.8559422 ] } },
{ "type": "Feature", "properties": { "shop": "convenience", "name": "FoodMax" }, "geometry": { "type": "Point", "coordinates": [ 77.6206549, 13.0130515 ] } },
{ "type": "Feature", "properties": { "shop": "convenience", "name": "Savo Mart" }, "geometry": { "type": "Point", "coordinates": [ 77.627311, 13.012717 ] } },
{ "type": "Feature", "properties": { "shop": "supermarket", "name": "Star Bazaar" }, "geometry": { "type": "Point", "coordinates": [ 77.7388191, 12.9282358 ] } },
{ "type": "Feature", "properties": { "shop": "supermarket", "name": "MK Ahmed Bazar" }, "geometry": { "type": "Point", "coordinates": [ 77.5932781, 12.9203707 ] } },
{ "type": "Feature", "properties": { "shop": "supermarket", "name": "Xpress Home Needs" }, "geometry": { "type": "Point", "coordinates": [ 77.6086431, 12.9255977 ] } },
{ "type": "Feature", "properties": { "shop": "supermarket", "name": "Shopping Mart" }, "geometry": { "type": "Point", "coordinates": [ 77.5972605, 12.9460501 ] } },
{ "type": "Feature", "properties": { "shop": "supermarket", "name": "Star Bazar" }, "geometry": { "type": "Point", "coordinates": [ 77.6167172, 12.8762997 ] } },
{ "type": "Feature", "properties": { "shop": "convenience", "name": "Bhagyamma Provision Store" }, "geometry": { "type": "Point", "coordinates": [ 77.5384383, 12.9859457 ] } },
{ "type": "Feature", "properties": { "shop": "convenience", "name": "Anugraha Department Store" }, "geometry": { "type": "Point", "coordinates": [ 77.6368089, 12.9613446 ] } },
{ "type": "Feature", "properties": { "shop": "convenience", "name": "Sri Balaji Electricals" }, "geometry": { "type": "Point", "coordinates": [ 77.6357663, 12.9605395 ] } },
{ "type": "Feature", "properties": { "shop": "convenience", "name": "Sri Basaveshwara Convenience Store" }, "geometry": { "type": "Point", "coordinates": [ 77.5544956, 12.8870053 ] } },
{ "type": "Feature", "properties": { "shop": "supermarket", "name": "MK Ahmed" }, "geometry": { "type": "Point", "coordinates": [ 77.5941368, 12.871405 ] } },
{ "type": "Feature", "properties": { "shop": "convenience", "name": "Mini Max" }, "geometry": { "type": "Point", "coordinates": [ 77.6896339, 12.9847898 ] } },
{ "type": "Feature", "properties": { "shop": "supermarket", "name": "Mariya Maty Super Market" }, "geometry": { "type": "Point", "coordinates": [ 77.5372256, 12.8746877 ] } },
{ "type": "Feature", "properties": { "shop": "supermarket", "name": "Shopping City Hyper Market" }, "geometry": { "type": "Point", "coordinates": [ 77.5122395, 12.9038987 ] } },
{ "type": "Feature", "properties": { "shop": "supermarket", "name": "Happy Home Super Mart" }, "geometry": { "type": "Point", "coordinates": [ 77.4876132, 12.9006554 ] } },
{ "type": "Feature", "properties": { "shop": "supermarket", "name": "Mamtha Super Market" }, "geometry": { "type": "Point", "coordinates": [ 77.4875944, 12.9033332 ] } },
{ "type": "Feature", "properties": { "shop": "convenience", "name": "Tiny supermart" }, "geometry": { "type": "Point", "coordinates": [ 77.6526413, 12.9749897 ] } },
{ "type": "Feature", "properties": { "shop": "supermarket", "name": "All - Mart" }, "geometry": { "type": "Point", "coordinates": [ 77.5148541, 13.0509934 ] } },
{ "type": "Feature", "properties": { "shop": "convenience", "name": "Sangeetha Mobiles" }, "geometry": { "type": "Point", "coordinates": [ 77.5110436, 13.0546294 ] } },
{ "type": "Feature", "properties": { "shop": "supermarket", "name": "Reliance Smart Point" }, "geometry": { "type": "Point", "coordinates": [ 77.5111956, 13.0544194 ] } },
{ "type": "Feature", "properties": { "shop": "convenience", "name": "Grandway Stop & Shop" }, "geometry": { "type": "Point", "coordinates": [ 77.65914278, 12.89974228 ] } },
{ "type": "Feature", "properties": { "shop": "supermarket", "name": "Jayanagar 4th Block Shopping Complex" }, "geometry": { "type": "Point", "coordinates": [ 77.58423076, 12.92986528 ] } },
{ "type": "Feature", "properties": { "shop": "supermarket", "name": "Janatha Bazaar" }, "geometry": { "type": "Point", "coordinates": [ 77.58410616, 12.93025306 ] } },
{ "type": "Feature", "properties": { "shop": "supermarket", "name": "Reliance Fresh" }, "geometry": { "type": "Point", "coordinates": [ 77.75032882, 12.97084322 ] } },
{ "type": "Feature", "properties": { "shop": "supermarket", "name": "Spar" }, "geometry": { "type": "Point", "coordinates": [ 77.601047900000012, 12.9301484 ] } },
{ "type": "Feature", "properties": { "shop": "supermarket", "name": "Home Shoppee" }, "geometry": { "type": "Point", "coordinates": [ 77.61064614, 12.99469192 ] } },
{ "type": "Feature", "properties": { "shop": "supermarket", "name": "S-Mart" }, "geometry": { "type": "Point", "coordinates": [ 77.54356365000001, 13.004021175 ] } },
{ "type": "Feature", "properties": { "shop": "convenience", "name": "Atulya Stores" }, "geometry": { "type": "Point", "coordinates": [ 77.54831442, 13.00739584 ] } },
{ "type": "Feature", "properties": { "shop": "supermarket", "name": "Shopwell Supermarket" }, "geometry": { "type": "Point", "coordinates": [ 77.57755916, 13.03689972 ] } },
{ "type": "Feature", "properties": { "shop": "convenience", "name": "Shell Select" }, "geometry": { "type": "Point", "coordinates": [ 77.73151316, 12.9567154 ] } },
{ "type": "Feature", "properties": { "shop": "supermarket", "name": "Royal Mart Supermarket" }, "geometry": { "type": "Point", "coordinates": [ 77.75137144, 12.9800777 ] } },
{ "type": "Feature", "properties": { "shop": "convenience", "name": "Family Choice" }, "geometry": { "type": "Point", "coordinates": [ 77.712509507692303, 13.004287330769232 ] } },
{ "type": "Feature", "properties": { "shop": "supermarket", "name": "Food World" }, "geometry": { "type": "Point", "coordinates": [ 77.6475548, 13.01298922 ] } },
{ "type": "Feature", "properties": { "shop": "supermarket", "name": "Smart Bazaar" }, "geometry": { "type": "Point", "coordinates": [ 77.6590474, 13.01703754 ] } },
{ "type": "Feature", "properties": { "shop": "supermarket", "name": "Spencer" }, "geometry": { "type": "Point", "coordinates": [ 77.63298086, 12.92719312 ] } },
{ "type": "Feature", "properties": { "shop": "supermarket", "name": "Food World" }, "geometry": { "type": "Point", "coordinates": [ 77.5389064, 12.97264392 ] } },
{ "type": "Feature", "properties": { "shop": "supermarket", "name": "National Market" }, "geometry": { "type": "Point", "coordinates": [ 77.57766598, 12.97629294 ] } },
{ "type": "Feature", "properties": { "shop": "supermarket", "name": "Sukh Sagar Shopping Center" }, "geometry": { "type": "Point", "coordinates": [ 77.57779596, 12.97662518 ] } },
{ "type": "Feature", "properties": { "shop": "supermarket", "name": "Loyal City Super Market" }, "geometry": { "type": "Point", "coordinates": [ 77.74403248, 12.98385128 ] } },
{ "type": "Feature", "properties": { "shop": "supermarket", "name": "Big Bazaar" }, "geometry": { "type": "Point", "coordinates": [ 77.57364232, 12.99725208 ] } },
{ "type": "Feature", "properties": { "shop": "supermarket", "name": "Janatha Bazaar" }, "geometry": { "type": "Point", "coordinates": [ 77.582237175, 13.006741775 ] } },
{ "type": "Feature", "properties": { "shop": "supermarket", "name": "DMart" }, "geometry": { "type": "Point", "coordinates": [ 77.69011868, 12.81852918 ] } },
{ "type": "Feature", "properties": { "shop": "supermarket", "name": "DMart" }, "geometry": { "type": "Point", "coordinates": [ 77.728611622222218, 12.955428388888889 ] } },
{ "type": "Feature", "properties": { "shop": "supermarket", "name": "Reliance Mart" }, "geometry": { "type": "Point", "coordinates": [ 77.597693383333336, 12.890940216666666 ] } },
{ "type": "Feature", "properties": { "shop": "convenience", "name": "HOPCOMS" }, "geometry": { "type": "Point", "coordinates": [ 77.63332576, 12.9786635 ] } },
{ "type": "Feature", "properties": { "shop": "convenience", "name": "Nandini Shoppe" }, "geometry": { "type": "Point", "coordinates": [ 77.633259540000012, 12.97865174 ] } },
{ "type": "Feature", "properties": { "shop": "convenience", "name": "Nandini Shoppe" }, "geometry": { "type": "Point", "coordinates": [ 77.63776348, 12.98066892 ] } },
{ "type": "Feature", "properties": { "shop": "convenience", "name": "HOPCOMS" }, "geometry": { "type": "Point", "coordinates": [ 77.64002072, 12.98098046 ] } },
{ "type": "Feature", "properties": { "shop": "convenience", "name": "Nandhini Shoppe" }, "geometry": { "type": "Point", "coordinates": [ 77.63998764, 12.9808755 ] } },
{ "type": "Feature", "properties": { "shop": "supermarket", "name": "MK Ahmed" }, "geometry": { "type": "Point", "coordinates": [ 77.636597099999989, 12.91256082 ] } },
{ "type": "Feature", "properties": { "shop": "convenience", "name": "Family Point" }, "geometry": { "type": "Point", "coordinates": [ 77.63939558, 13.02792336 ] } },
{ "type": "Feature", "properties": { "shop": "supermarket", "name": "DMart" }, "geometry": { "type": "Point", "coordinates": [ 77.547308763636366, 12.974737736363636 ] } },
{ "type": "Feature", "properties": { "shop": "convenience", "name": null }, "geometry": { "type": "Point", "coordinates": [ 77.7618291, 13.01777362 ] } },
{ "type": "Feature", "properties": { "shop": "supermarket", "name": "Fresh 'n more" }, "geometry": { "type": "Point", "coordinates": [ 77.6544142, 12.9703651 ] } },
{ "type": "Feature", "properties": { "shop": "supermarket", "name": "Easy Shopping Mart" }, "geometry": { "type": "Point", "coordinates": [ 77.59920344, 12.86408966 ] } },
{ "type": "Feature", "properties": { "shop": "supermarket", "name": "royalmart supermarket" }, "geometry": { "type": "Point", "coordinates": [ 77.6031335, 12.96306432 ] } },
{ "type": "Feature", "properties": { "shop": "supermarket", "name": "Reliance Fresh" }, "geometry": { "type": "Point", "coordinates": [ 77.619902059999987, 12.94043708 ] } },
{ "type": "Feature", "properties": { "shop": "convenience", "name": "Simla Stores" }, "geometry": { "type": "Point", "coordinates": [ 77.6229071, 13.0039259 ] } },
{ "type": "Feature", "properties": { "shop": "supermarket", "name": "Kiran General and Rice Store" }, "geometry": { "type": "Point", "coordinates": [ 77.66906706, 12.85521706 ] } },
{ "type": "Feature", "properties": { "shop": "convenience", "name": "New Mangalore Stores" }, "geometry": { "type": "Point", "coordinates": [ 77.58654122, 12.89264024 ] } },
{ "type": "Feature", "properties": { "shop": "convenience", "name": "In & Out" }, "geometry": { "type": "Point", "coordinates": [ 77.65132692, 12.92004652 ] } },
{ "type": "Feature", "properties": { "shop": "supermarket", "name": "The Whitefield Market" }, "geometry": { "type": "Point", "coordinates": [ 77.73559224, 12.96995498 ] } },
{ "type": "Feature", "properties": { "shop": "supermarket", "name": "MK Retail" }, "geometry": { "type": "Point", "coordinates": [ 77.71536908, 12.96476752 ] } },
{ "type": "Feature", "properties": { "shop": "supermarket", "name": "Reliance Fresh" }, "geometry": { "type": "Point", "coordinates": [ 77.58472446, 13.09817502 ] } },
{ "type": "Feature", "properties": { "shop": "supermarket", "name": "Families" }, "geometry": { "type": "Point", "coordinates": [ 77.62959782, 13.05670554 ] } },
{ "type": "Feature", "properties": { "shop": "supermarket", "name": "Smile Super Market" }, "geometry": { "type": "Point", "coordinates": [ 77.71096502, 12.94572726 ] } },
{ "type": "Feature", "properties": { "shop": "supermarket", "name": "DMart" }, "geometry": { "type": "Point", "coordinates": [ 77.58604978571428, 13.10038967857143 ] } },
{ "type": "Feature", "properties": { "shop": "supermarket", "name": "Shoppers City" }, "geometry": { "type": "Point", "coordinates": [ 77.6683972, 12.9915515 ] } },
{ "type": "Feature", "properties": { "shop": "supermarket", "name": "7 Days" }, "geometry": { "type": "Point", "coordinates": [ 77.602189, 12.903649316666666 ] } },
{ "type": "Feature", "properties": { "shop": "supermarket", "name": "ಚೌಡೇಶ್ವರಿ ಮತ್ತು ಶನಿಮಹಾತ್ಮ" }, "geometry": { "type": "Point", "coordinates": [ 77.5423787, 12.89187624 ] } },
{ "type": "Feature", "properties": { "shop": "supermarket", "name": "KS Puttasiddappa and Sons" }, "geometry": { "type": "Point", "coordinates": [ 77.56869358, 12.94802276 ] } },
{ "type": "Feature", "properties": { "shop": "convenience", "name": "SLV Provisional Store" }, "geometry": { "type": "Point", "coordinates": [ 77.69047028, 12.90665774 ] } },
{ "type": "Feature", "properties": { "shop": "supermarket", "name": "Classic" }, "geometry": { "type": "Point", "coordinates": [ 77.67828152, 12.91353964 ] } },
{ "type": "Feature", "properties": { "shop": "supermarket", "name": "Big Market" }, "geometry": { "type": "Point", "coordinates": [ 77.555866728571431, 12.885993857142855 ] } },
{ "type": "Feature", "properties": { "shop": "convenience", "name": null }, "geometry": { "type": "Point", "coordinates": [ 77.638469640000011, 12.91525696 ] } },
{ "type": "Feature", "properties": { "shop": "convenience", "name": null }, "geometry": { "type": "Point", "coordinates": [ 77.69568992, 12.94122188 ] } },
{ "type": "Feature", "properties": { "shop": "convenience", "name": null }, "geometry": { "type": "Point", "coordinates": [ 77.7359224, 12.88735356 ] } },
{ "type": "Feature", "properties": { "shop": "supermarket", "name": "Top in Town Hypermarket" }, "geometry": { "type": "Point", "coordinates": [ 77.74162902, 12.96920026 ] } },
{ "type": "Feature", "properties": { "shop": "supermarket", "name": "E.N.Rao Plaza" }, "geometry": { "type": "Point", "coordinates": [ 77.585754540000011, 12.89757352 ] } },
{ "type": "Feature", "properties": { "shop": "supermarket", "name": "Shobha Supermarket" }, "geometry": { "type": "Point", "coordinates": [ 77.60734466, 12.88319778 ] } },
{ "type": "Feature", "properties": { "shop": "supermarket", "name": "Festo" }, "geometry": { "type": "Point", "coordinates": [ 77.77739495, 12.861430166666667 ] } },
{ "type": "Feature", "properties": { "shop": "supermarket", "name": "Santosh Himart" }, "geometry": { "type": "Point", "coordinates": [ 77.76141748, 12.87900312 ] } },
{ "type": "Feature", "properties": { "shop": "supermarket", "name": "DMart" }, "geometry": { "type": "Point", "coordinates": [ 77.704807, 12.90398048 ] } },
{ "type": "Feature", "properties": { "shop": "convenience", "name": null }, "geometry": { "type": "Point", "coordinates": [ 77.37660782, 13.0885487 ] } },
{ "type": "Feature", "properties": { "shop": "supermarket", "name": "Loyal City Hypermarket" }, "geometry": { "type": "Point", "coordinates": [ 77.75008244, 12.96885358 ] } },
{ "type": "Feature", "properties": { "shop": "supermarket", "name": "DMart" }, "geometry": { "type": "Point", "coordinates": [ 77.574224562500007, 13.09844145 ] } },
{ "type": "Feature", "properties": { "shop": "supermarket", "name": "FAB Hypermarket" }, "geometry": { "type": "Point", "coordinates": [ 77.64696256, 12.87451632 ] } },
{ "type": "Feature", "properties": { "shop": "supermarket", "name": "Falkon Hypermarket" }, "geometry": { "type": "Point", "coordinates": [ 77.63679736, 12.87876144 ] } },
{ "type": "Feature", "properties": { "shop": "supermarket", "name": "DMart" }, "geometry": { "type": "Point", "coordinates": [ 77.5073023, 13.06001866 ] } },
{ "type": "Feature", "properties": { "shop": "convenience", "name": "Shell Select" }, "geometry": { "type": "Point", "coordinates": [ 77.68224398, 12.9712523 ] } },
{ "type": "Feature", "properties": { "shop": "supermarket", "name": "S Mart" }, "geometry": { "type": "Point", "coordinates": [ 77.46204946, 12.89687974 ] } },
{ "type": "Feature", "properties": { "shop": "convenience", "name": "AFwwa Shop" }, "geometry": { "type": "Point", "coordinates": [ 77.528988533333333, 13.0511166 ] } },
{ "type": "Feature", "properties": { "shop": "convenience", "name": null }, "geometry": { "type": "Point", "coordinates": [ 77.52908608, 13.05109816 ] } },
{ "type": "Feature", "properties": { "shop": "supermarket", "name": "Peoples Mart" }, "geometry": { "type": "Point", "coordinates": [ 77.692398066666669, 13.0199513 ] } },
{ "type": "Feature", "properties": { "shop": "convenience", "name": "Amlamrut" }, "geometry": { "type": "Point", "coordinates": [ 77.40305724, 12.81036352 ] } },
{ "type": "Feature", "properties": { "shop": "convenience", "name": "Eco-Friendly Shop" }, "geometry": { "type": "Point", "coordinates": [ 77.40278338, 12.8100833 ] } },
{ "type": "Feature", "properties": { "shop": "supermarket", "name": "More" }, "geometry": { "type": "Point", "coordinates": [ 77.56691352, 12.95233826 ] } },
{ "type": "Feature", "properties": { "shop": "supermarket", "name": "Vishal Mega Mart" }, "geometry": { "type": "Point", "coordinates": [ 77.74391766, 12.88566606 ] } },
{ "type": "Feature", "properties": { "shop": "supermarket", "name": "Food Palace" }, "geometry": { "type": "Point", "coordinates": [ 77.70540316, 12.90817956 ] } },
{ "type": "Feature", "properties": { "shop": "supermarket", "name": "Mango Hypermarket" }, "geometry": { "type": "Point", "coordinates": [ 77.696748766666659, 12.920324133333333 ] } },
{ "type": "Feature", "properties": { "shop": "convenience", "name": "Aishwarya Value Mart" }, "geometry": { "type": "Point", "coordinates": [ 77.6761169, 12.90462602 ] } },
{ "type": "Feature", "properties": { "shop": "supermarket", "name": "DMart" }, "geometry": { "type": "Point", "coordinates": [ 77.6346055, 12.9321807 ] } },
{ "type": "Feature", "properties": { "shop": "supermarket", "name": "MBT Hypermart" }, "geometry": { "type": "Point", "coordinates": [ 77.70343864, 12.8311452 ] } },
{ "type": "Feature", "properties": { "shop": "convenience", "name": "Shell Select" }, "geometry": { "type": "Point", "coordinates": [ 77.75182238, 12.98235202 ] } },
{ "type": "Feature", "properties": { "shop": "supermarket", "name": "DMart" }, "geometry": { "type": "Point", "coordinates": [ 77.71007508, 12.98909108 ] } },
{ "type": "Feature", "properties": { "shop": "convenience", "name": "Om Shanti General Store" }, "geometry": { "type": "Point", "coordinates": [ 77.62356754, 13.00551704 ] } },
{ "type": "Feature", "properties": { "shop": "convenience", "name": "NHAI Highway Nest Mini" }, "geometry": { "type": "Point", "coordinates": [ 77.7702372, 13.05843988 ] } },
{ "type": "Feature", "properties": { "shop": "convenience", "name": "Aaruhi Mart" }, "geometry": { "type": "Point", "coordinates": [ 77.642135520000011, 13.06047398 ] } },
{ "type": "Feature", "properties": { "shop": "supermarket", "name": "Swaraj Hyper Market" }, "geometry": { "type": "Point", "coordinates": [ 77.61222548, 12.923281 ] } },
{ "type": "Feature", "properties": { "shop": "supermarket", "name": "DMart" }, "geometry": { "type": "Point", "coordinates": [ 77.61039134, 12.87637352 ] } },
{ "type": "Feature", "properties": { "shop": "supermarket", "name": "Village Market (Supermarket)" }, "geometry": { "type": "Point", "coordinates": [ 77.66480518, 12.8299519 ] } },
{ "type": "Feature", "properties": { "shop": "supermarket", "name": "All Seasons Supermart" }, "geometry": { "type": "Point", "coordinates": [ 77.555301285714293, 13.069657542857144 ] } },
{ "type": "Feature", "properties": { "shop": "supermarket", "name": "Vishal Mega Mart" }, "geometry": { "type": "Point", "coordinates": [ 77.5038389, 13.03347822 ] } },
{ "type": "Feature", "properties": { "shop": "supermarket", "name": "DMart" }, "geometry": { "type": "Point", "coordinates": [ 77.778338308333332, 12.86113945 ] } },
{ "type": "Feature", "properties": { "shop": "supermarket", "name": "Topsy" }, "geometry": { "type": "Point", "coordinates": [ 77.71064808, 12.94662326 ] } },
{ "type": "Feature", "properties": { "shop": "supermarket", "name": "More" }, "geometry": { "type": "Point", "coordinates": [ 77.646331512499998, 12.880119075 ] } },
{ "type": "Feature", "properties": { "shop": "supermarket", "name": "KPN Fresh" }, "geometry": { "type": "Point", "coordinates": [ 77.5733481, 13.11497748 ] } },
{ "type": "Feature", "properties": { "shop": "supermarket", "name": "Yellow Mart" }, "geometry": { "type": "Point", "coordinates": [ 77.680159260000011, 12.99211508 ] } },
{ "type": "Feature", "properties": { "shop": "supermarket", "name": "DMart" }, "geometry": { "type": "Point", "coordinates": [ 77.544436907142853, 12.875632007142856 ] } },
{ "type": "Feature", "properties": { "shop": null, "name": null }, "geometry": { "type": "Point", "coordinates": [ 77.4031011, 12.8103159 ] } },
{ "type": "Feature", "properties": { "shop": null, "name": null }, "geometry": { "type": "Point", "coordinates": [ 77.4029643, 12.8103721 ] } },
{ "type": "Feature", "properties": { "shop": null, "name": null }, "geometry": { "type": "Point", "coordinates": [ 77.4029824, 12.810414 ] } },
{ "type": "Feature", "properties": { "shop": null, "name": null }, "geometry": { "type": "Point", "coordinates": [ 77.4031192, 12.8103578 ] } },
{ "type": "Feature", "properties": { "shop": null, "name": null }, "geometry": { "type": "Point", "coordinates": [ 77.4028138, 12.8100313 ] } },
{ "type": "Feature", "properties": { "shop": null, "name": null }, "geometry": { "type": "Point", "coordinates": [ 77.4027012, 12.8100785 ] } },
{ "type": "Feature", "properties": { "shop": null, "name": null }, "geometry": { "type": "Point", "coordinates": [ 77.4027255, 12.8101337 ] } },
{ "type": "Feature", "properties": { "shop": null, "name": null }, "geometry": { "type": "Point", "coordinates": [ 77.4028382, 12.8100865 ] } },
{ "type": "Feature", "properties": { "shop": null, "name": null }, "geometry": { "type": "Point", "coordinates": [ 77.4618696, 12.8969947 ] } },
{ "type": "Feature", "properties": { "shop": null, "name": null }, "geometry": { "type": "Point", "coordinates": [ 77.4619783, 12.897069 ] } },
{ "type": "Feature", "properties": { "shop": null, "name": null }, "geometry": { "type": "Point", "coordinates": [ 77.4621694, 12.8968031 ] } },
{ "type": "Feature", "properties": { "shop": null, "name": null }, "geometry": { "type": "Point", "coordinates": [ 77.4620606, 12.8967288 ] } },
{ "type": "Feature", "properties": { "shop": null, "name": null }, "geometry": { "type": "Point", "coordinates": [ 77.5445992, 12.875564 ] } },
{ "type": "Feature", "properties": { "shop": null, "name": null }, "geometry": { "type": "Point", "coordinates": [ 77.5448754, 12.8751927 ] } },
{ "type": "Feature", "properties": { "shop": null, "name": null }, "geometry": { "type": "Point", "coordinates": [ 77.5444946, 12.8753836 ] } },
{ "type": "Feature", "properties": { "shop": null, "name": null }, "geometry": { "type": "Point", "coordinates": [ 77.5442304, 12.8760582 ] } },
{ "type": "Feature", "properties": { "shop": null, "name": null }, "geometry": { "type": "Point", "coordinates": [ 77.5443229, 12.8760255 ] } },
{ "type": "Feature", "properties": { "shop": null, "name": null }, "geometry": { "type": "Point", "coordinates": [ 77.5442062, 12.8754764 ] } },
{ "type": "Feature", "properties": { "shop": null, "name": null }, "geometry": { "type": "Point", "coordinates": [ 77.544107, 12.8754999 ] } },
{ "type": "Feature", "properties": { "shop": null, "name": null }, "geometry": { "type": "Point", "coordinates": [ 77.5440373, 12.8751653 ] } },
{ "type": "Feature", "properties": { "shop": null, "name": null }, "geometry": { "type": "Point", "coordinates": [ 77.5442961, 12.8751064 ] } },
{ "type": "Feature", "properties": { "shop": null, "name": null }, "geometry": { "type": "Point", "coordinates": [ 77.544964, 12.8753903 ] } },
{ "type": "Feature", "properties": { "shop": null, "name": null }, "geometry": { "type": "Point", "coordinates": [ 77.5446515, 12.8756542 ] } },
{ "type": "Feature", "properties": { "shop": null, "name": null }, "geometry": { "type": "Point", "coordinates": [ 77.5447427, 12.8760164 ] } },
{ "type": "Feature", "properties": { "shop": null, "name": null }, "geometry": { "type": "Point", "coordinates": [ 77.5442947, 12.8761576 ] } },
{ "type": "Feature", "properties": { "shop": null, "name": null }, "geometry": { "type": "Point", "coordinates": [ 77.5558521, 12.8861663 ] } },
{ "type": "Feature", "properties": { "shop": null, "name": null }, "geometry": { "type": "Point", "coordinates": [ 77.5559892, 12.8861536 ] } },
{ "type": "Feature", "properties": { "shop": null, "name": null }, "geometry": { "type": "Point", "coordinates": [ 77.5559302, 12.885815 ] } },
{ "type": "Feature", "properties": { "shop": null, "name": null }, "geometry": { "type": "Point", "coordinates": [ 77.5558162, 12.8858241 ] } },
{ "type": "Feature", "properties": { "shop": null, "name": null }, "geometry": { "type": "Point", "coordinates": [ 77.5558148, 12.8858686 ] } },
{ "type": "Feature", "properties": { "shop": null, "name": null }, "geometry": { "type": "Point", "coordinates": [ 77.5558323, 12.8860647 ] } },
{ "type": "Feature", "properties": { "shop": null, "name": null }, "geometry": { "type": "Point", "coordinates": [ 77.5423649, 12.8919815 ] } },
{ "type": "Feature", "properties": { "shop": null, "name": null }, "geometry": { "type": "Point", "coordinates": [ 77.5424931, 12.8919268 ] } },
{ "type": "Feature", "properties": { "shop": null, "name": null }, "geometry": { "type": "Point", "coordinates": [ 77.5423994, 12.8917183 ] } },
{ "type": "Feature", "properties": { "shop": null, "name": null }, "geometry": { "type": "Point", "coordinates": [ 77.5422712, 12.8917731 ] } },
{ "type": "Feature", "properties": { "shop": null, "name": null }, "geometry": { "type": "Point", "coordinates": [ 77.5864986, 12.892566 ] } },
{ "type": "Feature", "properties": { "shop": null, "name": null }, "geometry": { "type": "Point", "coordinates": [ 77.5866248, 12.8925797 ] } },
{ "type": "Feature", "properties": { "shop": null, "name": null }, "geometry": { "type": "Point", "coordinates": [ 77.5864855, 12.8926806 ] } },
{ "type": "Feature", "properties": { "shop": null, "name": null }, "geometry": { "type": "Point", "coordinates": [ 77.5866117, 12.8926943 ] } },
{ "type": "Feature", "properties": { "shop": null, "name": null }, "geometry": { "type": "Point", "coordinates": [ 77.585676, 12.8976236 ] } },
{ "type": "Feature", "properties": { "shop": null, "name": null }, "geometry": { "type": "Point", "coordinates": [ 77.5858754, 12.8976188 ] } },
{ "type": "Feature", "properties": { "shop": null, "name": null }, "geometry": { "type": "Point", "coordinates": [ 77.5858724, 12.8974984 ] } },
{ "type": "Feature", "properties": { "shop": null, "name": null }, "geometry": { "type": "Point", "coordinates": [ 77.5856729, 12.8975032 ] } },
{ "type": "Feature", "properties": { "shop": null, "name": null }, "geometry": { "type": "Point", "coordinates": [ 77.5840522, 12.930046 ] } },
{ "type": "Feature", "properties": { "shop": null, "name": null }, "geometry": { "type": "Point", "coordinates": [ 77.5844986, 12.930046 ] } },
{ "type": "Feature", "properties": { "shop": null, "name": null }, "geometry": { "type": "Point", "coordinates": [ 77.5844986, 12.9295942 ] } },
{ "type": "Feature", "properties": { "shop": null, "name": null }, "geometry": { "type": "Point", "coordinates": [ 77.5840522, 12.9295942 ] } },
{ "type": "Feature", "properties": { "shop": null, "name": null }, "geometry": { "type": "Point", "coordinates": [ 77.5839979, 12.9300837 ] } },
{ "type": "Feature", "properties": { "shop": null, "name": null }, "geometry": { "type": "Point", "coordinates": [ 77.5839953, 12.9303688 ] } },
{ "type": "Feature", "properties": { "shop": null, "name": null }, "geometry": { "type": "Point", "coordinates": [ 77.5842729, 12.930082 ] } },
{ "type": "Feature", "properties": { "shop": null, "name": null }, "geometry": { "type": "Point", "coordinates": [ 77.5842694, 12.930362 ] } },
{ "type": "Feature", "properties": { "shop": null, "name": null }, "geometry": { "type": "Point", "coordinates": [ 77.5666421, 12.9524246 ] } },
{ "type": "Feature", "properties": { "shop": null, "name": null }, "geometry": { "type": "Point", "coordinates": [ 77.566645, 12.9522004 ] } },
{ "type": "Feature", "properties": { "shop": null, "name": null }, "geometry": { "type": "Point", "coordinates": [ 77.5673207, 12.9522087 ] } },
{ "type": "Feature", "properties": { "shop": null, "name": null }, "geometry": { "type": "Point", "coordinates": [ 77.5673177, 12.952433 ] } },
{ "type": "Feature", "properties": { "shop": null, "name": null }, "geometry": { "type": "Point", "coordinates": [ 77.5686528, 12.947975 ] } },
{ "type": "Feature", "properties": { "shop": null, "name": null }, "geometry": { "type": "Point", "coordinates": [ 77.5687533, 12.9479739 ] } },
{ "type": "Feature", "properties": { "shop": null, "name": null }, "geometry": { "type": "Point", "coordinates": [ 77.5687542, 12.9480543 ] } },
{ "type": "Feature", "properties": { "shop": null, "name": null }, "geometry": { "type": "Point", "coordinates": [ 77.5686538, 12.9480553 ] } },
{ "type": "Feature", "properties": { "shop": null, "name": null }, "geometry": { "type": "Point", "coordinates": [ 77.53902, 12.9724911 ] } },
{ "type": "Feature", "properties": { "shop": null, "name": null }, "geometry": { "type": "Point", "coordinates": [ 77.538713, 12.972593 ] } },
{ "type": "Feature", "properties": { "shop": null, "name": null }, "geometry": { "type": "Point", "coordinates": [ 77.539101, 12.9727504 ] } },
{ "type": "Feature", "properties": { "shop": null, "name": null }, "geometry": { "type": "Point", "coordinates": [ 77.538985, 12.9727921 ] } },
{ "type": "Feature", "properties": { "shop": null, "name": null }, "geometry": { "type": "Point", "coordinates": [ 77.5475286, 12.9745238 ] } },
{ "type": "Feature", "properties": { "shop": null, "name": null }, "geometry": { "type": "Point", "coordinates": [ 77.5470426, 12.9745248 ] } },
{ "type": "Feature", "properties": { "shop": null, "name": null }, "geometry": { "type": "Point", "coordinates": [ 77.547505, 12.9747516 ] } },
{ "type": "Feature", "properties": { "shop": null, "name": null }, "geometry": { "type": "Point", "coordinates": [ 77.5473439, 12.9747519 ] } },
{ "type": "Feature", "properties": { "shop": null, "name": null }, "geometry": { "type": "Point", "coordinates": [ 77.5475291, 12.9747554 ] } },
{ "type": "Feature", "properties": { "shop": null, "name": null }, "geometry": { "type": "Point", "coordinates": [ 77.547505, 12.9747555 ] } },
{ "type": "Feature", "properties": { "shop": null, "name": null }, "geometry": { "type": "Point", "coordinates": [ 77.547344, 12.9748007 ] } },
{ "type": "Feature", "properties": { "shop": null, "name": null }, "geometry": { "type": "Point", "coordinates": [ 77.5472558, 12.9748009 ] } },
{ "type": "Feature", "properties": { "shop": null, "name": null }, "geometry": { "type": "Point", "coordinates": [ 77.5472558, 12.9748165 ] } },
{ "type": "Feature", "properties": { "shop": null, "name": null }, "geometry": { "type": "Point", "coordinates": [ 77.5470433, 12.974817 ] } },
{ "type": "Feature", "properties": { "shop": null, "name": null }, "geometry": { "type": "Point", "coordinates": [ 77.5776866, 12.9767739 ] } },
{ "type": "Feature", "properties": { "shop": null, "name": null }, "geometry": { "type": "Point", "coordinates": [ 77.5778848, 12.9762591 ] } },
{ "type": "Feature", "properties": { "shop": null, "name": null }, "geometry": { "type": "Point", "coordinates": [ 77.5775916, 12.9765517 ] } },
{ "type": "Feature", "properties": { "shop": null, "name": null }, "geometry": { "type": "Point", "coordinates": [ 77.57796, 12.9764021 ] } },
{ "type": "Feature", "properties": { "shop": null, "name": null }, "geometry": { "type": "Point", "coordinates": [ 77.5775093, 12.9762741 ] } },
{ "type": "Feature", "properties": { "shop": null, "name": null }, "geometry": { "type": "Point", "coordinates": [ 77.578055, 12.9766243 ] } },
{ "type": "Feature", "properties": { "shop": null, "name": null }, "geometry": { "type": "Point", "coordinates": [ 77.5775496, 12.9763924 ] } },
{ "type": "Feature", "properties": { "shop": null, "name": null }, "geometry": { "type": "Point", "coordinates": [ 77.5778366, 12.9761467 ] } },
{ "type": "Feature", "properties": { "shop": null, "name": null }, "geometry": { "type": "Point", "coordinates": [ 77.5434723, 13.0040994 ] } },
{ "type": "Feature", "properties": { "shop": null, "name": null }, "geometry": { "type": "Point", "coordinates": [ 77.5435748, 13.0039145 ] } },
{ "type": "Feature", "properties": { "shop": null, "name": null }, "geometry": { "type": "Point", "coordinates": [ 77.5437352, 13.0039714 ] } },
{ "type": "Feature", "properties": { "shop": null, "name": null }, "geometry": { "type": "Point", "coordinates": [ 77.5482931, 13.0074936 ] } },
{ "type": "Feature", "properties": { "shop": null, "name": null }, "geometry": { "type": "Point", "coordinates": [ 77.5482865, 13.0073323 ] } },
{ "type": "Feature", "properties": { "shop": null, "name": null }, "geometry": { "type": "Point", "coordinates": [ 77.5483563, 13.0074912 ] } },
{ "type": "Feature", "properties": { "shop": null, "name": null }, "geometry": { "type": "Point", "coordinates": [ 77.5483497, 13.0073298 ] } },
{ "type": "Feature", "properties": { "shop": null, "name": null }, "geometry": { "type": "Point", "coordinates": [ 77.5734466, 12.9973628 ] } },
{ "type": "Feature", "properties": { "shop": null, "name": null }, "geometry": { "type": "Point", "coordinates": [ 77.5734534, 12.9970752 ] } },
{ "type": "Feature", "properties": { "shop": null, "name": null }, "geometry": { "type": "Point", "coordinates": [ 77.5739359, 12.997086 ] } },
{ "type": "Feature", "properties": { "shop": null, "name": null }, "geometry": { "type": "Point", "coordinates": [ 77.5739291, 12.9973736 ] } },
{ "type": "Feature", "properties": { "shop": null, "name": null }, "geometry": { "type": "Point", "coordinates": [ 77.5823409, 13.0070523 ] } },
{ "type": "Feature", "properties": { "shop": null, "name": null }, "geometry": { "type": "Point", "coordinates": [ 77.5818883, 13.0065714 ] } },
{ "type": "Feature", "properties": { "shop": null, "name": null }, "geometry": { "type": "Point", "coordinates": [ 77.5823786, 13.0062911 ] } },
{ "type": "Feature", "properties": { "shop": null, "name": null }, "geometry": { "type": "Point", "coordinates": [ 77.6647651, 12.8300844 ] } },
{ "type": "Feature", "properties": { "shop": null, "name": null }, "geometry": { "type": "Point", "coordinates": [ 77.6647667, 12.829775 ] } },
{ "type": "Feature", "properties": { "shop": null, "name": null }, "geometry": { "type": "Point", "coordinates": [ 77.6648237, 12.8297584 ] } },
{ "type": "Feature", "properties": { "shop": null, "name": null }, "geometry": { "type": "Point", "coordinates": [ 77.6649053, 12.8300573 ] } },
{ "type": "Feature", "properties": { "shop": null, "name": null }, "geometry": { "type": "Point", "coordinates": [ 77.6897201, 12.81874 ] } },
{ "type": "Feature", "properties": { "shop": null, "name": null }, "geometry": { "type": "Point", "coordinates": [ 77.6903129, 12.818685 ] } },
{ "type": "Feature", "properties": { "shop": null, "name": null }, "geometry": { "type": "Point", "coordinates": [ 77.690396, 12.8179397 ] } },
{ "type": "Feature", "properties": { "shop": null, "name": null }, "geometry": { "type": "Point", "coordinates": [ 77.6904443, 12.8185412 ] } },
{ "type": "Feature", "properties": { "shop": null, "name": null }, "geometry": { "type": "Point", "coordinates": [ 77.6690972, 12.8551544 ] } },
{ "type": "Feature", "properties": { "shop": null, "name": null }, "geometry": { "type": "Point", "coordinates": [ 77.6690335, 12.8551629 ] } },
{ "type": "Feature", "properties": { "shop": null, "name": null }, "geometry": { "type": "Point", "coordinates": [ 77.6691106, 12.8552504 ] } },
{ "type": "Feature", "properties": { "shop": null, "name": null }, "geometry": { "type": "Point", "coordinates": [ 77.669047, 12.8552588 ] } },
{ "type": "Feature", "properties": { "shop": null, "name": null }, "geometry": { "type": "Point", "coordinates": [ 77.5993151, 12.864034 ] } },
{ "type": "Feature", "properties": { "shop": null, "name": null }, "geometry": { "type": "Point", "coordinates": [ 77.5991248, 12.8640431 ] } },
{ "type": "Feature", "properties": { "shop": null, "name": null }, "geometry": { "type": "Point", "coordinates": [ 77.5993214, 12.8641595 ] } },
{ "type": "Feature", "properties": { "shop": null, "name": null }, "geometry": { "type": "Point", "coordinates": [ 77.5991311, 12.8641686 ] } },
{ "type": "Feature", "properties": { "shop": null, "name": null }, "geometry": { "type": "Point", "coordinates": [ 77.6072944, 12.8831469 ] } },
{ "type": "Feature", "properties": { "shop": null, "name": null }, "geometry": { "type": "Point", "coordinates": [ 77.6073189, 12.8832884 ] } },
{ "type": "Feature", "properties": { "shop": null, "name": null }, "geometry": { "type": "Point", "coordinates": [ 77.6074168, 12.8832821 ] } },
{ "type": "Feature", "properties": { "shop": null, "name": null }, "geometry": { "type": "Point", "coordinates": [ 77.6073988, 12.8831246 ] } },
{ "type": "Feature", "properties": { "shop": null, "name": null }, "geometry": { "type": "Point", "coordinates": [ 77.6106794, 12.8766805 ] } },
{ "type": "Feature", "properties": { "shop": null, "name": null }, "geometry": { "type": "Point", "coordinates": [ 77.6106808, 12.875849 ] } },
{ "type": "Feature", "properties": { "shop": null, "name": null }, "geometry": { "type": "Point", "coordinates": [ 77.6102221, 12.8758621 ] } },
{ "type": "Feature", "properties": { "shop": null, "name": null }, "geometry": { "type": "Point", "coordinates": [ 77.6101872, 12.876738 ] } },
{ "type": "Feature", "properties": { "shop": null, "name": null }, "geometry": { "type": "Point", "coordinates": [ 77.6469116, 12.8743443 ] } },
{ "type": "Feature", "properties": { "shop": null, "name": null }, "geometry": { "type": "Point", "coordinates": [ 77.6367242, 12.8789035 ] } },
{ "type": "Feature", "properties": { "shop": null, "name": null }, "geometry": { "type": "Point", "coordinates": [ 77.6366639, 12.8785801 ] } },
{ "type": "Feature", "properties": { "shop": null, "name": null }, "geometry": { "type": "Point", "coordinates": [ 77.6369161, 12.878547 ] } },
{ "type": "Feature", "properties": { "shop": null, "name": null }, "geometry": { "type": "Point", "coordinates": [ 77.6369584, 12.8788731 ] } },
{ "type": "Feature", "properties": { "shop": null, "name": null }, "geometry": { "type": "Point", "coordinates": [ 77.6470434, 12.8797072 ] } },
{ "type": "Feature", "properties": { "shop": null, "name": null }, "geometry": { "type": "Point", "coordinates": [ 77.6468687, 12.8746031 ] } },
{ "type": "Feature", "properties": { "shop": null, "name": null }, "geometry": { "type": "Point", "coordinates": [ 77.6463233, 12.8803464 ] } },
{ "type": "Feature", "properties": { "shop": null, "name": null }, "geometry": { "type": "Point", "coordinates": [ 77.6457265, 12.8805608 ] } },
{ "type": "Feature", "properties": { "shop": null, "name": null }, "geometry": { "type": "Point", "coordinates": [ 77.645638, 12.8804039 ] } },
{ "type": "Feature", "properties": { "shop": null, "name": null }, "geometry": { "type": "Point", "coordinates": [ 77.6458448, 12.8800582 ] } },
{ "type": "Feature", "properties": { "shop": null, "name": null }, "geometry": { "type": "Point", "coordinates": [ 77.5972433, 12.8907853 ] } },
{ "type": "Feature", "properties": { "shop": null, "name": null }, "geometry": { "type": "Point", "coordinates": [ 77.5973065, 12.8911247 ] } },
{ "type": "Feature", "properties": { "shop": null, "name": null }, "geometry": { "type": "Point", "coordinates": [ 77.5981486, 12.8909715 ] } },
{ "type": "Feature", "properties": { "shop": null, "name": null }, "geometry": { "type": "Point", "coordinates": [ 77.5980017, 12.8906376 ] } },
{ "type": "Feature", "properties": { "shop": null, "name": null }, "geometry": { "type": "Point", "coordinates": [ 77.5981537, 12.8909975 ] } },
{ "type": "Feature", "properties": { "shop": null, "name": null }, "geometry": { "type": "Point", "coordinates": [ 77.6021765, 12.9038092 ] } },
{ "type": "Feature", "properties": { "shop": null, "name": null }, "geometry": { "type": "Point", "coordinates": [ 77.6021255, 12.9035243 ] } },
{ "type": "Feature", "properties": { "shop": null, "name": null }, "geometry": { "type": "Point", "coordinates": [ 77.6021175, 12.9034877 ] } },
{ "type": "Feature", "properties": { "shop": null, "name": null }, "geometry": { "type": "Point", "coordinates": [ 77.6022489, 12.903472 ] } },
{ "type": "Feature", "properties": { "shop": null, "name": null }, "geometry": { "type": "Point", "coordinates": [ 77.6022891, 12.9037935 ] } },
{ "type": "Feature", "properties": { "shop": null, "name": null }, "geometry": { "type": "Point", "coordinates": [ 77.6365311, 12.912622 ] } },
{ "type": "Feature", "properties": { "shop": null, "name": null }, "geometry": { "type": "Point", "coordinates": [ 77.6366934, 12.9126246 ] } },
{ "type": "Feature", "properties": { "shop": null, "name": null }, "geometry": { "type": "Point", "coordinates": [ 77.6366961, 12.9124691 ] } },
{ "type": "Feature", "properties": { "shop": null, "name": null }, "geometry": { "type": "Point", "coordinates": [ 77.6365338, 12.9124664 ] } },
{ "type": "Feature", "properties": { "shop": null, "name": null }, "geometry": { "type": "Point", "coordinates": [ 77.6471074, 12.8744018 ] } },
{ "type": "Feature", "properties": { "shop": null, "name": null }, "geometry": { "type": "Point", "coordinates": [ 77.6470564, 12.8746293 ] } },
{ "type": "Feature", "properties": { "shop": null, "name": null }, "geometry": { "type": "Point", "coordinates": [ 77.6470685, 12.8797029 ] } },
{ "type": "Feature", "properties": { "shop": null, "name": null }, "geometry": { "type": "Point", "coordinates": [ 77.6471628, 12.880115 ] } },
{ "type": "Feature", "properties": { "shop": null, "name": null }, "geometry": { "type": "Point", "coordinates": [ 77.6591017, 12.8997816 ] } },
{ "type": "Feature", "properties": { "shop": null, "name": null }, "geometry": { "type": "Point", "coordinates": [ 77.6592328, 12.899751 ] } },
{ "type": "Feature", "properties": { "shop": null, "name": null }, "geometry": { "type": "Point", "coordinates": [ 77.6592022, 12.8996855 ] } },
{ "type": "Feature", "properties": { "shop": null, "name": null }, "geometry": { "type": "Point", "coordinates": [ 77.6590755, 12.8997117 ] } },
{ "type": "Feature", "properties": { "shop": null, "name": null }, "geometry": { "type": "Point", "coordinates": [ 77.6760691, 12.9045717 ] } },
{ "type": "Feature", "properties": { "shop": null, "name": null }, "geometry": { "type": "Point", "coordinates": [ 77.6761609, 12.9045558 ] } },
{ "type": "Feature", "properties": { "shop": null, "name": null }, "geometry": { "type": "Point", "coordinates": [ 77.6761886, 12.9047075 ] } },
{ "type": "Feature", "properties": { "shop": null, "name": null }, "geometry": { "type": "Point", "coordinates": [ 77.6760968, 12.9047234 ] } },
{ "type": "Feature", "properties": { "shop": null, "name": null }, "geometry": { "type": "Point", "coordinates": [ 77.6781777, 12.9136277 ] } },
{ "type": "Feature", "properties": { "shop": null, "name": null }, "geometry": { "type": "Point", "coordinates": [ 77.6784486, 12.9135055 ] } },
{ "type": "Feature", "properties": { "shop": null, "name": null }, "geometry": { "type": "Point", "coordinates": [ 77.6784495, 12.9134442 ] } },
{ "type": "Feature", "properties": { "shop": null, "name": null }, "geometry": { "type": "Point", "coordinates": [ 77.6781541, 12.9134931 ] } },
{ "type": "Feature", "properties": { "shop": null, "name": null }, "geometry": { "type": "Point", "coordinates": [ 77.6903922, 12.9067172 ] } },
{ "type": "Feature", "properties": { "shop": null, "name": null }, "geometry": { "type": "Point", "coordinates": [ 77.6905619, 12.9067342 ] } },
{ "type": "Feature", "properties": { "shop": null, "name": null }, "geometry": { "type": "Point", "coordinates": [ 77.6905653, 12.9065604 ] } },
{ "type": "Feature", "properties": { "shop": null, "name": null }, "geometry": { "type": "Point", "coordinates": [ 77.6904398, 12.9065597 ] } },
{ "type": "Feature", "properties": { "shop": null, "name": null }, "geometry": { "type": "Point", "coordinates": [ 77.7034117, 12.8314694 ] } },
{ "type": "Feature", "properties": { "shop": null, "name": null }, "geometry": { "type": "Point", "coordinates": [ 77.7032489, 12.8307341 ] } },
{ "type": "Feature", "properties": { "shop": null, "name": null }, "geometry": { "type": "Point", "coordinates": [ 77.7034719, 12.8306273 ] } },
{ "type": "Feature", "properties": { "shop": null, "name": null }, "geometry": { "type": "Point", "coordinates": [ 77.703649, 12.8314258 ] } },
{ "type": "Feature", "properties": { "shop": null, "name": null }, "geometry": { "type": "Point", "coordinates": [ 77.7774113, 12.8611744 ] } },
{ "type": "Feature", "properties": { "shop": null, "name": null }, "geometry": { "type": "Point", "coordinates": [ 77.7772482, 12.8612175 ] } },
{ "type": "Feature", "properties": { "shop": null, "name": null }, "geometry": { "type": "Point", "coordinates": [ 77.7780733, 12.8609475 ] } },
{ "type": "Feature", "properties": { "shop": null, "name": null }, "geometry": { "type": "Point", "coordinates": [ 77.7780155, 12.8609533 ] } },
{ "type": "Feature", "properties": { "shop": null, "name": null }, "geometry": { "type": "Point", "coordinates": [ 77.7781025, 12.8609446 ] } },
{ "type": "Feature", "properties": { "shop": null, "name": null }, "geometry": { "type": "Point", "coordinates": [ 77.7772568, 12.8612484 ] } },
{ "type": "Feature", "properties": { "shop": null, "name": null }, "geometry": { "type": "Point", "coordinates": [ 77.7781388, 12.8609409 ] } },
{ "type": "Feature", "properties": { "shop": null, "name": null }, "geometry": { "type": "Point", "coordinates": [ 77.7784942, 12.8609016 ] } },
{ "type": "Feature", "properties": { "shop": null, "name": null }, "geometry": { "type": "Point", "coordinates": [ 77.7786011, 12.860892 ] } },
{ "type": "Feature", "properties": { "shop": null, "name": null }, "geometry": { "type": "Point", "coordinates": [ 77.7786151, 12.8610723 ] } },
{ "type": "Feature", "properties": { "shop": null, "name": null }, "geometry": { "type": "Point", "coordinates": [ 77.7785667, 12.8608946 ] } },
{ "type": "Feature", "properties": { "shop": null, "name": null }, "geometry": { "type": "Point", "coordinates": [ 77.7358835, 12.8873847 ] } },
{ "type": "Feature", "properties": { "shop": null, "name": null }, "geometry": { "type": "Point", "coordinates": [ 77.7359881, 12.8873716 ] } },
{ "type": "Feature", "properties": { "shop": null, "name": null }, "geometry": { "type": "Point", "coordinates": [ 77.7359774, 12.8873062 ] } },
{ "type": "Feature", "properties": { "shop": null, "name": null }, "geometry": { "type": "Point", "coordinates": [ 77.7358795, 12.8873206 ] } },
{ "type": "Feature", "properties": { "shop": null, "name": null }, "geometry": { "type": "Point", "coordinates": [ 77.7438996, 12.8858161 ] } },
{ "type": "Feature", "properties": { "shop": null, "name": null }, "geometry": { "type": "Point", "coordinates": [ 77.7440553, 12.8857658 ] } },
{ "type": "Feature", "properties": { "shop": null, "name": null }, "geometry": { "type": "Point", "coordinates": [ 77.7439447, 12.885441 ] } },
{ "type": "Feature", "properties": { "shop": null, "name": null }, "geometry": { "type": "Point", "coordinates": [ 77.7437891, 12.8854913 ] } },
{ "type": "Feature", "properties": { "shop": null, "name": null }, "geometry": { "type": "Point", "coordinates": [ 77.704945, 12.9037899 ] } },
{ "type": "Feature", "properties": { "shop": null, "name": null }, "geometry": { "type": "Point", "coordinates": [ 77.7044742, 12.9040053 ] } },
{ "type": "Feature", "properties": { "shop": null, "name": null }, "geometry": { "type": "Point", "coordinates": [ 77.7046, 12.9042664 ] } },
{ "type": "Feature", "properties": { "shop": null, "name": null }, "geometry": { "type": "Point", "coordinates": [ 77.7050708, 12.9040509 ] } },
{ "type": "Feature", "properties": { "shop": null, "name": null }, "geometry": { "type": "Point", "coordinates": [ 77.7053422, 12.9081166 ] } },
{ "type": "Feature", "properties": { "shop": null, "name": null }, "geometry": { "type": "Point", "coordinates": [ 77.705437, 12.9080886 ] } },
{ "type": "Feature", "properties": { "shop": null, "name": null }, "geometry": { "type": "Point", "coordinates": [ 77.7054946, 12.908274 ] } },
{ "type": "Feature", "properties": { "shop": null, "name": null }, "geometry": { "type": "Point", "coordinates": [ 77.7053998, 12.908302 ] } },
{ "type": "Feature", "properties": { "shop": null, "name": null }, "geometry": { "type": "Point", "coordinates": [ 77.7775388, 12.8616325 ] } },
{ "type": "Feature", "properties": { "shop": null, "name": null }, "geometry": { "type": "Point", "coordinates": [ 77.7773758, 12.8616757 ] } },
{ "type": "Feature", "properties": { "shop": null, "name": null }, "geometry": { "type": "Point", "coordinates": [ 77.7780824, 12.8615842 ] } },
{ "type": "Feature", "properties": { "shop": null, "name": null }, "geometry": { "type": "Point", "coordinates": [ 77.7613706, 12.8787992 ] } },
{ "type": "Feature", "properties": { "shop": null, "name": null }, "geometry": { "type": "Point", "coordinates": [ 77.7612316, 12.8788778 ] } },
{ "type": "Feature", "properties": { "shop": null, "name": null }, "geometry": { "type": "Point", "coordinates": [ 77.7614024, 12.8791652 ] } },
{ "type": "Feature", "properties": { "shop": null, "name": null }, "geometry": { "type": "Point", "coordinates": [ 77.7615414, 12.8790867 ] } },
{ "type": "Feature", "properties": { "shop": null, "name": null }, "geometry": { "type": "Point", "coordinates": [ 77.7786446, 12.8614889 ] } },
{ "type": "Feature", "properties": { "shop": null, "name": null }, "geometry": { "type": "Point", "coordinates": [ 77.7786431, 12.8614693 ] } },
{ "type": "Feature", "properties": { "shop": null, "name": null }, "geometry": { "type": "Point", "coordinates": [ 77.6120719, 12.9231775 ] } },
{ "type": "Feature", "properties": { "shop": null, "name": null }, "geometry": { "type": "Point", "coordinates": [ 77.6123107, 12.9230841 ] } },
{ "type": "Feature", "properties": { "shop": null, "name": null }, "geometry": { "type": "Point", "coordinates": [ 77.6124074, 12.9233188 ] } },
{ "type": "Feature", "properties": { "shop": null, "name": null }, "geometry": { "type": "Point", "coordinates": [ 77.6121687, 12.9234123 ] } },
{ "type": "Feature", "properties": { "shop": null, "name": null }, "geometry": { "type": "Point", "coordinates": [ 77.6007306, 12.9303845 ] } },
{ "type": "Feature", "properties": { "shop": null, "name": null }, "geometry": { "type": "Point", "coordinates": [ 77.6008171, 12.929933 ] } },
{ "type": "Feature", "properties": { "shop": null, "name": null }, "geometry": { "type": "Point", "coordinates": [ 77.6008202, 12.9300991 ] } },
{ "type": "Feature", "properties": { "shop": null, "name": null }, "geometry": { "type": "Point", "coordinates": [ 77.6007221, 12.9302173 ] } },
{ "type": "Feature", "properties": { "shop": null, "name": null }, "geometry": { "type": "Point", "coordinates": [ 77.6017001, 12.9298573 ] } },
{ "type": "Feature", "properties": { "shop": null, "name": null }, "geometry": { "type": "Point", "coordinates": [ 77.6018146, 12.9301631 ] } },
{ "type": "Feature", "properties": { "shop": null, "name": null }, "geometry": { "type": "Point", "coordinates": [ 77.6384304, 12.9152858 ] } },
{ "type": "Feature", "properties": { "shop": null, "name": null }, "geometry": { "type": "Point", "coordinates": [ 77.6385282, 12.9152862 ] } },
{ "type": "Feature", "properties": { "shop": null, "name": null }, "geometry": { "type": "Point", "coordinates": [ 77.6385285, 12.9152137 ] } },
{ "type": "Feature", "properties": { "shop": null, "name": null }, "geometry": { "type": "Point", "coordinates": [ 77.6384307, 12.9152133 ] } },
{ "type": "Feature", "properties": { "shop": null, "name": null }, "geometry": { "type": "Point", "coordinates": [ 77.6332259, 12.9270853 ] } },
{ "type": "Feature", "properties": { "shop": null, "name": null }, "geometry": { "type": "Point", "coordinates": [ 77.6328315, 12.9270597 ] } },
{ "type": "Feature", "properties": { "shop": null, "name": null }, "geometry": { "type": "Point", "coordinates": [ 77.6328175, 12.927265 ] } },
{ "type": "Feature", "properties": { "shop": null, "name": null }, "geometry": { "type": "Point", "coordinates": [ 77.6332119, 12.9272906 ] } },
{ "type": "Feature", "properties": { "shop": null, "name": null }, "geometry": { "type": "Point", "coordinates": [ 77.6345363, 12.9322967 ] } },
{ "type": "Feature", "properties": { "shop": null, "name": null }, "geometry": { "type": "Point", "coordinates": [ 77.6347941, 12.9321679 ] } },
{ "type": "Feature", "properties": { "shop": null, "name": null }, "geometry": { "type": "Point", "coordinates": [ 77.6347093, 12.9320067 ] } },
{ "type": "Feature", "properties": { "shop": null, "name": null }, "geometry": { "type": "Point", "coordinates": [ 77.6344515, 12.9321355 ] } },
{ "type": "Feature", "properties": { "shop": null, "name": null }, "geometry": { "type": "Point", "coordinates": [ 77.6199578, 12.9403092 ] } },
{ "type": "Feature", "properties": { "shop": null, "name": null }, "geometry": { "type": "Point", "coordinates": [ 77.6197926, 12.9404128 ] } },
{ "type": "Feature", "properties": { "shop": null, "name": null }, "geometry": { "type": "Point", "coordinates": [ 77.6200301, 12.9404188 ] } },
{ "type": "Feature", "properties": { "shop": null, "name": null }, "geometry": { "type": "Point", "coordinates": [ 77.6198649, 12.9405223 ] } },
{ "type": "Feature", "properties": { "shop": null, "name": null }, "geometry": { "type": "Point", "coordinates": [ 77.6031979, 12.9629141 ] } },
{ "type": "Feature", "properties": { "shop": null, "name": null }, "geometry": { "type": "Point", "coordinates": [ 77.6030494, 12.9629399 ] } },
{ "type": "Feature", "properties": { "shop": null, "name": null }, "geometry": { "type": "Point", "coordinates": [ 77.603239, 12.9631386 ] } },
{ "type": "Feature", "properties": { "shop": null, "name": null }, "geometry": { "type": "Point", "coordinates": [ 77.6030906, 12.9631645 ] } },
{ "type": "Feature", "properties": { "shop": null, "name": null }, "geometry": { "type": "Point", "coordinates": [ 77.651251, 12.920004 ] } },
{ "type": "Feature", "properties": { "shop": null, "name": null }, "geometry": { "type": "Point", "coordinates": [ 77.6514435, 12.9200089 ] } },
{ "type": "Feature", "properties": { "shop": null, "name": null }, "geometry": { "type": "Point", "coordinates": [ 77.6512492, 12.9200716 ] } },
{ "type": "Feature", "properties": { "shop": null, "name": null }, "geometry": { "type": "Point", "coordinates": [ 77.6514417, 12.9200765 ] } },
{ "type": "Feature", "properties": { "shop": null, "name": null }, "geometry": { "type": "Point", "coordinates": [ 77.6965614, 12.9203451 ] } },
{ "type": "Feature", "properties": { "shop": null, "name": null }, "geometry": { "type": "Point", "coordinates": [ 77.6970114, 12.9201091 ] } },
{ "type": "Feature", "properties": { "shop": null, "name": null }, "geometry": { "type": "Point", "coordinates": [ 77.6966743, 12.9201474 ] } },
{ "type": "Feature", "properties": { "shop": null, "name": null }, "geometry": { "type": "Point", "coordinates": [ 77.6967087, 12.9205126 ] } },
{ "type": "Feature", "properties": { "shop": null, "name": null }, "geometry": { "type": "Point", "coordinates": [ 77.6969754, 12.9204855 ] } },
{ "type": "Feature", "properties": { "shop": null, "name": null }, "geometry": { "type": "Point", "coordinates": [ 77.6956486, 12.9412027 ] } },
{ "type": "Feature", "properties": { "shop": null, "name": null }, "geometry": { "type": "Point", "coordinates": [ 77.6957351, 12.9411824 ] } },
{ "type": "Feature", "properties": { "shop": null, "name": null }, "geometry": { "type": "Point", "coordinates": [ 77.6957463, 12.9412279 ] } },
{ "type": "Feature", "properties": { "shop": null, "name": null }, "geometry": { "type": "Point", "coordinates": [ 77.6956598, 12.9412482 ] } },
{ "type": "Feature", "properties": { "shop": null, "name": null }, "geometry": { "type": "Point", "coordinates": [ 77.6332443, 12.9786286 ] } },
{ "type": "Feature", "properties": { "shop": null, "name": null }, "geometry": { "type": "Point", "coordinates": [ 77.6332836, 12.9786294 ] } },
{ "type": "Feature", "properties": { "shop": null, "name": null }, "geometry": { "type": "Point", "coordinates": [ 77.6333116, 12.978648 ] } },
{ "type": "Feature", "properties": { "shop": null, "name": null }, "geometry": { "type": "Point", "coordinates": [ 77.6333478, 12.9786488 ] } },
{ "type": "Feature", "properties": { "shop": null, "name": null }, "geometry": { "type": "Point", "coordinates": [ 77.6332435, 12.9786666 ] } },
{ "type": "Feature", "properties": { "shop": null, "name": null }, "geometry": { "type": "Point", "coordinates": [ 77.6332828, 12.9786675 ] } },
{ "type": "Feature", "properties": { "shop": null, "name": null }, "geometry": { "type": "Point", "coordinates": [ 77.6333111, 12.9786733 ] } },
{ "type": "Feature", "properties": { "shop": null, "name": null }, "geometry": { "type": "Point", "coordinates": [ 77.6333472, 12.9786741 ] } },
{ "type": "Feature", "properties": { "shop": null, "name": null }, "geometry": { "type": "Point", "coordinates": [ 77.637746, 12.9806301 ] } },
{ "type": "Feature", "properties": { "shop": null, "name": null }, "geometry": { "type": "Point", "coordinates": [ 77.6377897, 12.9806301 ] } },
{ "type": "Feature", "properties": { "shop": null, "name": null }, "geometry": { "type": "Point", "coordinates": [ 77.637746, 12.9806948 ] } },
{ "type": "Feature", "properties": { "shop": null, "name": null }, "geometry": { "type": "Point", "coordinates": [ 77.6377897, 12.9806948 ] } },
{ "type": "Feature", "properties": { "shop": null, "name": null }, "geometry": { "type": "Point", "coordinates": [ 77.6400242, 12.9808422 ] } },
{ "type": "Feature", "properties": { "shop": null, "name": null }, "geometry": { "type": "Point", "coordinates": [ 77.6399638, 12.9808417 ] } },
{ "type": "Feature", "properties": { "shop": null, "name": null }, "geometry": { "type": "Point", "coordinates": [ 77.6400234, 12.9809262 ] } },
{ "type": "Feature", "properties": { "shop": null, "name": null }, "geometry": { "type": "Point", "coordinates": [ 77.639963, 12.9809257 ] } },
{ "type": "Feature", "properties": { "shop": null, "name": null }, "geometry": { "type": "Point", "coordinates": [ 77.640048, 12.9809573 ] } },
{ "type": "Feature", "properties": { "shop": null, "name": null }, "geometry": { "type": "Point", "coordinates": [ 77.6400031, 12.9809567 ] } },
{ "type": "Feature", "properties": { "shop": null, "name": null }, "geometry": { "type": "Point", "coordinates": [ 77.6400472, 12.9810161 ] } },
{ "type": "Feature", "properties": { "shop": null, "name": null }, "geometry": { "type": "Point", "coordinates": [ 77.6400022, 12.9810155 ] } },
{ "type": "Feature", "properties": { "shop": null, "name": null }, "geometry": { "type": "Point", "coordinates": [ 77.6107086, 12.9945695 ] } },
{ "type": "Feature", "properties": { "shop": null, "name": null }, "geometry": { "type": "Point", "coordinates": [ 77.6105399, 12.9946639 ] } },
{ "type": "Feature", "properties": { "shop": null, "name": null }, "geometry": { "type": "Point", "coordinates": [ 77.6107732, 12.9946792 ] } },
{ "type": "Feature", "properties": { "shop": null, "name": null }, "geometry": { "type": "Point", "coordinates": [ 77.6106045, 12.9947735 ] } },
{ "type": "Feature", "properties": { "shop": null, "name": null }, "geometry": { "type": "Point", "coordinates": [ 77.6229168, 13.0038625 ] } },
{ "type": "Feature", "properties": { "shop": null, "name": null }, "geometry": { "type": "Point", "coordinates": [ 77.6229566, 13.0039414 ] } },
{ "type": "Feature", "properties": { "shop": null, "name": null }, "geometry": { "type": "Point", "coordinates": [ 77.6228609, 13.0038892 ] } },
{ "type": "Feature", "properties": { "shop": null, "name": null }, "geometry": { "type": "Point", "coordinates": [ 77.6229006, 13.0039682 ] } },
{ "type": "Feature", "properties": { "shop": null, "name": null }, "geometry": { "type": "Point", "coordinates": [ 77.6235097, 13.0054895 ] } },
{ "type": "Feature", "properties": { "shop": null, "name": null }, "geometry": { "type": "Point", "coordinates": [ 77.6236009, 13.0054477 ] } },
{ "type": "Feature", "properties": { "shop": null, "name": null }, "geometry": { "type": "Point", "coordinates": [ 77.6236365, 13.0055214 ] } },
{ "type": "Feature", "properties": { "shop": null, "name": null }, "geometry": { "type": "Point", "coordinates": [ 77.6235453, 13.0055633 ] } },
{ "type": "Feature", "properties": { "shop": null, "name": null }, "geometry": { "type": "Point", "coordinates": [ 77.6545118, 12.9702981 ] } },
{ "type": "Feature", "properties": { "shop": null, "name": null }, "geometry": { "type": "Point", "coordinates": [ 77.6543469, 12.9703013 ] } },
{ "type": "Feature", "properties": { "shop": null, "name": null }, "geometry": { "type": "Point", "coordinates": [ 77.6545141, 12.9704065 ] } },
{ "type": "Feature", "properties": { "shop": null, "name": null }, "geometry": { "type": "Point", "coordinates": [ 77.6543491, 12.9704098 ] } },
{ "type": "Feature", "properties": { "shop": null, "name": null }, "geometry": { "type": "Point", "coordinates": [ 77.6683397, 12.9915879 ] } },
{ "type": "Feature", "properties": { "shop": null, "name": null }, "geometry": { "type": "Point", "coordinates": [ 77.668414, 12.9916259 ] } },
{ "type": "Feature", "properties": { "shop": null, "name": null }, "geometry": { "type": "Point", "coordinates": [ 77.6684091, 12.9914589 ] } },
{ "type": "Feature", "properties": { "shop": null, "name": null }, "geometry": { "type": "Point", "coordinates": [ 77.6684835, 12.9914969 ] } },
{ "type": "Feature", "properties": { "shop": null, "name": null }, "geometry": { "type": "Point", "coordinates": [ 77.682222, 12.9712889 ] } },
{ "type": "Feature", "properties": { "shop": null, "name": null }, "geometry": { "type": "Point", "coordinates": [ 77.6822786, 12.9712879 ] } },
{ "type": "Feature", "properties": { "shop": null, "name": null }, "geometry": { "type": "Point", "coordinates": [ 77.6822769, 12.9711974 ] } },
{ "type": "Feature", "properties": { "shop": null, "name": null }, "geometry": { "type": "Point", "coordinates": [ 77.6822204, 12.9711984 ] } },
{ "type": "Feature", "properties": { "shop": null, "name": null }, "geometry": { "type": "Point", "coordinates": [ 77.6800894, 12.9920657 ] } },
{ "type": "Feature", "properties": { "shop": null, "name": null }, "geometry": { "type": "Point", "coordinates": [ 77.6802289, 12.9920354 ] } },
{ "type": "Feature", "properties": { "shop": null, "name": null }, "geometry": { "type": "Point", "coordinates": [ 77.6802524, 12.9921379 ] } },
{ "type": "Feature", "properties": { "shop": null, "name": null }, "geometry": { "type": "Point", "coordinates": [ 77.6801128, 12.9921682 ] } },
{ "type": "Feature", "properties": { "shop": null, "name": null }, "geometry": { "type": "Point", "coordinates": [ 77.6477002, 13.012859 ] } },
{ "type": "Feature", "properties": { "shop": null, "name": null }, "geometry": { "type": "Point", "coordinates": [ 77.6474333, 13.012893 ] } },
{ "type": "Feature", "properties": { "shop": null, "name": null }, "geometry": { "type": "Point", "coordinates": [ 77.6477247, 13.0130421 ] } },
{ "type": "Feature", "properties": { "shop": null, "name": null }, "geometry": { "type": "Point", "coordinates": [ 77.6474579, 13.013076 ] } },
{ "type": "Feature", "properties": { "shop": null, "name": null }, "geometry": { "type": "Point", "coordinates": [ 77.6588807, 13.0167814 ] } },
{ "type": "Feature", "properties": { "shop": null, "name": null }, "geometry": { "type": "Point", "coordinates": [ 77.6590128, 13.0172475 ] } },
{ "type": "Feature", "properties": { "shop": null, "name": null }, "geometry": { "type": "Point", "coordinates": [ 77.6590993, 13.0167226 ] } },
{ "type": "Feature", "properties": { "shop": null, "name": null }, "geometry": { "type": "Point", "coordinates": [ 77.6592314, 13.0171887 ] } },
{ "type": "Feature", "properties": { "shop": null, "name": null }, "geometry": { "type": "Point", "coordinates": [ 77.7109245, 12.9457581 ] } },
{ "type": "Feature", "properties": { "shop": null, "name": null }, "geometry": { "type": "Point", "coordinates": [ 77.7110385, 12.945732 ] } },
{ "type": "Feature", "properties": { "shop": null, "name": null }, "geometry": { "type": "Point", "coordinates": [ 77.7110224, 12.9456797 ] } },
{ "type": "Feature", "properties": { "shop": null, "name": null }, "geometry": { "type": "Point", "coordinates": [ 77.7109152, 12.9457084 ] } },
{ "type": "Feature", "properties": { "shop": null, "name": null }, "geometry": { "type": "Point", "coordinates": [ 77.7105342, 12.9465573 ] } },
{ "type": "Feature", "properties": { "shop": null, "name": null }, "geometry": { "type": "Point", "coordinates": [ 77.7107761, 12.946501 ] } },
{ "type": "Feature", "properties": { "shop": null, "name": null }, "geometry": { "type": "Point", "coordinates": [ 77.7105618, 12.9467012 ] } },
{ "type": "Feature", "properties": { "shop": null, "name": null }, "geometry": { "type": "Point", "coordinates": [ 77.7108065, 12.9466556 ] } },
{ "type": "Feature", "properties": { "shop": null, "name": null }, "geometry": { "type": "Point", "coordinates": [ 77.71532, 12.964643 ] } },
{ "type": "Feature", "properties": { "shop": null, "name": null }, "geometry": { "type": "Point", "coordinates": [ 77.7154381, 12.9646651 ] } },
{ "type": "Feature", "properties": { "shop": null, "name": null }, "geometry": { "type": "Point", "coordinates": [ 77.7152837, 12.9648285 ] } },
{ "type": "Feature", "properties": { "shop": null, "name": null }, "geometry": { "type": "Point", "coordinates": [ 77.7154018, 12.9648505 ] } },
{ "type": "Feature", "properties": { "shop": null, "name": null }, "geometry": { "type": "Point", "coordinates": [ 77.7315656, 12.9567881 ] } },
{ "type": "Feature", "properties": { "shop": null, "name": null }, "geometry": { "type": "Point", "coordinates": [ 77.7314758, 12.9567863 ] } },
{ "type": "Feature", "properties": { "shop": null, "name": null }, "geometry": { "type": "Point", "coordinates": [ 77.7314794, 12.9566073 ] } },
{ "type": "Feature", "properties": { "shop": null, "name": null }, "geometry": { "type": "Point", "coordinates": [ 77.7315692, 12.956609 ] } },
{ "type": "Feature", "properties": { "shop": null, "name": null }, "geometry": { "type": "Point", "coordinates": [ 77.7288886, 12.9551259 ] } },
{ "type": "Feature", "properties": { "shop": null, "name": null }, "geometry": { "type": "Point", "coordinates": [ 77.7284757, 12.9558806 ] } },
{ "type": "Feature", "properties": { "shop": null, "name": null }, "geometry": { "type": "Point", "coordinates": [ 77.7284436, 12.9551864 ] } },
{ "type": "Feature", "properties": { "shop": null, "name": null }, "geometry": { "type": "Point", "coordinates": [ 77.728953, 12.9559205 ] } },
{ "type": "Feature", "properties": { "shop": null, "name": null }, "geometry": { "type": "Point", "coordinates": [ 77.7284573, 12.9552628 ] } },
{ "type": "Feature", "properties": { "shop": null, "name": null }, "geometry": { "type": "Point", "coordinates": [ 77.7288961, 12.9551812 ] } },
{ "type": "Feature", "properties": { "shop": null, "name": null }, "geometry": { "type": "Point", "coordinates": [ 77.7284521, 12.9552337 ] } },
{ "type": "Feature", "properties": { "shop": null, "name": null }, "geometry": { "type": "Point", "coordinates": [ 77.7284625, 12.9551838 ] } },
{ "type": "Feature", "properties": { "shop": null, "name": null }, "geometry": { "type": "Point", "coordinates": [ 77.7102065, 12.989481 ] } },
{ "type": "Feature", "properties": { "shop": null, "name": null }, "geometry": { "type": "Point", "coordinates": [ 77.7101597, 12.9884935 ] } },
{ "type": "Feature", "properties": { "shop": null, "name": null }, "geometry": { "type": "Point", "coordinates": [ 77.7098778, 12.9885062 ] } },
{ "type": "Feature", "properties": { "shop": null, "name": null }, "geometry": { "type": "Point", "coordinates": [ 77.7099249, 12.9894937 ] } },
{ "type": "Feature", "properties": { "shop": null, "name": null }, "geometry": { "type": "Point", "coordinates": [ 77.7357382, 12.9700078 ] } },
{ "type": "Feature", "properties": { "shop": null, "name": null }, "geometry": { "type": "Point", "coordinates": [ 77.7354586, 12.9698392 ] } },
{ "type": "Feature", "properties": { "shop": null, "name": null }, "geometry": { "type": "Point", "coordinates": [ 77.735629, 12.9697661 ] } },
{ "type": "Feature", "properties": { "shop": null, "name": null }, "geometry": { "type": "Point", "coordinates": [ 77.7355677, 12.9700809 ] } },
{ "type": "Feature", "properties": { "shop": null, "name": null }, "geometry": { "type": "Point", "coordinates": [ 77.7415343, 12.9692951 ] } },
{ "type": "Feature", "properties": { "shop": null, "name": null }, "geometry": { "type": "Point", "coordinates": [ 77.7417531, 12.9693203 ] } },
{ "type": "Feature", "properties": { "shop": null, "name": null }, "geometry": { "type": "Point", "coordinates": [ 77.7415628, 12.9690424 ] } },
{ "type": "Feature", "properties": { "shop": null, "name": null }, "geometry": { "type": "Point", "coordinates": [ 77.7417606, 12.9690484 ] } },
{ "type": "Feature", "properties": { "shop": null, "name": null }, "geometry": { "type": "Point", "coordinates": [ 77.7502366, 12.9708951 ] } },
{ "type": "Feature", "properties": { "shop": null, "name": null }, "geometry": { "type": "Point", "coordinates": [ 77.7504672, 12.9707654 ] } },
{ "type": "Feature", "properties": { "shop": null, "name": null }, "geometry": { "type": "Point", "coordinates": [ 77.7502237, 12.9707953 ] } },
{ "type": "Feature", "properties": { "shop": null, "name": null }, "geometry": { "type": "Point", "coordinates": [ 77.75048, 12.9708652 ] } },
{ "type": "Feature", "properties": { "shop": null, "name": null }, "geometry": { "type": "Point", "coordinates": [ 77.7502627, 12.9688895 ] } },
{ "type": "Feature", "properties": { "shop": null, "name": null }, "geometry": { "type": "Point", "coordinates": [ 77.7499548, 12.9687795 ] } },
{ "type": "Feature", "properties": { "shop": null, "name": null }, "geometry": { "type": "Point", "coordinates": [ 77.7502403, 12.9687391 ] } },
{ "type": "Feature", "properties": { "shop": null, "name": null }, "geometry": { "type": "Point", "coordinates": [ 77.7499772, 12.9689299 ] } },
{ "type": "Feature", "properties": { "shop": null, "name": null }, "geometry": { "type": "Point", "coordinates": [ 77.7441495, 12.9837179 ] } },
{ "type": "Feature", "properties": { "shop": null, "name": null }, "geometry": { "type": "Point", "coordinates": [ 77.7439114, 12.9837778 ] } },
{ "type": "Feature", "properties": { "shop": null, "name": null }, "geometry": { "type": "Point", "coordinates": [ 77.7439545, 12.9839402 ] } },
{ "type": "Feature", "properties": { "shop": null, "name": null }, "geometry": { "type": "Point", "coordinates": [ 77.7441925, 12.9838803 ] } },
{ "type": "Feature", "properties": { "shop": null, "name": null }, "geometry": { "type": "Point", "coordinates": [ 77.7515323, 12.9801045 ] } },
{ "type": "Feature", "properties": { "shop": null, "name": null }, "geometry": { "type": "Point", "coordinates": [ 77.7512822, 12.9801513 ] } },
{ "type": "Feature", "properties": { "shop": null, "name": null }, "geometry": { "type": "Point", "coordinates": [ 77.7515053, 12.9799673 ] } },
{ "type": "Feature", "properties": { "shop": null, "name": null }, "geometry": { "type": "Point", "coordinates": [ 77.7512552, 12.9800141 ] } },
{ "type": "Feature", "properties": { "shop": null, "name": null }, "geometry": { "type": "Point", "coordinates": [ 77.7517882, 12.9823011 ] } },
{ "type": "Feature", "properties": { "shop": null, "name": null }, "geometry": { "type": "Point", "coordinates": [ 77.7518543, 12.9822921 ] } },
{ "type": "Feature", "properties": { "shop": null, "name": null }, "geometry": { "type": "Point", "coordinates": [ 77.7518737, 12.9824284 ] } },
{ "type": "Feature", "properties": { "shop": null, "name": null }, "geometry": { "type": "Point", "coordinates": [ 77.7518075, 12.9824374 ] } },
{ "type": "Feature", "properties": { "shop": null, "name": null }, "geometry": { "type": "Point", "coordinates": [ 77.7123691, 13.0043628 ] } },
{ "type": "Feature", "properties": { "shop": null, "name": null }, "geometry": { "type": "Point", "coordinates": [ 77.7124904, 13.0042599 ] } },
{ "type": "Feature", "properties": { "shop": null, "name": null }, "geometry": { "type": "Point", "coordinates": [ 77.7124794, 13.0043665 ] } },
{ "type": "Feature", "properties": { "shop": null, "name": null }, "geometry": { "type": "Point", "coordinates": [ 77.7123729, 13.0042559 ] } },
{ "type": "Feature", "properties": { "shop": null, "name": null }, "geometry": { "type": "Point", "coordinates": [ 77.7125745, 13.0042781 ] } },
{ "type": "Feature", "properties": { "shop": null, "name": null }, "geometry": { "type": "Point", "coordinates": [ 77.7125549, 13.0043007 ] } },
{ "type": "Feature", "properties": { "shop": null, "name": null }, "geometry": { "type": "Point", "coordinates": [ 77.7125438, 13.0043227 ] } },
{ "type": "Feature", "properties": { "shop": null, "name": null }, "geometry": { "type": "Point", "coordinates": [ 77.7125052, 13.0043571 ] } },
{ "type": "Feature", "properties": { "shop": null, "name": null }, "geometry": { "type": "Point", "coordinates": [ 77.7125604, 13.0042768 ] } },
{ "type": "Feature", "properties": { "shop": null, "name": null }, "geometry": { "type": "Point", "coordinates": [ 77.7125276, 13.0043415 ] } },
{ "type": "Feature", "properties": { "shop": null, "name": null }, "geometry": { "type": "Point", "coordinates": [ 77.7124924, 13.0042025 ] } },
{ "type": "Feature", "properties": { "shop": null, "name": null }, "geometry": { "type": "Point", "coordinates": [ 77.7125765, 13.0042054 ] } },
{ "type": "Feature", "properties": { "shop": null, "name": null }, "geometry": { "type": "Point", "coordinates": [ 77.7619422, 13.0177114 ] } },
{ "type": "Feature", "properties": { "shop": null, "name": null }, "geometry": { "type": "Point", "coordinates": [ 77.7617495, 13.0177195 ] } },
{ "type": "Feature", "properties": { "shop": null, "name": null }, "geometry": { "type": "Point", "coordinates": [ 77.7619464, 13.017807 ] } },
{ "type": "Feature", "properties": { "shop": null, "name": null }, "geometry": { "type": "Point", "coordinates": [ 77.7617537, 13.0178151 ] } },
{ "type": "Feature", "properties": { "shop": null, "name": null }, "geometry": { "type": "Point", "coordinates": [ 77.3765956, 13.0884528 ] } },
{ "type": "Feature", "properties": { "shop": null, "name": null }, "geometry": { "type": "Point", "coordinates": [ 77.3766595, 13.0885939 ] } },
{ "type": "Feature", "properties": { "shop": null, "name": null }, "geometry": { "type": "Point", "coordinates": [ 77.3765942, 13.088622 ] } },
{ "type": "Feature", "properties": { "shop": null, "name": null }, "geometry": { "type": "Point", "coordinates": [ 77.3765303, 13.0884809 ] } },
{ "type": "Feature", "properties": { "shop": null, "name": null }, "geometry": { "type": "Point", "coordinates": [ 77.5040122, 13.0335544 ] } },
{ "type": "Feature", "properties": { "shop": null, "name": null }, "geometry": { "type": "Point", "coordinates": [ 77.5039729, 13.033305 ] } },
{ "type": "Feature", "properties": { "shop": null, "name": null }, "geometry": { "type": "Point", "coordinates": [ 77.5037102, 13.0333443 ] } },
{ "type": "Feature", "properties": { "shop": null, "name": null }, "geometry": { "type": "Point", "coordinates": [ 77.5037496, 13.0335937 ] } },
{ "type": "Feature", "properties": { "shop": null, "name": null }, "geometry": { "type": "Point", "coordinates": [ 77.5073996, 13.0602055 ] } },
{ "type": "Feature", "properties": { "shop": null, "name": null }, "geometry": { "type": "Point", "coordinates": [ 77.5069866, 13.0601376 ] } },
{ "type": "Feature", "properties": { "shop": null, "name": null }, "geometry": { "type": "Point", "coordinates": [ 77.5075528, 13.0599434 ] } },
{ "type": "Feature", "properties": { "shop": null, "name": null }, "geometry": { "type": "Point", "coordinates": [ 77.5070197, 13.0598634 ] } },
{ "type": "Feature", "properties": { "shop": null, "name": null }, "geometry": { "type": "Point", "coordinates": [ 77.5289069, 13.0511132 ] } },
{ "type": "Feature", "properties": { "shop": null, "name": null }, "geometry": { "type": "Point", "coordinates": [ 77.528942, 13.0510492 ] } },
{ "type": "Feature", "properties": { "shop": null, "name": null }, "geometry": { "type": "Point", "coordinates": [ 77.5290364, 13.051184 ] } },
{ "type": "Feature", "properties": { "shop": null, "name": null }, "geometry": { "type": "Point", "coordinates": [ 77.5290426, 13.0511051 ] } },
{ "type": "Feature", "properties": { "shop": null, "name": null }, "geometry": { "type": "Point", "coordinates": [ 77.5290964, 13.0511349 ] } },
{ "type": "Feature", "properties": { "shop": null, "name": null }, "geometry": { "type": "Point", "coordinates": [ 77.5290973, 13.0510561 ] } },
{ "type": "Feature", "properties": { "shop": null, "name": null }, "geometry": { "type": "Point", "coordinates": [ 77.5291515, 13.0510896 ] } },
{ "type": "Feature", "properties": { "shop": null, "name": null }, "geometry": { "type": "Point", "coordinates": [ 77.5776812, 13.0369323 ] } },
{ "type": "Feature", "properties": { "shop": null, "name": null }, "geometry": { "type": "Point", "coordinates": [ 77.5774775, 13.0368499 ] } },
{ "type": "Feature", "properties": { "shop": null, "name": null }, "geometry": { "type": "Point", "coordinates": [ 77.5774784, 13.0369342 ] } },
{ "type": "Feature", "properties": { "shop": null, "name": null }, "geometry": { "type": "Point", "coordinates": [ 77.5776803, 13.036848 ] } },
{ "type": "Feature", "properties": { "shop": null, "name": null }, "geometry": { "type": "Point", "coordinates": [ 77.5551313, 13.0695653 ] } },
{ "type": "Feature", "properties": { "shop": null, "name": null }, "geometry": { "type": "Point", "coordinates": [ 77.555231, 13.0697546 ] } },
{ "type": "Feature", "properties": { "shop": null, "name": null }, "geometry": { "type": "Point", "coordinates": [ 77.5554303, 13.0696773 ] } },
{ "type": "Feature", "properties": { "shop": null, "name": null }, "geometry": { "type": "Point", "coordinates": [ 77.5553214, 13.0694704 ] } },
{ "type": "Feature", "properties": { "shop": null, "name": null }, "geometry": { "type": "Point", "coordinates": [ 77.5553866, 13.0696991 ] } },
{ "type": "Feature", "properties": { "shop": null, "name": null }, "geometry": { "type": "Point", "coordinates": [ 77.5553774, 13.0696815 ] } },
{ "type": "Feature", "properties": { "shop": null, "name": null }, "geometry": { "type": "Point", "coordinates": [ 77.5740985, 13.0982803 ] } },
{ "type": "Feature", "properties": { "shop": null, "name": null }, "geometry": { "type": "Point", "coordinates": [ 77.5742728, 13.0986514 ] } },
{ "type": "Feature", "properties": { "shop": null, "name": null }, "geometry": { "type": "Point", "coordinates": [ 77.574423, 13.09862 ] } },
{ "type": "Feature", "properties": { "shop": null, "name": null }, "geometry": { "type": "Point", "coordinates": [ 77.5743466, 13.098232 ] } },
{ "type": "Feature", "properties": { "shop": null, "name": null }, "geometry": { "type": "Point", "coordinates": [ 77.5742255, 13.0985889 ] } },
{ "type": "Feature", "properties": { "shop": null, "name": null }, "geometry": { "type": "Point", "coordinates": [ 77.5742161, 13.0985249 ] } },
{ "type": "Feature", "properties": { "shop": null, "name": null }, "geometry": { "type": "Point", "coordinates": [ 77.5741155, 13.0983538 ] } },
{ "type": "Feature", "properties": { "shop": null, "name": null }, "geometry": { "type": "Point", "coordinates": [ 77.5848156, 13.0980493 ] } },
{ "type": "Feature", "properties": { "shop": null, "name": null }, "geometry": { "type": "Point", "coordinates": [ 77.5846094, 13.0981351 ] } },
{ "type": "Feature", "properties": { "shop": null, "name": null }, "geometry": { "type": "Point", "coordinates": [ 77.5848699, 13.0981731 ] } },
{ "type": "Feature", "properties": { "shop": null, "name": null }, "geometry": { "type": "Point", "coordinates": [ 77.5846637, 13.0982588 ] } },
{ "type": "Feature", "properties": { "shop": null, "name": null }, "geometry": { "type": "Point", "coordinates": [ 77.5861949, 13.0998479 ] } },
{ "type": "Feature", "properties": { "shop": null, "name": null }, "geometry": { "type": "Point", "coordinates": [ 77.5856585, 13.0998871 ] } },
{ "type": "Feature", "properties": { "shop": null, "name": null }, "geometry": { "type": "Point", "coordinates": [ 77.586683, 13.0998871 ] } },
{ "type": "Feature", "properties": { "shop": null, "name": null }, "geometry": { "type": "Point", "coordinates": [ 77.5854022, 13.0999576 ] } },
{ "type": "Feature", "properties": { "shop": null, "name": null }, "geometry": { "type": "Point", "coordinates": [ 77.587029, 13.1000125 ] } },
{ "type": "Feature", "properties": { "shop": null, "name": null }, "geometry": { "type": "Point", "coordinates": [ 77.58605, 13.1007231 ] } },
{ "type": "Feature", "properties": { "shop": null, "name": null }, "geometry": { "type": "Point", "coordinates": [ 77.5862324, 13.1007231 ] } },
{ "type": "Feature", "properties": { "shop": null, "name": null }, "geometry": { "type": "Point", "coordinates": [ 77.5864094, 13.100744 ] } },
{ "type": "Feature", "properties": { "shop": null, "name": null }, "geometry": { "type": "Point", "coordinates": [ 77.5857684, 13.1007846 ] } },
{ "type": "Feature", "properties": { "shop": null, "name": null }, "geometry": { "type": "Point", "coordinates": [ 77.5866669, 13.1008145 ] } },
{ "type": "Feature", "properties": { "shop": null, "name": null }, "geometry": { "type": "Point", "coordinates": [ 77.5856776, 13.1005796 ] } },
{ "type": "Feature", "properties": { "shop": null, "name": null }, "geometry": { "type": "Point", "coordinates": [ 77.5856697, 13.1005617 ] } },
{ "type": "Feature", "properties": { "shop": null, "name": null }, "geometry": { "type": "Point", "coordinates": [ 77.5854866, 13.1001481 ] } },
{ "type": "Feature", "properties": { "shop": null, "name": null }, "geometry": { "type": "Point", "coordinates": [ 77.5732744, 13.1148215 ] } },
{ "type": "Feature", "properties": { "shop": null, "name": null }, "geometry": { "type": "Point", "coordinates": [ 77.5734615, 13.1148228 ] } },
{ "type": "Feature", "properties": { "shop": null, "name": null }, "geometry": { "type": "Point", "coordinates": [ 77.5734596, 13.1150819 ] } },
{ "type": "Feature", "properties": { "shop": null, "name": null }, "geometry": { "type": "Point", "coordinates": [ 77.5732725, 13.1150806 ] } },
{ "type": "Feature", "properties": { "shop": null, "name": null }, "geometry": { "type": "Point", "coordinates": [ 77.6393324, 13.0278782 ] } },
{ "type": "Feature", "properties": { "shop": null, "name": null }, "geometry": { "type": "Point", "coordinates": [ 77.6394782, 13.0278648 ] } },
{ "type": "Feature", "properties": { "shop": null, "name": null }, "geometry": { "type": "Point", "coordinates": [ 77.6393405, 13.0279624 ] } },
{ "type": "Feature", "properties": { "shop": null, "name": null }, "geometry": { "type": "Point", "coordinates": [ 77.6394863, 13.027949 ] } },
{ "type": "Feature", "properties": { "shop": null, "name": null }, "geometry": { "type": "Point", "coordinates": [ 77.6295089, 13.0566596 ] } },
{ "type": "Feature", "properties": { "shop": null, "name": null }, "geometry": { "type": "Point", "coordinates": [ 77.6295815, 13.0568337 ] } },
{ "type": "Feature", "properties": { "shop": null, "name": null }, "geometry": { "type": "Point", "coordinates": [ 77.6297312, 13.0567745 ] } },
{ "type": "Feature", "properties": { "shop": null, "name": null }, "geometry": { "type": "Point", "coordinates": [ 77.6296586, 13.0566003 ] } },
{ "type": "Feature", "properties": { "shop": null, "name": null }, "geometry": { "type": "Point", "coordinates": [ 77.6420994, 13.0604032 ] } },
{ "type": "Feature", "properties": { "shop": null, "name": null }, "geometry": { "type": "Point", "coordinates": [ 77.6421998, 13.0604088 ] } },
{ "type": "Feature", "properties": { "shop": null, "name": null }, "geometry": { "type": "Point", "coordinates": [ 77.642193, 13.0605231 ] } },
{ "type": "Feature", "properties": { "shop": null, "name": null }, "geometry": { "type": "Point", "coordinates": [ 77.6420927, 13.0605174 ] } },
{ "type": "Feature", "properties": { "shop": null, "name": null }, "geometry": { "type": "Point", "coordinates": [ 77.6924627, 13.0200207 ] } },
{ "type": "Feature", "properties": { "shop": null, "name": null }, "geometry": { "type": "Point", "coordinates": [ 77.6923388, 13.0200312 ] } },
{ "type": "Feature", "properties": { "shop": null, "name": null }, "geometry": { "type": "Point", "coordinates": [ 77.6923188, 13.0198083 ] } },
{ "type": "Feature", "properties": { "shop": null, "name": null }, "geometry": { "type": "Point", "coordinates": [ 77.6924426, 13.0197977 ] } },
{ "type": "Feature", "properties": { "shop": null, "name": null }, "geometry": { "type": "Point", "coordinates": [ 77.6923628, 13.0200292 ] } },
{ "type": "Feature", "properties": { "shop": null, "name": null }, "geometry": { "type": "Point", "coordinates": [ 77.7702127, 13.0584323 ] } },
{ "type": "Feature", "properties": { "shop": null, "name": null }, "geometry": { "type": "Point", "coordinates": [ 77.7702442, 13.0584731 ] } },
{ "type": "Feature", "properties": { "shop": null, "name": null }, "geometry": { "type": "Point", "coordinates": [ 77.770274, 13.0584513 ] } },
{ "type": "Feature", "properties": { "shop": null, "name": null }, "geometry": { "type": "Point", "coordinates": [ 77.7702424, 13.0584104 ] } }
]
}
